[
    {
        "pk": 22, 
        "model": "auth.permission", 
        "fields": {
            "codename": "add_logentry", 
            "name": "Can add log entry", 
            "content_type": 8
        }
    }, 
    {
        "pk": 23, 
        "model": "auth.permission", 
        "fields": {
            "codename": "change_logentry", 
            "name": "Can change log entry", 
            "content_type": 8
        }
    }, 
    {
        "pk": 24, 
        "model": "auth.permission", 
        "fields": {
            "codename": "delete_logentry", 
            "name": "Can delete log entry", 
            "content_type": 8
        }
    }, 
    {
        "pk": 4, 
        "model": "auth.permission", 
        "fields": {
            "codename": "add_group", 
            "name": "Can add group", 
            "content_type": 2
        }
    }, 
    {
        "pk": 10, 
        "model": "auth.permission", 
        "fields": {
            "codename": "add_message", 
            "name": "Can add message", 
            "content_type": 4
        }
    }, 
    {
        "pk": 1, 
        "model": "auth.permission", 
        "fields": {
            "codename": "add_permission", 
            "name": "Can add permission", 
            "content_type": 1
        }
    }, 
    {
        "pk": 7, 
        "model": "auth.permission", 
        "fields": {
            "codename": "add_user", 
            "name": "Can add user", 
            "content_type": 3
        }
    }, 
    {
        "pk": 5, 
        "model": "auth.permission", 
        "fields": {
            "codename": "change_group", 
            "name": "Can change group", 
            "content_type": 2
        }
    }, 
    {
        "pk": 11, 
        "model": "auth.permission", 
        "fields": {
            "codename": "change_message", 
            "name": "Can change message", 
            "content_type": 4
        }
    }, 
    {
        "pk": 2, 
        "model": "auth.permission", 
        "fields": {
            "codename": "change_permission", 
            "name": "Can change permission", 
            "content_type": 1
        }
    }, 
    {
        "pk": 8, 
        "model": "auth.permission", 
        "fields": {
            "codename": "change_user", 
            "name": "Can change user", 
            "content_type": 3
        }
    }, 
    {
        "pk": 6, 
        "model": "auth.permission", 
        "fields": {
            "codename": "delete_group", 
            "name": "Can delete group", 
            "content_type": 2
        }
    }, 
    {
        "pk": 12, 
        "model": "auth.permission", 
        "fields": {
            "codename": "delete_message", 
            "name": "Can delete message", 
            "content_type": 4
        }
    }, 
    {
        "pk": 3, 
        "model": "auth.permission", 
        "fields": {
            "codename": "delete_permission", 
            "name": "Can delete permission", 
            "content_type": 1
        }
    }, 
    {
        "pk": 9, 
        "model": "auth.permission", 
        "fields": {
            "codename": "delete_user", 
            "name": "Can delete user", 
            "content_type": 3
        }
    }, 
    {
        "pk": 13, 
        "model": "auth.permission", 
        "fields": {
            "codename": "add_contenttype", 
            "name": "Can add content type", 
            "content_type": 5
        }
    }, 
    {
        "pk": 14, 
        "model": "auth.permission", 
        "fields": {
            "codename": "change_contenttype", 
            "name": "Can change content type", 
            "content_type": 5
        }
    }, 
    {
        "pk": 15, 
        "model": "auth.permission", 
        "fields": {
            "codename": "delete_contenttype", 
            "name": "Can delete content type", 
            "content_type": 5
        }
    }, 
    {
        "pk": 37, 
        "model": "auth.permission", 
        "fields": {
            "codename": "add_dontsendentry", 
            "name": "Can add don't send entry", 
            "content_type": 13
        }
    }, 
    {
        "pk": 34, 
        "model": "auth.permission", 
        "fields": {
            "codename": "add_message", 
            "name": "Can add message", 
            "content_type": 12
        }
    }, 
    {
        "pk": 40, 
        "model": "auth.permission", 
        "fields": {
            "codename": "add_messagelog", 
            "name": "Can add message log", 
            "content_type": 14
        }
    }, 
    {
        "pk": 38, 
        "model": "auth.permission", 
        "fields": {
            "codename": "change_dontsendentry", 
            "name": "Can change don't send entry", 
            "content_type": 13
        }
    }, 
    {
        "pk": 35, 
        "model": "auth.permission", 
        "fields": {
            "codename": "change_message", 
            "name": "Can change message", 
            "content_type": 12
        }
    }, 
    {
        "pk": 41, 
        "model": "auth.permission", 
        "fields": {
            "codename": "change_messagelog", 
            "name": "Can change message log", 
            "content_type": 14
        }
    }, 
    {
        "pk": 39, 
        "model": "auth.permission", 
        "fields": {
            "codename": "delete_dontsendentry", 
            "name": "Can delete don't send entry", 
            "content_type": 13
        }
    }, 
    {
        "pk": 36, 
        "model": "auth.permission", 
        "fields": {
            "codename": "delete_message", 
            "name": "Can delete message", 
            "content_type": 12
        }
    }, 
    {
        "pk": 42, 
        "model": "auth.permission", 
        "fields": {
            "codename": "delete_messagelog", 
            "name": "Can delete message log", 
            "content_type": 14
        }
    }, 
    {
        "pk": 64, 
        "model": "auth.permission", 
        "fields": {
            "codename": "add_news", 
            "name": "Can add Og\u0142oszenie", 
            "content_type": 22
        }
    }, 
    {
        "pk": 65, 
        "model": "auth.permission", 
        "fields": {
            "codename": "change_news", 
            "name": "Can change Og\u0142oszenie", 
            "content_type": 22
        }
    }, 
    {
        "pk": 66, 
        "model": "auth.permission", 
        "fields": {
            "codename": "delete_news", 
            "name": "Can delete Og\u0142oszenie", 
            "content_type": 22
        }
    }, 
    {
        "pk": 61, 
        "model": "auth.permission", 
        "fields": {
            "codename": "add_book", 
            "name": "Can add ksi\u0105\u017cka", 
            "content_type": 21
        }
    }, 
    {
        "pk": 52, 
        "model": "auth.permission", 
        "fields": {
            "codename": "add_proposal", 
            "name": "Can add przedmiot", 
            "content_type": 18
        }
    }, 
    {
        "pk": 58, 
        "model": "auth.permission", 
        "fields": {
            "codename": "add_proposaldescription", 
            "name": "Can add opis przedmiotu", 
            "content_type": 20
        }
    }, 
    {
        "pk": 55, 
        "model": "auth.permission", 
        "fields": {
            "codename": "add_proposaldescriptiontag", 
            "name": "Can add etykieta opisu przedmiotu", 
            "content_type": 19
        }
    }, 
    {
        "pk": 49, 
        "model": "auth.permission", 
        "fields": {
            "codename": "add_proposaltag", 
            "name": "Can add etykieta przedmiotu", 
            "content_type": 17
        }
    }, 
    {
        "pk": 62, 
        "model": "auth.permission", 
        "fields": {
            "codename": "change_book", 
            "name": "Can change ksi\u0105\u017cka", 
            "content_type": 21
        }
    }, 
    {
        "pk": 53, 
        "model": "auth.permission", 
        "fields": {
            "codename": "change_proposal", 
            "name": "Can change przedmiot", 
            "content_type": 18
        }
    }, 
    {
        "pk": 59, 
        "model": "auth.permission", 
        "fields": {
            "codename": "change_proposaldescription", 
            "name": "Can change opis przedmiotu", 
            "content_type": 20
        }
    }, 
    {
        "pk": 56, 
        "model": "auth.permission", 
        "fields": {
            "codename": "change_proposaldescriptiontag", 
            "name": "Can change etykieta opisu przedmiotu", 
            "content_type": 19
        }
    }, 
    {
        "pk": 50, 
        "model": "auth.permission", 
        "fields": {
            "codename": "change_proposaltag", 
            "name": "Can change etykieta przedmiotu", 
            "content_type": 17
        }
    }, 
    {
        "pk": 63, 
        "model": "auth.permission", 
        "fields": {
            "codename": "delete_book", 
            "name": "Can delete ksi\u0105\u017cka", 
            "content_type": 21
        }
    }, 
    {
        "pk": 54, 
        "model": "auth.permission", 
        "fields": {
            "codename": "delete_proposal", 
            "name": "Can delete przedmiot", 
            "content_type": 18
        }
    }, 
    {
        "pk": 60, 
        "model": "auth.permission", 
        "fields": {
            "codename": "delete_proposaldescription", 
            "name": "Can delete opis przedmiotu", 
            "content_type": 20
        }
    }, 
    {
        "pk": 57, 
        "model": "auth.permission", 
        "fields": {
            "codename": "delete_proposaldescriptiontag", 
            "name": "Can delete etykieta opisu przedmiotu", 
            "content_type": 19
        }
    }, 
    {
        "pk": 51, 
        "model": "auth.permission", 
        "fields": {
            "codename": "delete_proposaltag", 
            "name": "Can delete etykieta przedmiotu", 
            "content_type": 17
        }
    }, 
    {
        "pk": 91, 
        "model": "auth.permission", 
        "fields": {
            "codename": "add_record", 
            "name": "Can add zapis", 
            "content_type": 31
        }
    }, 
    {
        "pk": 92, 
        "model": "auth.permission", 
        "fields": {
            "codename": "change_record", 
            "name": "Can change zapis", 
            "content_type": 31
        }
    }, 
    {
        "pk": 93, 
        "model": "auth.permission", 
        "fields": {
            "codename": "delete_record", 
            "name": "Can delete zapis", 
            "content_type": 31
        }
    }, 
    {
        "pk": 16, 
        "model": "auth.permission", 
        "fields": {
            "codename": "add_session", 
            "name": "Can add session", 
            "content_type": 6
        }
    }, 
    {
        "pk": 17, 
        "model": "auth.permission", 
        "fields": {
            "codename": "change_session", 
            "name": "Can change session", 
            "content_type": 6
        }
    }, 
    {
        "pk": 18, 
        "model": "auth.permission", 
        "fields": {
            "codename": "delete_session", 
            "name": "Can delete session", 
            "content_type": 6
        }
    }, 
    {
        "pk": 19, 
        "model": "auth.permission", 
        "fields": {
            "codename": "add_site", 
            "name": "Can add site", 
            "content_type": 7
        }
    }, 
    {
        "pk": 20, 
        "model": "auth.permission", 
        "fields": {
            "codename": "change_site", 
            "name": "Can change site", 
            "content_type": 7
        }
    }, 
    {
        "pk": 21, 
        "model": "auth.permission", 
        "fields": {
            "codename": "delete_site", 
            "name": "Can delete site", 
            "content_type": 7
        }
    }, 
    {
        "pk": 25, 
        "model": "auth.permission", 
        "fields": {
            "codename": "add_migrationhistory", 
            "name": "Can add migration history", 
            "content_type": 9
        }
    }, 
    {
        "pk": 26, 
        "model": "auth.permission", 
        "fields": {
            "codename": "change_migrationhistory", 
            "name": "Can change migration history", 
            "content_type": 9
        }
    }, 
    {
        "pk": 27, 
        "model": "auth.permission", 
        "fields": {
            "codename": "delete_migrationhistory", 
            "name": "Can delete migration history", 
            "content_type": 9
        }
    }, 
    {
        "pk": 85, 
        "model": "auth.permission", 
        "fields": {
            "codename": "add_book", 
            "name": "Can add ksi\u0105\u017cka", 
            "content_type": 29
        }
    }, 
    {
        "pk": 79, 
        "model": "auth.permission", 
        "fields": {
            "codename": "add_classroom", 
            "name": "Can add sala", 
            "content_type": 27
        }
    }, 
    {
        "pk": 76, 
        "model": "auth.permission", 
        "fields": {
            "codename": "add_group", 
            "name": "Can add grupa", 
            "content_type": 26
        }
    }, 
    {
        "pk": 88, 
        "model": "auth.permission", 
        "fields": {
            "codename": "add_semester", 
            "name": "Can add semestr", 
            "content_type": 30
        }
    }, 
    {
        "pk": 70, 
        "model": "auth.permission", 
        "fields": {
            "codename": "add_subject", 
            "name": "Can add przedmiot", 
            "content_type": 24
        }
    }, 
    {
        "pk": 67, 
        "model": "auth.permission", 
        "fields": {
            "codename": "add_subjectentity", 
            "name": "Can add encja przedmiotu", 
            "content_type": 23
        }
    }, 
    {
        "pk": 82, 
        "model": "auth.permission", 
        "fields": {
            "codename": "add_term", 
            "name": "Can add termin", 
            "content_type": 28
        }
    }, 
    {
        "pk": 73, 
        "model": "auth.permission", 
        "fields": {
            "codename": "add_type", 
            "name": "Can add rodzaj", 
            "content_type": 25
        }
    }, 
    {
        "pk": 86, 
        "model": "auth.permission", 
        "fields": {
            "codename": "change_book", 
            "name": "Can change ksi\u0105\u017cka", 
            "content_type": 29
        }
    }, 
    {
        "pk": 80, 
        "model": "auth.permission", 
        "fields": {
            "codename": "change_classroom", 
            "name": "Can change sala", 
            "content_type": 27
        }
    }, 
    {
        "pk": 77, 
        "model": "auth.permission", 
        "fields": {
            "codename": "change_group", 
            "name": "Can change grupa", 
            "content_type": 26
        }
    }, 
    {
        "pk": 89, 
        "model": "auth.permission", 
        "fields": {
            "codename": "change_semester", 
            "name": "Can change semestr", 
            "content_type": 30
        }
    }, 
    {
        "pk": 71, 
        "model": "auth.permission", 
        "fields": {
            "codename": "change_subject", 
            "name": "Can change przedmiot", 
            "content_type": 24
        }
    }, 
    {
        "pk": 68, 
        "model": "auth.permission", 
        "fields": {
            "codename": "change_subjectentity", 
            "name": "Can change encja przedmiotu", 
            "content_type": 23
        }
    }, 
    {
        "pk": 83, 
        "model": "auth.permission", 
        "fields": {
            "codename": "change_term", 
            "name": "Can change termin", 
            "content_type": 28
        }
    }, 
    {
        "pk": 74, 
        "model": "auth.permission", 
        "fields": {
            "codename": "change_type", 
            "name": "Can change rodzaj", 
            "content_type": 25
        }
    }, 
    {
        "pk": 87, 
        "model": "auth.permission", 
        "fields": {
            "codename": "delete_book", 
            "name": "Can delete ksi\u0105\u017cka", 
            "content_type": 29
        }
    }, 
    {
        "pk": 81, 
        "model": "auth.permission", 
        "fields": {
            "codename": "delete_classroom", 
            "name": "Can delete sala", 
            "content_type": 27
        }
    }, 
    {
        "pk": 78, 
        "model": "auth.permission", 
        "fields": {
            "codename": "delete_group", 
            "name": "Can delete grupa", 
            "content_type": 26
        }
    }, 
    {
        "pk": 90, 
        "model": "auth.permission", 
        "fields": {
            "codename": "delete_semester", 
            "name": "Can delete semestr", 
            "content_type": 30
        }
    }, 
    {
        "pk": 72, 
        "model": "auth.permission", 
        "fields": {
            "codename": "delete_subject", 
            "name": "Can delete przedmiot", 
            "content_type": 24
        }
    }, 
    {
        "pk": 69, 
        "model": "auth.permission", 
        "fields": {
            "codename": "delete_subjectentity", 
            "name": "Can delete encja przedmiotu", 
            "content_type": 23
        }
    }, 
    {
        "pk": 84, 
        "model": "auth.permission", 
        "fields": {
            "codename": "delete_term", 
            "name": "Can delete termin", 
            "content_type": 28
        }
    }, 
    {
        "pk": 75, 
        "model": "auth.permission", 
        "fields": {
            "codename": "delete_type", 
            "name": "Can delete rodzaj", 
            "content_type": 25
        }
    }, 
    {
        "pk": 43, 
        "model": "auth.permission", 
        "fields": {
            "codename": "add_employee", 
            "name": "Can add employee", 
            "content_type": 15
        }
    }, 
    {
        "pk": 46, 
        "model": "auth.permission", 
        "fields": {
            "codename": "add_student", 
            "name": "Can add student", 
            "content_type": 16
        }
    }, 
    {
        "pk": 44, 
        "model": "auth.permission", 
        "fields": {
            "codename": "change_employee", 
            "name": "Can change employee", 
            "content_type": 15
        }
    }, 
    {
        "pk": 47, 
        "model": "auth.permission", 
        "fields": {
            "codename": "change_student", 
            "name": "Can change student", 
            "content_type": 16
        }
    }, 
    {
        "pk": 45, 
        "model": "auth.permission", 
        "fields": {
            "codename": "delete_employee", 
            "name": "Can delete employee", 
            "content_type": 15
        }
    }, 
    {
        "pk": 48, 
        "model": "auth.permission", 
        "fields": {
            "codename": "delete_student", 
            "name": "Can delete student", 
            "content_type": 16
        }
    }, 
    {
        "pk": 31, 
        "model": "auth.permission", 
        "fields": {
            "codename": "add_singlevote", 
            "name": "Can add pojedynczy g\u0142os", 
            "content_type": 11
        }
    }, 
    {
        "pk": 28, 
        "model": "auth.permission", 
        "fields": {
            "codename": "add_systemstate", 
            "name": "Can add ustawienia g\u0142osowania", 
            "content_type": 10
        }
    }, 
    {
        "pk": 32, 
        "model": "auth.permission", 
        "fields": {
            "codename": "change_singlevote", 
            "name": "Can change pojedynczy g\u0142os", 
            "content_type": 11
        }
    }, 
    {
        "pk": 29, 
        "model": "auth.permission", 
        "fields": {
            "codename": "change_systemstate", 
            "name": "Can change ustawienia g\u0142osowania", 
            "content_type": 10
        }
    }, 
    {
        "pk": 33, 
        "model": "auth.permission", 
        "fields": {
            "codename": "delete_singlevote", 
            "name": "Can delete pojedynczy g\u0142os", 
            "content_type": 11
        }
    }, 
    {
        "pk": 30, 
        "model": "auth.permission", 
        "fields": {
            "codename": "delete_systemstate", 
            "name": "Can delete ustawienia g\u0142osowania", 
            "content_type": 10
        }
    }, 
    {
        "pk": 1, 
        "model": "auth.user", 
        "fields": {
            "username": "admin", 
            "first_name": "", 
            "last_name": "", 
            "is_active": true, 
            "is_superuser": true, 
            "is_staff": true, 
            "last_login": "2010-05-16 17:06:07", 
            "groups": [], 
            "user_permissions": [], 
            "password": "sha1$e5cb8$5a29b3d14925cbce6e3bafb9670db20529faf1ee", 
            "email": "admin@wp.pl", 
            "date_joined": "2010-05-16 16:59:44"
        }
    }, 
    {
        "pk": 2, 
        "model": "auth.user", 
        "fields": {
            "username": "PKA", 
            "first_name": "", 
            "last_name": "", 
            "is_active": true, 
            "is_superuser": false, 
            "is_staff": false, 
            "last_login": "2010-05-16 17:06:32", 
            "groups": [], 
            "user_permissions": [], 
            "password": "sha1$11e21$70a1ab4ac5bc3cd476b1ac8c70953ac79d383c2e", 
            "email": "", 
            "date_joined": "2010-05-16 17:06:32"
        }
    }, 
    {
        "pk": 3, 
        "model": "auth.user", 
        "fields": {
            "username": "TWI", 
            "first_name": "", 
            "last_name": "", 
            "is_active": true, 
            "is_superuser": false, 
            "is_staff": false, 
            "last_login": "2010-05-16 17:06:49", 
            "groups": [], 
            "user_permissions": [], 
            "password": "sha1$00442$c7ce09a6a9c1d5a3c3125e909a41f064442075c8", 
            "email": "", 
            "date_joined": "2010-05-16 17:06:49"
        }
    }, 
    {
        "pk": 4, 
        "model": "auth.user", 
        "fields": {
            "username": "KLO", 
            "first_name": "", 
            "last_name": "", 
            "is_active": true, 
            "is_superuser": false, 
            "is_staff": false, 
            "last_login": "2010-05-16 17:06:58", 
            "groups": [], 
            "user_permissions": [], 
            "password": "sha1$f98e8$08631ef45f45f81b787664d190313c4cd9e5ba18", 
            "email": "", 
            "date_joined": "2010-05-16 17:06:58"
        }
    }, 
    {
        "pk": 5, 
        "model": "auth.user", 
        "fields": {
            "username": "walu", 
            "first_name": "", 
            "last_name": "", 
            "is_active": true, 
            "is_superuser": false, 
            "is_staff": false, 
            "last_login": "2010-05-16 17:07:08", 
            "groups": [], 
            "user_permissions": [], 
            "password": "sha1$f2ede$2239b5d8ca07da2e374f4ec4f22de4fff52cf38a", 
            "email": "", 
            "date_joined": "2010-05-16 17:07:08"
        }
    }, 
    {
        "pk": 22, 
        "model": "contenttypes.contenttype", 
        "fields": {
            "model": "news", 
            "name": "Og\u0142oszenie", 
            "app_label": "news"
        }
    }, 
    {
        "pk": 5, 
        "model": "contenttypes.contenttype", 
        "fields": {
            "model": "contenttype", 
            "name": "content type", 
            "app_label": "contenttypes"
        }
    }, 
    {
        "pk": 13, 
        "model": "contenttypes.contenttype", 
        "fields": {
            "model": "dontsendentry", 
            "name": "don't send entry", 
            "app_label": "mailer"
        }
    }, 
    {
        "pk": 15, 
        "model": "contenttypes.contenttype", 
        "fields": {
            "model": "employee", 
            "name": "employee", 
            "app_label": "users"
        }
    }, 
    {
        "pk": 23, 
        "model": "contenttypes.contenttype", 
        "fields": {
            "model": "subjectentity", 
            "name": "encja przedmiotu", 
            "app_label": "subjects"
        }
    }, 
    {
        "pk": 19, 
        "model": "contenttypes.contenttype", 
        "fields": {
            "model": "proposaldescriptiontag", 
            "name": "etykieta opisu przedmiotu", 
            "app_label": "proposal"
        }
    }, 
    {
        "pk": 17, 
        "model": "contenttypes.contenttype", 
        "fields": {
            "model": "proposaltag", 
            "name": "etykieta przedmiotu", 
            "app_label": "proposal"
        }
    }, 
    {
        "pk": 2, 
        "model": "contenttypes.contenttype", 
        "fields": {
            "model": "group", 
            "name": "group", 
            "app_label": "auth"
        }
    }, 
    {
        "pk": 26, 
        "model": "contenttypes.contenttype", 
        "fields": {
            "model": "group", 
            "name": "grupa", 
            "app_label": "subjects"
        }
    }, 
    {
        "pk": 21, 
        "model": "contenttypes.contenttype", 
        "fields": {
            "model": "book", 
            "name": "ksi\u0105\u017cka", 
            "app_label": "proposal"
        }
    }, 
    {
        "pk": 29, 
        "model": "contenttypes.contenttype", 
        "fields": {
            "model": "book", 
            "name": "ksi\u0105\u017cka", 
            "app_label": "subjects"
        }
    }, 
    {
        "pk": 8, 
        "model": "contenttypes.contenttype", 
        "fields": {
            "model": "logentry", 
            "name": "log entry", 
            "app_label": "admin"
        }
    }, 
    {
        "pk": 4, 
        "model": "contenttypes.contenttype", 
        "fields": {
            "model": "message", 
            "name": "message", 
            "app_label": "auth"
        }
    }, 
    {
        "pk": 12, 
        "model": "contenttypes.contenttype", 
        "fields": {
            "model": "message", 
            "name": "message", 
            "app_label": "mailer"
        }
    }, 
    {
        "pk": 14, 
        "model": "contenttypes.contenttype", 
        "fields": {
            "model": "messagelog", 
            "name": "message log", 
            "app_label": "mailer"
        }
    }, 
    {
        "pk": 9, 
        "model": "contenttypes.contenttype", 
        "fields": {
            "model": "migrationhistory", 
            "name": "migration history", 
            "app_label": "south"
        }
    }, 
    {
        "pk": 20, 
        "model": "contenttypes.contenttype", 
        "fields": {
            "model": "proposaldescription", 
            "name": "opis przedmiotu", 
            "app_label": "proposal"
        }
    }, 
    {
        "pk": 1, 
        "model": "contenttypes.contenttype", 
        "fields": {
            "model": "permission", 
            "name": "permission", 
            "app_label": "auth"
        }
    }, 
    {
        "pk": 11, 
        "model": "contenttypes.contenttype", 
        "fields": {
            "model": "singlevote", 
            "name": "pojedynczy g\u0142os", 
            "app_label": "vote"
        }
    }, 
    {
        "pk": 18, 
        "model": "contenttypes.contenttype", 
        "fields": {
            "model": "proposal", 
            "name": "przedmiot", 
            "app_label": "proposal"
        }
    }, 
    {
        "pk": 24, 
        "model": "contenttypes.contenttype", 
        "fields": {
            "model": "subject", 
            "name": "przedmiot", 
            "app_label": "subjects"
        }
    }, 
    {
        "pk": 25, 
        "model": "contenttypes.contenttype", 
        "fields": {
            "model": "type", 
            "name": "rodzaj", 
            "app_label": "subjects"
        }
    }, 
    {
        "pk": 27, 
        "model": "contenttypes.contenttype", 
        "fields": {
            "model": "classroom", 
            "name": "sala", 
            "app_label": "subjects"
        }
    }, 
    {
        "pk": 30, 
        "model": "contenttypes.contenttype", 
        "fields": {
            "model": "semester", 
            "name": "semestr", 
            "app_label": "subjects"
        }
    }, 
    {
        "pk": 6, 
        "model": "contenttypes.contenttype", 
        "fields": {
            "model": "session", 
            "name": "session", 
            "app_label": "sessions"
        }
    }, 
    {
        "pk": 7, 
        "model": "contenttypes.contenttype", 
        "fields": {
            "model": "site", 
            "name": "site", 
            "app_label": "sites"
        }
    }, 
    {
        "pk": 16, 
        "model": "contenttypes.contenttype", 
        "fields": {
            "model": "student", 
            "name": "student", 
            "app_label": "users"
        }
    }, 
    {
        "pk": 28, 
        "model": "contenttypes.contenttype", 
        "fields": {
            "model": "term", 
            "name": "termin", 
            "app_label": "subjects"
        }
    }, 
    {
        "pk": 3, 
        "model": "contenttypes.contenttype", 
        "fields": {
            "model": "user", 
            "name": "user", 
            "app_label": "auth"
        }
    }, 
    {
        "pk": 10, 
        "model": "contenttypes.contenttype", 
        "fields": {
            "model": "systemstate", 
            "name": "ustawienia g\u0142osowania", 
            "app_label": "vote"
        }
    }, 
    {
        "pk": 31, 
        "model": "contenttypes.contenttype", 
        "fields": {
            "model": "record", 
            "name": "zapis", 
            "app_label": "records"
        }
    }, 
    {
        "pk": "daf5b8d57c8c144c40a5872f51e97114", 
        "model": "sessions.session", 
        "fields": {
            "expire_date": "2010-05-30 17:06:08", 
            "session_data": "gAJ9cQEoVRJfYXV0aF91c2VyX2JhY2tlbmRxAlUpZGphbmdvLmNvbnRyaWIuYXV0aC5iYWNrZW5k\ncy5Nb2RlbEJhY2tlbmRxA1UNX2F1dGhfdXNlcl9pZHEESwF1LjI4M2RkYzgyZDIyZTBiMmNkNzYz\nYWQ4ZTVjYmZkMzFi\n"
        }
    }, 
    {
        "pk": 1, 
        "model": "sites.site", 
        "fields": {
            "domain": "example.com", 
            "name": "example.com"
        }
    }, 
    {
        "pk": 9, 
        "model": "admin.logentry", 
        "fields": {
            "action_flag": 2, 
            "action_time": "2010-05-16 17:08:06", 
            "object_repr": "walu", 
            "object_id": "1", 
            "change_message": "\u017badne pole nie zmienione.", 
            "user": 1, 
            "content_type": 16
        }
    }, 
    {
        "pk": 8, 
        "model": "admin.logentry", 
        "fields": {
            "action_flag": 2, 
            "action_time": "2010-05-16 17:07:50", 
            "object_repr": "TWI", 
            "object_id": "2", 
            "change_message": "Zmieniono first_name i last_name", 
            "user": 1, 
            "content_type": 15
        }
    }, 
    {
        "pk": 7, 
        "model": "admin.logentry", 
        "fields": {
            "action_flag": 2, 
            "action_time": "2010-05-16 17:07:43", 
            "object_repr": "PKA", 
            "object_id": "1", 
            "change_message": "Zmieniono first_name i last_name", 
            "user": 1, 
            "content_type": 15
        }
    }, 
    {
        "pk": 6, 
        "model": "admin.logentry", 
        "fields": {
            "action_flag": 2, 
            "action_time": "2010-05-16 17:07:35", 
            "object_repr": "TWI", 
            "object_id": "2", 
            "change_message": "\u017badne pole nie zmienione.", 
            "user": 1, 
            "content_type": 15
        }
    }, 
    {
        "pk": 5, 
        "model": "admin.logentry", 
        "fields": {
            "action_flag": 2, 
            "action_time": "2010-05-16 17:07:32", 
            "object_repr": "KLO", 
            "object_id": "3", 
            "change_message": "\u017badne pole nie zmienione.", 
            "user": 1, 
            "content_type": 15
        }
    }, 
    {
        "pk": 4, 
        "model": "admin.logentry", 
        "fields": {
            "action_flag": 1, 
            "action_time": "2010-05-16 17:07:08", 
            "object_repr": "walu", 
            "object_id": "5", 
            "change_message": "", 
            "user": 1, 
            "content_type": 3
        }
    }, 
    {
        "pk": 3, 
        "model": "admin.logentry", 
        "fields": {
            "action_flag": 1, 
            "action_time": "2010-05-16 17:06:58", 
            "object_repr": "KLO", 
            "object_id": "4", 
            "change_message": "", 
            "user": 1, 
            "content_type": 3
        }
    }, 
    {
        "pk": 2, 
        "model": "admin.logentry", 
        "fields": {
            "action_flag": 1, 
            "action_time": "2010-05-16 17:06:49", 
            "object_repr": "TWI", 
            "object_id": "3", 
            "change_message": "", 
            "user": 1, 
            "content_type": 3
        }
    }, 
    {
        "pk": 1, 
        "model": "admin.logentry", 
        "fields": {
            "action_flag": 1, 
            "action_time": "2010-05-16 17:06:32", 
            "object_repr": "PKA", 
            "object_id": "2", 
            "change_message": "", 
            "user": 1, 
            "content_type": 3
        }
    }, 
    {
        "pk": 1, 
        "model": "south.migrationhistory", 
        "fields": {
            "applied": "2010-05-16 15:02:53", 
            "app_name": "mailer", 
            "migration": "0001_initial"
        }
    }, 
    {
        "pk": 2, 
        "model": "south.migrationhistory", 
        "fields": {
            "applied": "2010-05-16 15:02:55", 
            "app_name": "users", 
            "migration": "0001_initial"
        }
    }, 
    {
        "pk": 3, 
        "model": "south.migrationhistory", 
        "fields": {
            "applied": "2010-05-16 15:02:56", 
            "app_name": "users", 
            "migration": "0002_auto__add_field_student_matricula"
        }
    }, 
    {
        "pk": 4, 
        "model": "south.migrationhistory", 
        "fields": {
            "applied": "2010-05-16 15:02:56", 
            "app_name": "users", 
            "migration": "0003_add_name"
        }
    }, 
    {
        "pk": 5, 
        "model": "south.migrationhistory", 
        "fields": {
            "applied": "2010-05-16 15:02:56", 
            "app_name": "users", 
            "migration": "0003_auto__add_field_employee_receive_mass_mail_offer"
        }
    }, 
    {
        "pk": 6, 
        "model": "south.migrationhistory", 
        "fields": {
            "applied": "2010-05-16 15:02:58", 
            "app_name": "proposal", 
            "migration": "0001_initial"
        }
    }, 
    {
        "pk": 7, 
        "model": "south.migrationhistory", 
        "fields": {
            "applied": "2010-05-16 15:03:00", 
            "app_name": "proposal", 
            "migration": "0002_auto__del_proposal__del_proposaldescription__add_proposal__add_proposa"
        }
    }, 
    {
        "pk": 8, 
        "model": "south.migrationhistory", 
        "fields": {
            "applied": "2010-05-16 15:03:01", 
            "app_name": "proposal", 
            "migration": "0003_issue41"
        }
    }, 
    {
        "pk": 9, 
        "model": "south.migrationhistory", 
        "fields": {
            "applied": "2010-05-16 15:03:03", 
            "app_name": "news", 
            "migration": "0001_initial"
        }
    }, 
    {
        "pk": 10, 
        "model": "south.migrationhistory", 
        "fields": {
            "applied": "2010-05-16 15:03:04", 
            "app_name": "news", 
            "migration": "0002_auto__chg_field_news_date"
        }
    }, 
    {
        "pk": 11, 
        "model": "south.migrationhistory", 
        "fields": {
            "applied": "2010-05-16 15:03:04", 
            "app_name": "news", 
            "migration": "0003_auto__add_field_news_author"
        }
    }, 
    {
        "pk": 12, 
        "model": "south.migrationhistory", 
        "fields": {
            "applied": "2010-05-16 15:03:10", 
            "app_name": "subjects", 
            "migration": "0001_initial"
        }
    }, 
    {
        "pk": 13, 
        "model": "south.migrationhistory", 
        "fields": {
            "applied": "2010-05-16 15:03:11", 
            "app_name": "subjects", 
            "migration": "0002_auto__del_subjectdescription__del_books__add_book__add_field_subject_d"
        }
    }, 
    {
        "pk": 14, 
        "model": "south.migrationhistory", 
        "fields": {
            "applied": "2010-05-16 15:03:12", 
            "app_name": "subjects", 
            "migration": "0003_auto__add_semester__add_field_subject_semester"
        }
    }, 
    {
        "pk": 15, 
        "model": "south.migrationhistory", 
        "fields": {
            "applied": "2010-05-16 15:03:12", 
            "app_name": "subjects", 
            "migration": "0004_auto__add_field_semester_visible"
        }
    }, 
    {
        "pk": 16, 
        "model": "south.migrationhistory", 
        "fields": {
            "applied": "2010-05-16 15:03:12", 
            "app_name": "subjects", 
            "migration": "0005_auto__add_type"
        }
    }, 
    {
        "pk": 17, 
        "model": "south.migrationhistory", 
        "fields": {
            "applied": "2010-05-16 15:03:13", 
            "app_name": "subjects", 
            "migration": "0006_auto__add_unique_type_name__add_field_subject_type"
        }
    }, 
    {
        "pk": 18, 
        "model": "south.migrationhistory", 
        "fields": {
            "applied": "2010-05-16 15:03:13", 
            "app_name": "subjects", 
            "migration": "0007_auto__add_subjectentity__add_field_subject_entity"
        }
    }, 
    {
        "pk": 19, 
        "model": "south.migrationhistory", 
        "fields": {
            "applied": "2010-05-16 15:03:13", 
            "app_name": "subjects", 
            "migration": "0008_create_subject_entities"
        }
    }, 
    {
        "pk": 20, 
        "model": "south.migrationhistory", 
        "fields": {
            "applied": "2010-05-16 15:03:21", 
            "app_name": "records", 
            "migration": "0001_initial"
        }
    }, 
    {
        "pk": 21, 
        "model": "south.migrationhistory", 
        "fields": {
            "applied": "2010-05-16 15:03:22", 
            "app_name": "records", 
            "migration": "0002_auto__add_field_record_status__chg_field_record_student"
        }
    }, 
    {
        "pk": 1, 
        "model": "users.employee", 
        "fields": {
            "first_name": "Przemka", 
            "last_name": "Kanarek", 
            "receive_mass_mail_offer": true, 
            "user": 2
        }
    }, 
    {
        "pk": 2, 
        "model": "users.employee", 
        "fields": {
            "first_name": "Tomasz", 
            "last_name": "W", 
            "receive_mass_mail_offer": true, 
            "user": 3
        }
    }, 
    {
        "pk": 3, 
        "model": "users.employee", 
        "fields": {
            "first_name": "Krzysztof", 
            "last_name": "Lory\u015b", 
            "receive_mass_mail_offer": true, 
            "user": 4
        }
    }, 
    {
        "pk": 1, 
        "model": "users.student", 
        "fields": {
            "matricula": "221135", 
            "first_name": "Piotr", 
            "last_name": "Walkowski", 
            "user": 5
        }
    }, 
    {
        "pk": 1, 
        "model": "subjects.subjectentity", 
        "fields": {
            "name": "Algorytmy i struktury danych"
        }
    }, 
    {
        "pk": 2, 
        "model": "subjects.subjectentity", 
        "fields": {
            "name": "Programowanie"
        }
    }, 
    {
        "pk": 3, 
        "model": "subjects.subjectentity", 
        "fields": {
            "name": "Bazy danych"
        }
    }, 
    {
        "pk": 1, 
        "model": "subjects.subject", 
        "fields": {
            "lectures": 30, 
            "description": "Opis", 
            "entity": 1, 
            "semester": 1, 
            "teachers": [
                3
            ], 
            "exercises": 30, 
            "laboratories": 30, 
            "type": 1, 
            "slug": "algorytmy-i-struktury-danych", 
            "name": "Algorytmy i struktury danych"
        }
    }, 
    {
        "pk": 2, 
        "model": "subjects.subject", 
        "fields": {
            "lectures": 30, 
            "description": "Wiadomo co ;-)", 
            "entity": 2, 
            "semester": 2, 
            "teachers": [
                1
            ], 
            "exercises": 30, 
            "laboratories": 45, 
            "type": 1, 
            "slug": "progmylove", 
            "name": "progmylove"
        }
    }, 
    {
        "pk": 1, 
        "model": "subjects.type", 
        "fields": {
            "name": "Obowiazki.O1"
        }
    }, 
    {
        "pk": 1, 
        "model": "subjects.group", 
        "fields": {
            "term": [
                1
            ], 
            "limit": 120, 
            "type": "2", 
            "teacher": 3, 
            "subject": 1
        }
    }, 
    {
        "pk": 2, 
        "model": "subjects.group", 
        "fields": {
            "term": [
                2
            ], 
            "limit": 25, 
            "type": "2", 
            "teacher": 2, 
            "subject": 1
        }
    }, 
    {
        "pk": 3, 
        "model": "subjects.group", 
        "fields": { 
            "term": [
                3
            ], 
            "limit": 120, 
            "type": "1", 
            "teacher": 3, 
            "subject": 1
        }
    }, 
    {
        "pk": 4, 
        "model": "subjects.group", 
        "fields": {
            "term": [
                4
            ], 
            "limit": 300, 
            "type": "1", 
            "teacher": 1, 
            "subject": 2
        }
    }, 
    {
        "pk": 1, 
        "model": "subjects.classroom", 
        "fields": {
            "number": "25"
        }
    }, 
    {
        "pk": 2, 
        "model": "subjects.classroom", 
        "fields": {
            "number": "11"
        }
    }, 
    {
        "pk": 3, 
        "model": "subjects.classroom", 
        "fields": {
            "number": "112"
        }
    }, 
    {
        "pk": 1, 
        "model": "subjects.term", 
        "fields": {
            "dayOfWeek": "1", 
            "start_time": "08:00:00",
            "end_time": "10:00:00",
            "classroom": 1
        }
    }, 
    {
        "pk": 2, 
        "model": "subjects.term", 
        "fields": {
            "dayOfWeek": "4", 
            "start_time": "10:00:00",
            "end_time": "12:00:00",
            "classroom": 2
        }
    }, 
    {
        "pk": 3, 
        "model": "subjects.term", 
        "fields": {
            "dayOfWeek": "3", 
            "start_time": "12:00:00",
            "end_time": "14:00:00",
            "classroom": 3
        }
    },
    {
        "pk": 4, 
        "model": "subjects.term", 
        "fields": {
            "dayOfWeek": "3", 
            "start_time": "16:00:00",
            "end_time": "17:00:00",
            "classroom": 3
        }
    },  
    {
        "pk": 1, 
        "model": "subjects.semester", 
        "fields": {
            "visible": true, 
            "type": "l", 
            "year": 2010
        }
    }, 
    {
        "pk": 2, 
        "model": "subjects.semester", 
        "fields": {
            "visible": true, 
            "type": "z", 
            "year": 2010
        }
    }
]
