[
{"pk": 1, "model": "auth.user", "fields": {"username": "neithan", "first_name": "", "last_name": "", "is_active": true, "is_superuser": true, "is_staff": true, "last_login": "2011-02-04 12:19:11", "groups": [], "user_permissions": [], "password": "sha1$cf507$01781ce5f4f8406a9b152feecdaebd135401a889", "email": "a@a.com", "date_joined": "2011-01-07 22:40:14"}},
{"pk": 2, "model": "auth.user", "fields": {"username": "Pracownik", "first_name": "", "last_name": "", "is_active": true, "is_superuser": false, "is_staff": false, "last_login": "2011-01-09 00:24:38", "groups": [], "user_permissions": [], "password": "sha1$222f1$831da984d8f5591d2f359b0159c09ec92410a124", "email": "", "date_joined": "2011-01-09 00:24:38"}},
{"pk": 3, "model": "auth.user", "fields": {"username": "Stud1", "first_name": "", "last_name": "", "is_active": true, "is_superuser": false, "is_staff": false, "last_login": "2011-01-09 00:32:50", "groups": [], "user_permissions": [], "password": "sha1$23a4e$4a27e40a8b2e65dc08a3bafda0a508e1589e89c9", "email": "", "date_joined": "2011-01-09 00:32:50"}},
{"pk": 4, "model": "auth.user", "fields": {"username": "Stud2", "first_name": "", "last_name": "", "is_active": true, "is_superuser": false, "is_staff": false, "last_login": "2011-01-09 00:40:19", "groups": [], "user_permissions": [], "password": "sha1$38633$0b3c010f90fb83d6547e4680a120f87155b7a7c6", "email": "", "date_joined": "2011-01-09 00:40:19"}},
{"pk": 5, "model": "auth.user", "fields": {"username": "Stud3", "first_name": "", "last_name": "", "is_active": true, "is_superuser": false, "is_staff": false, "last_login": "2011-01-09 00:59:54", "groups": [], "user_permissions": [], "password": "sha1$bc92c$b3c5bc7ff66e356736ecbe26aee32fc8b4b7ce05", "email": "", "date_joined": "2011-01-09 00:59:54"}},
{"pk": 6, "model": "auth.user", "fields": {"username": "Stud4", "first_name": "", "last_name": "", "is_active": true, "is_superuser": false, "is_staff": false, "last_login": "2011-01-09 01:03:57", "groups": [], "user_permissions": [], "password": "sha1$22562$278263a9a51f08b4d48dc2003b9b749f7435748c", "email": "", "date_joined": "2011-01-09 01:03:57"}},
{"pk": 7, "model": "auth.user", "fields": {"username": "Udostepniacz", "first_name": "", "last_name": "", "is_active": true, "is_superuser": false, "is_staff": false, "last_login": "2011-02-04 12:33:23", "groups": [], "user_permissions": [], "password": "sha1$1c5a6$e87133fa84d609289f2cba3ce70a9b886730670e", "email": "", "date_joined": "2011-02-04 12:33:23"}},
{"pk": 8, "model": "auth.user", "fields": {"username": "Prywatek", "first_name": "", "last_name": "", "is_active": true, "is_superuser": false, "is_staff": false, "last_login": "2011-02-04 12:35:29", "groups": [], "user_permissions": [], "password": "sha1$c6fdf$cbde6d5f599a5d503d170d6b55d1a3870ba8e344", "email": "", "date_joined": "2011-02-04 12:35:29"}},
{"pk": 1, "model": "records.record", "fields": {"status": "1", "group": 1, "student": 1, "created":"2011-01-09 00:40:19", "modified":"2011-01-09 00:40:19"}},
{"pk": 2, "model": "records.record", "fields": {"status": "1", "group": 1, "student": 3, "created":"2011-01-09 00:40:19", "modified":"2011-01-09 00:40:19"}},
{"pk": 1, "model": "vote.systemstate", "fields": {"vote_beg": "2011-01-01", "vote_end": "2011-12-31", "year": "2010/11"}},
{"pk": 1, "model": "users.employee", "fields": {"consultations": "brak", "user": 2}},
{"pk": 2, "model": "users.employee", "fields": {"consultations": "brak", "user": 7}},
{"pk": 3, "model": "users.employee", "fields": {"consultations": "brak", "user": 8}},
{"pk": 1, "model": "users.student", "fields": {"ects": 0, "records_opening_bonus_minutes": 0, "user": 3, "matricula": "000001", "program": 1}},
{"pk": 2, "model": "users.student", "fields": {"ects": 0, "records_opening_bonus_minutes": 0, "user": 4, "matricula": "000002", "program": null}},
{"pk": 3, "model": "users.student", "fields": {"ects": 0, "records_opening_bonus_minutes": 0, "user": 5, "matricula": "000003", "program": 2}},
{"pk": 4, "model": "users.student", "fields": {"ects": 0, "records_opening_bonus_minutes": 0, "user": 6, "matricula": "000004", "program": null}},
{"pk": 1, "model": "users.program", "fields": {"name": "Test"}},
{"pk": 2, "model": "users.program", "fields": {"name": "Invalid"}},
{"pk": 1, "model": "courses.type", "fields": {"meta_type": false, "group": null, "name": "testowy"}},
{"pk": 1, "model": "courses.courseinformation", "fields": {"hours_lecture": 15, "name": "Testowy", "course_type": 1, "owner": 1, "slug": "testowy", "recommended_for_first_year": true, "created":"2011-01-09 00:40:19", "modified":"2011-01-09 00:40:19"}},
{"pk": 1, "model": "courses.semester", "fields": {"records_opening": null, "semester_ending": "2012-01-09", "records_closing": null, "visible": true, "year": 2011, "type": "z", "semester_beginning": "2011-01-08", "is_grade_active": true}},
{"pk": 1, "model": "courses.courseinstance", "fields": {"courseinformation_ptr": 1, "semester": 1}},
{"pk": 1, "model": "courses.group", "fields": {"limit": 100, "type": "1", "teacher": 1, "course": 1}},
{"pk": 2, "model": "courses.group", "fields": {"limit": 100, "type": "2", "teacher": 2, "course": 1}},
{"pk": 3, "model": "courses.group", "fields": {"limit": 0, "type": "2", "teacher": 3, "course": 1}},
{"pk": 1, "model": "poll.option", "fields": {"content": "Test 1"}},
{"pk": 2, "model": "poll.option", "fields": {"content": "Test 2"}},
{"pk": 1, "model": "poll.multiplechoicequestion", "fields": {"content": "[Wielokrotnego]Pytanie 4", "choice_limit": 2, "description": null, "has_other": true, "options": [1, 2]}},
{"pk": 2, "model": "poll.multiplechoicequestion", "fields": {"content": "[Wielokrotnego]Bez Sekcji", "choice_limit": 2, "description": null, "has_other": false, "options": [1, 2]}},
{"pk": 1, "model": "poll.multiplechoicequestionordering", "fields": {"sections": 1, "question": 1, "position": 4}},
{"pk": 1, "model": "poll.singlechoicequestion", "fields": {"content": "[Wiod\u0105ce][Jednokrotnego]Pytanie 1", "is_scale": true, "description": null, "options": [1, 2]}},
{"pk": 2, "model": "poll.singlechoicequestion", "fields": {"content": "[Jednokrotnego]Pytanie 3", "is_scale": false, "description": null, "options": [1, 2]}},
{"pk": 3, "model": "poll.singlechoicequestion", "fields": {"content": "[Jednokrotnego]Bez Sekcji", "is_scale": true, "description": null, "options": [1, 2]}},
{"pk": 1, "model": "poll.singlechoicequestionordering", "fields": {"sections": 1, "hide_on": [], "question": 1, "is_leading": true, "position": 1}},
{"pk": 2, "model": "poll.singlechoicequestionordering", "fields": {"sections": 1, "hide_on": [], "question": 2, "is_leading": false, "position": 3}},
{"pk": 1, "model": "poll.openquestionordering", "fields": {"sections": 1, "question": 1, "position": 2}},
{"pk": 1, "model": "poll.openquestion", "fields": {"content": "[Otwarte]Pytanie 2", "description": null}},
{"pk": 2, "model": "poll.openquestion", "fields": {"content": "[Otwarte]Bez sekcji", "description": null}},
{"pk": 1, "model": "poll.section", "fields": {"deleted": false, "description": "Brak", "title": "Test"}},
{"pk": 1, "model": "poll.poll", "fields": {"studies_type": null, "share_result": false, "group": 1, "description": "", "title": "Ankieta Grupa", "deleted": false, "author": 1, "semester": 1}},
{"pk": 2, "model": "poll.poll", "fields": {"studies_type": 1, "share_result": false, "group": 1, "description": "", "title": "Test2", "deleted": false, "author": 1, "semester": 1}},
{"pk": 3, "model": "poll.poll", "fields": {"studies_type": 1, "share_result": false, "group": null, "description": "", "title": "Global_s_t", "deleted": false, "author": 1, "semester": 1}},
{"pk": 4, "model": "poll.poll", "fields": {"studies_type": null, "share_result": false, "group": null, "description": "", "title": "Global", "deleted": false, "author": 1, "semester": 1}},
{"pk": 5, "model": "poll.poll", "fields": {"studies_type": null, "share_result": true, "group": 2, "description": "", "title": "\u0106wiczenia udost\u0119pnione", "deleted": false, "author": 1, "semester": 1}},
{"pk": 6, "model": "poll.poll", "fields": {"studies_type": null, "share_result": false, "group": 3, "description": "", "title": "\u0106wiczenia, prywatna", "deleted": false, "author": 1, "semester": 1}}]
