[
{"pk": 1, "model": "auth.user", "fields": {"username": "neithan", "first_name": "", "last_name": "", "is_active": true, "is_superuser": true, "is_staff": true, "last_login": "2011-01-07 22:43:46", "groups": [], "user_permissions": [], "password": "sha1$cf507$01781ce5f4f8406a9b152feecdaebd135401a889", "email": "a@a.com", "date_joined": "2011-01-07 22:40:14"}}, 
{"pk": 2, "model": "auth.user", "fields": {"username": "Pracownik", "first_name": "", "last_name": "", "is_active": true, "is_superuser": false, "is_staff": false, "last_login": "2011-01-09 00:24:38", "groups": [], "user_permissions": [], "password": "sha1$222f1$831da984d8f5591d2f359b0159c09ec92410a124", "email": "", "date_joined": "2011-01-09 00:24:38"}}, 
{"pk": 3, "model": "auth.user", "fields": {"username": "Stud1", "first_name": "", "last_name": "", "is_active": true, "is_superuser": false, "is_staff": false, "last_login": "2011-01-09 00:32:50", "groups": [], "user_permissions": [], "password": "sha1$23a4e$4a27e40a8b2e65dc08a3bafda0a508e1589e89c9", "email": "", "date_joined": "2011-01-09 00:32:50"}}, 
{"pk": 4, "model": "auth.user", "fields": {"username": "Stud2", "first_name": "", "last_name": "", "is_active": true, "is_superuser": false, "is_staff": false, "last_login": "2011-01-09 00:40:19", "groups": [], "user_permissions": [], "password": "sha1$38633$0b3c010f90fb83d6547e4680a120f87155b7a7c6", "email": "", "date_joined": "2011-01-09 00:40:19"}}, 
{"pk": 5, "model": "auth.user", "fields": {"username": "Stud3", "first_name": "", "last_name": "", "is_active": true, "is_superuser": false, "is_staff": false, "last_login": "2011-01-09 00:59:54", "groups": [], "user_permissions": [], "password": "sha1$bc92c$b3c5bc7ff66e356736ecbe26aee32fc8b4b7ce05", "email": "", "date_joined": "2011-01-09 00:59:54"}}, 
{"pk": 6, "model": "auth.user", "fields": {"username": "Stud4", "first_name": "", "last_name": "", "is_active": true, "is_superuser": false, "is_staff": false, "last_login": "2011-01-09 01:03:57", "groups": [], "user_permissions": [], "password": "sha1$22562$278263a9a51f08b4d48dc2003b9b749f7435748c", "email": "", "date_joined": "2011-01-09 01:03:57"}}, 
{"pk": 1, "model": "users.employee", "fields": {"consultations": "brak", "receive_mass_mail_offer": true, "user": 2, "receive_mass_mail_enrollment": true}}, 
{"pk": 1, "model": "users.student", "fields": {"ects": 0, "records_opening_bonus_minutes": 0, "receive_mass_mail_offer": true, "user": 3, "matricula": "000001", "program": 1, "receive_mass_mail_enrollment": true}}, 
{"pk": 2, "model": "users.student", "fields": {"ects": 0, "records_opening_bonus_minutes": 0, "receive_mass_mail_offer": true, "user": 4, "matricula": "000002", "program": null, "receive_mass_mail_enrollment": true}}, 
{"pk": 3, "model": "users.student", "fields": {"ects": 0, "records_opening_bonus_minutes": 0, "receive_mass_mail_offer": true, "user": 5, "matricula": "000003", "program": 2, "receive_mass_mail_enrollment": true}}, 
{"pk": 4, "model": "users.student", "fields": {"ects": 0, "records_opening_bonus_minutes": 0, "receive_mass_mail_offer": true, "user": 6, "matricula": "000004", "program": null, "receive_mass_mail_enrollment": true}}, 
{"pk": 1, "model": "courses.pointtypes", "fields": {"name": "ECTS"}},
{"pk": 1, "model": "users.program", "fields": {"name": "Test", "type_of_points": 1}}, 
{"pk": 2, "model": "users.program", "fields": {"name": "Invalid", "type_of_points": 1}}, 
{"pk": 1, "model": "records.record", "fields": {"status": "1", "group": 1, "student": 1}}, 
{"pk": 2, "model": "records.record", "fields": {"status": "1", "group": 1, "student": 3}}, 
{"pk": 3, "model": "records.record", "fields": {"status": "2", "group": 1, "student": 4}}, 
{"pk": 4, "model": "records.record", "fields": {"status": "1", "group": 3, "student": 1}}, 
{"pk": 5, "model": "records.record", "fields": {"status": "1", "group": 4, "student": 1}}, 
{"pk": 1, "model": "courses.type", "fields": {"name": "testowy"}},
{"pk": 1, "model": "courses.courseentity", "fields": {"name": "Brak"}},
{"pk": 1, "model": "courses.course", "fields": {"lectures": 15, "name": "Testowy", "entity": 1, "semester": 1, "exercises": 0, "laboratories": 0, "type": 1, "slug": "testowy", "description": "testow"}},
{"pk": 1, "model": "courses.group", "fields": {"limit": 100, "type": "1", "teacher": 1, "course": 1}},
{"pk": 3, "model": "courses.group", "fields": {"limit": 10, "type": "2", "teacher": 1, "course": 1}},
{"pk": 4, "model": "courses.group", "fields": {"limit": 0, "type": "3", "teacher": 1, "course": 1}},
{"pk": 1, "model": "courses.semester", "fields": {"records_opening": null, "semester_ending": "2012-01-09", "records_closing": null, "visible": true, "year": 2011, "type": "z", "semester_beginning": "2011-01-08", "is_grade_active": true}},
{"pk": 1, "model": "poll.option", "fields": {"content": "Test 1"}}, 
{"pk": 2, "model": "poll.option", "fields": {"content": "Test 2"}}, 
{"pk": 1, "model": "poll.multiplechoicequestion", "fields": {"content": "[Wielokrotnego]Pytanie 4", "choice_limit": 2, "options": [1, 2], "has_other": true}}, 
{"pk": 2, "model": "poll.multiplechoicequestion", "fields": {"content": "[Wielokrotnego]Bez Sekcji", "choice_limit": 2, "options": [1, 2], "has_other": false}}, 
{"pk": 1, "model": "poll.multiplechoicequestionordering", "fields": {"sections": 1, "question": 1, "position": 4}}, 
{"pk": 1, "model": "poll.singlechoicequestion", "fields": {"content": "[Wiod\u0105ce][Jednokrotnego]Pytanie 1", "is_scale": true, "options": [1, 2]}}, 
{"pk": 2, "model": "poll.singlechoicequestion", "fields": {"content": "[Jednokrotnego]Pytanie 3", "is_scale": false, "options": [1, 2]}}, 
{"pk": 3, "model": "poll.singlechoicequestion", "fields": {"content": "[Jednokrotnego]Bez Sekcji", "is_scale": true, "options": [1, 2]}}, 
{"pk": 1, "model": "poll.singlechoicequestionordering", "fields": {"sections": 1, "hide_on": [], "question": 1, "is_leading": true, "position": 1}}, 
{"pk": 2, "model": "poll.singlechoicequestionordering", "fields": {"sections": 1, "hide_on": [], "question": 2, "is_leading": false, "position": 3}}, 
{"pk": 1, "model": "poll.openquestionordering", "fields": {"sections": 1, "question": 1, "position": 2}}, 
{"pk": 1, "model": "poll.openquestion", "fields": {"content": "[Otwarte]Pytanie 2"}}, 
{"pk": 2, "model": "poll.openquestion", "fields": {"content": "[Otwarte]Bez sekcji"}}, 
{"pk": 1, "model": "poll.section", "fields": {"description": "Brak", "title": "Test"}}, 
{"pk": 3, "model": "poll.poll", "fields": {"studies_type": 1, "group": null, "description": "", "title": "Global_s_t", "author": 1, "semester": 1}}, 
{"pk": 4, "model": "poll.poll", "fields": {"studies_type": null, "group": null, "description": "", "title": "Global", "author": 1, "semester": 1}}, 
{"pk": 5, "model": "poll.poll", "fields": {"studies_type": null, "group": 1, "description": "", "title": "Wyk\u0142ad", "author": 1, "semester": 1}}, 
{"pk": 6, "model": "poll.poll", "fields": {"studies_type": null, "group": 3, "description": "", "title": "\u0106wuczenia", "author": 1, "semester": 1}}, 
{"pk": 7, "model": "poll.poll", "fields": {"studies_type": null, "group": 4, "description": "", "title": "Przcownia", "author": 1, "semester": 1}}]
