[
    {
        "pk": 1, 
        "model": "poll.option", 
        "fields": {
            "content": "zawsze"
        }
    }, 
    {
        "pk": 2, 
        "model": "poll.option", 
        "fields": {
            "content": "regularnie (>75% obecno\u015bci)"
        }
    }, 
    {
        "pk": 3, 
        "model": "poll.option", 
        "fields": {
            "content": "\u015brednio (>50% obecno\u015bci)"
        }
    }, 
    {
        "pk": 4, 
        "model": "poll.option", 
        "fields": {
            "content": "nieregularnie"
        }
    }, 
    {
        "pk": 5, 
        "model": "poll.option", 
        "fields": {
            "content": "wcale"
        }
    }, 
    {
        "pk": 6, 
        "model": "poll.option", 
        "fields": {
            "content": "tak"
        }
    }, 
    {
        "pk": 7, 
        "model": "poll.option", 
        "fields": {
            "content": "zwykle tak"
        }
    }, 
    {
        "pk": 8, 
        "model": "poll.option", 
        "fields": {
            "content": "raczej nie"
        }
    }, 
    {
        "pk": 9, 
        "model": "poll.option", 
        "fields": {
            "content": "nie"
        }
    }, 
    {
        "pk": 10, 
        "model": "poll.option", 
        "fields": {
            "content": "za ma\u0142o"
        }
    }, 
    {
        "pk": 11, 
        "model": "poll.option", 
        "fields": {
            "content": "dobrej jako\u015bci"
        }
    }, 
    {
        "pk": 12, 
        "model": "poll.option", 
        "fields": {
            "content": "trudno dost\u0119pne"
        }
    }, 
    {
        "pk": 13, 
        "model": "poll.option", 
        "fields": {
            "content": "wyczerpuj\u0105ce"
        }
    }, 
    {
        "pk": 14, 
        "model": "poll.option", 
        "fields": {
            "content": "tak"
        }
    }, 
    {
        "pk": 15, 
        "model": "poll.option", 
        "fields": {
            "content": "ustalony zosta\u0142 w trakcie semestru"
        }
    }, 
    {
        "pk": 16, 
        "model": "poll.option", 
        "fields": {
            "content": "ustalony zosta\u0142 przy wystawianiu ocen"
        }
    }, 
    {
        "pk": 17, 
        "model": "poll.option", 
        "fields": {
            "content": "nie wiem, jaki by\u0142 system zaliczania \u0107wicze\u0144"
        }
    }, 
    {
        "pk": 18, 
        "model": "poll.option", 
        "fields": {
            "content": "bierny obserwator"
        }
    }, 
    {
        "pk": 19, 
        "model": "poll.option", 
        "fields": {
            "content": "czynny uczestnik"
        }
    }, 
    {
        "pk": 20, 
        "model": "poll.option", 
        "fields": {
            "content": "nie wiedzia\u0142, o czym mowa"
        }
    }, 
    {
        "pk": 21, 
        "model": "poll.option", 
        "fields": {
            "content": "cz\u0119sto grzybi\u0142 zamiast wyt\u0142umaczy\u0107"
        }
    }, 
    {
        "pk": 22, 
        "model": "poll.option", 
        "fields": {
            "content": "pomaga\u0142 zrozumie\u0107 gdy kto\u015b kiepsko t\u0142umaczy\u0142"
        }
    }, 
    {
        "pk": 23, 
        "model": "poll.option", 
        "fields": {
            "content": "ignorowa\u0142 zawarto\u015b\u0107 tablicy"
        }
    }, 
    {
        "pk": 24, 
        "model": "poll.option", 
        "fields": {
            "content": "za \u0142atwe"
        }
    }, 
    {
        "pk": 25, 
        "model": "poll.option", 
        "fields": {
            "content": "odpowiednie"
        }
    }, 
    {
        "pk": 26, 
        "model": "poll.option", 
        "fields": {
            "content": "za trudne"
        }
    }, 
    {
        "pk": 1, 
        "model": "poll.multiplechoicequestion", 
        "fields": {
            "content": "Jak oceniasz przygotowanie materia\u0142\u00f3w pomocniczych do wyk\u0142adu? ", 
            "choice_limit": 0, 
            "description": "(chodzi o wszelkie notatki, ksera ksi\u0105\u017cek, bibliografi\u0119, linki na stronie przedmiotu)", 
            "has_other": true, 
            "options": [
                11, 
                10, 
                13, 
                12
            ]
        }
    }, 
    {
        "pk": 2, 
        "model": "poll.multiplechoicequestion", 
        "fields": {
            "content": "Jak oceniasz zaanga\u017cowanie prowadz\u0105cego w \u0107wiczenia?", 
            "choice_limit": 0, 
            "description": "", 
            "has_other": true, 
            "options": [
                20, 
                21, 
                22, 
                23, 
                19, 
                18
            ]
        }
    }, 
    {
        "pk": 1, 
        "model": "poll.multiplechoicequestionordering", 
        "fields": {
            "sections": 1, 
            "question": 1, 
            "position": 3
        }
    }, 
    {
        "pk": 2, 
        "model": "poll.multiplechoicequestionordering", 
        "fields": {
            "sections": 2, 
            "question": 2, 
            "position": 2
        }
    }, 
    {
        "pk": 1, 
        "model": "poll.singlechoicequestion", 
        "fields": {
            "content": "Czy chodzi\u0142e\u015b na wyk\u0142ad regularnie?", 
            "is_scale": false, 
            "description": "", 
            "options": [
                1, 
                3, 
                2, 
                5, 
                4
            ]
        }
    }, 
    {
        "pk": 2, 
        "model": "poll.singlechoicequestion", 
        "fields": {
            "content": "Czy wyk\u0142ad by\u0142 prowadzony w spos\u00f3b jasny i zrozumia\u0142y?", 
            "is_scale": false, 
            "description": "", 
            "options": [
                9, 
                8, 
                7, 
                6
            ]
        }
    }, 
    {
        "pk": 3, 
        "model": "poll.singlechoicequestion", 
        "fields": {
            "content": "Czy spos\u00f3b zaliczania \u0107wicze\u0144 by\u0142 jasny i przedstawiony na pocz\u0105tku semestru?", 
            "is_scale": false, 
            "description": "", 
            "options": [
                15, 
                14, 
                17, 
                16
            ]
        }
    }, 
    {
        "pk": 4, 
        "model": "poll.singlechoicequestion", 
        "fields": {
            "content": "Czy zadania na \u0107wiczeniach by\u0142y dobrze dobrane?", 
            "is_scale": true, 
            "description": "", 
            "options": [
                24, 
                25, 
                26
            ]
        }
    }, 
    {
        "pk": 1, 
        "model": "poll.singlechoicequestionordering", 
        "fields": {
            "sections": 1, 
            "hide_on": [
                5, 
                4
            ], 
            "question": 1, 
            "is_leading": true, 
            "position": 1
        }
    }, 
    {
        "pk": 2, 
        "model": "poll.singlechoicequestionordering", 
        "fields": {
            "sections": 1, 
            "hide_on": [], 
            "question": 2, 
            "is_leading": false, 
            "position": 2
        }
    }, 
    {
        "pk": 3, 
        "model": "poll.singlechoicequestionordering", 
        "fields": {
            "sections": 2, 
            "hide_on": [], 
            "question": 3, 
            "is_leading": false, 
            "position": 1
        }
    }, 
    {
        "pk": 4, 
        "model": "poll.singlechoicequestionordering", 
        "fields": {
            "sections": 2, 
            "hide_on": [], 
            "question": 4, 
            "is_leading": false, 
            "position": 3
        }
    }, 
    {
        "pk": 1, 
        "model": "poll.openquestion", 
        "fields": {
            "content": "Co zmieni\u0142by\u015b w sposobie prowadzenia wyk\u0142adu?", 
            "description": ""
        }
    }, 
    {
        "pk": 2, 
        "model": "poll.openquestion", 
        "fields": {
            "content": "Co by\u0142o najs\u0142absz\u0105 stron\u0105 zaj\u0119\u0107?", 
            "description": ""
        }
    }, 
    {
        "pk": 3, 
        "model": "poll.openquestion", 
        "fields": {
            "content": "Co by\u0142o najsilniejsz\u0105 stron\u0105 zaj\u0119\u0107?", 
            "description": ""
        }
    }, 
    {
        "pk": 4, 
        "model": "poll.openquestion", 
        "fields": {
            "content": "Jakie tre\u015bci chcia\u0142by\u015b, \u017ceby znalaz\u0142y si\u0119 w programie?", 
            "description": ""
        }
    }, 
    {
        "pk": 5, 
        "model": "poll.openquestion", 
        "fields": {
            "content": "Jakiego typu zaj\u0119\u0107 jest za du\u017co?", 
            "description": ""
        }
    }, 
    {
        "pk": 6, 
        "model": "poll.openquestion", 
        "fields": {
            "content": "Jakiego typu zaj\u0119\u0107 brakuje?", 
            "description": ""
        }
    }, 
    {
        "pk": 7, 
        "model": "poll.openquestion", 
        "fields": {
            "content": "Co jeszcze chcia\u0142by\u015b zmieni\u0107?", 
            "description": ""
        }
    }, 
    {
        "pk": 1, 
        "model": "poll.openquestionordering", 
        "fields": {
            "sections": 1, 
            "question": 1, 
            "position": 4
        }
    }, 
    {
        "pk": 2, 
        "model": "poll.openquestionordering", 
        "fields": {
            "sections": 3, 
            "question": 2, 
            "position": 1
        }
    }, 
    {
        "pk": 3, 
        "model": "poll.openquestionordering", 
        "fields": {
            "sections": 3, 
            "question": 3, 
            "position": 2
        }
    }, 
    {
        "pk": 4, 
        "model": "poll.openquestionordering", 
        "fields": {
            "sections": 3, 
            "question": 4, 
            "position": 3
        }
    }, 
    {
        "pk": 5, 
        "model": "poll.openquestionordering", 
        "fields": {
            "sections": 4, 
            "question": 5, 
            "position": 1
        }
    }, 
    {
        "pk": 6, 
        "model": "poll.openquestionordering", 
        "fields": {
            "sections": 4, 
            "question": 6, 
            "position": 2
        }
    }, 
    {
        "pk": 7, 
        "model": "poll.openquestionordering", 
        "fields": {
            "sections": 4, 
            "question": 7, 
            "position": 3
        }
    }, 
    {
        "pk": 1, 
        "model": "poll.section", 
        "fields": {
            "deleted": false, 
            "description": "", 
            "title": "Wyk\u0142ad"
        }
    }, 
    {
        "pk": 2, 
        "model": "poll.section", 
        "fields": {
            "deleted": false, 
            "description": "", 
            "title": "\u0106wiczenia"
        }
    }, 
    {
        "pk": 3, 
        "model": "poll.section", 
        "fields": {
            "deleted": false, 
            "description": "", 
            "title": "Uwagi"
        }
    }, 
    {
        "pk": 4, 
        "model": "poll.section", 
        "fields": {
            "deleted": false, 
            "description": "", 
            "title": "Og\u00f3\u0142 zaj\u0119\u0107"
        }
    }, 
    {
        "pk": 21, 
        "model": "poll.sectionordering", 
        "fields": {
            "position": 1, 
            "section": 2, 
            "poll": 11
        }
    }, 
    {
        "pk": 22, 
        "model": "poll.sectionordering", 
        "fields": {
            "position": 2, 
            "section": 3, 
            "poll": 11
        }
    }, 
    {
        "pk": 23, 
        "model": "poll.sectionordering", 
        "fields": {
            "position": 1, 
            "section": 2, 
            "poll": 12
        }
    }, 
    {
        "pk": 24, 
        "model": "poll.sectionordering", 
        "fields": {
            "position": 2, 
            "section": 3, 
            "poll": 12
        }
    }, 
    {
        "pk": 11, 
        "model": "poll.poll", 
        "fields": {
            "studies_type": null, 
            "share_result": false, 
            "group": 11, 
            "description": "", 
            "title": "Ankieta \u0107wicze\u0144", 
            "deleted": false, 
            "author": 2, 
            "semester": 1
        }
    }, 
    {
        "pk": 12, 
        "model": "poll.poll", 
        "fields": {
            "studies_type": null, 
            "share_result": false, 
            "group": 12, 
            "description": "", 
            "title": "Ankieta \u0107wicze\u0144", 
            "deleted": false, 
            "author": 2, 
            "semester": 1
        }
    }
]