[
{"pk": 22, "model": "auth.permission", "fields": {"codename": "add_logentry", "name": "Can add log entry", "content_type": 8}}, 
{"pk": 23, "model": "auth.permission", "fields": {"codename": "change_logentry", "name": "Can change log entry", "content_type": 8}}, 
{"pk": 24, "model": "auth.permission", "fields": {"codename": "delete_logentry", "name": "Can delete log entry", "content_type": 8}}, 
{"pk": 4, "model": "auth.permission", "fields": {"codename": "add_group", "name": "Can add group", "content_type": 2}}, 
{"pk": 5, "model": "auth.permission", "fields": {"codename": "change_group", "name": "Can change group", "content_type": 2}}, 
{"pk": 6, "model": "auth.permission", "fields": {"codename": "delete_group", "name": "Can delete group", "content_type": 2}}, 
{"pk": 10, "model": "auth.permission", "fields": {"codename": "add_message", "name": "Can add message", "content_type": 4}}, 
{"pk": 11, "model": "auth.permission", "fields": {"codename": "change_message", "name": "Can change message", "content_type": 4}}, 
{"pk": 12, "model": "auth.permission", "fields": {"codename": "delete_message", "name": "Can delete message", "content_type": 4}}, 
{"pk": 1, "model": "auth.permission", "fields": {"codename": "add_permission", "name": "Can add permission", "content_type": 1}}, 
{"pk": 2, "model": "auth.permission", "fields": {"codename": "change_permission", "name": "Can change permission", "content_type": 1}}, 
{"pk": 3, "model": "auth.permission", "fields": {"codename": "delete_permission", "name": "Can delete permission", "content_type": 1}}, 
{"pk": 7, "model": "auth.permission", "fields": {"codename": "add_user", "name": "Can add user", "content_type": 3}}, 
{"pk": 8, "model": "auth.permission", "fields": {"codename": "change_user", "name": "Can change user", "content_type": 3}}, 
{"pk": 9, "model": "auth.permission", "fields": {"codename": "delete_user", "name": "Can delete user", "content_type": 3}}, 
{"pk": 13, "model": "auth.permission", "fields": {"codename": "add_contenttype", "name": "Can add content type", "content_type": 5}}, 
{"pk": 14, "model": "auth.permission", "fields": {"codename": "change_contenttype", "name": "Can change content type", "content_type": 5}}, 
{"pk": 15, "model": "auth.permission", "fields": {"codename": "delete_contenttype", "name": "Can delete content type", "content_type": 5}}, 
{"pk": 31, "model": "auth.permission", "fields": {"codename": "add_dontsendentry", "name": "Can add blokada", "content_type": 11}}, 
{"pk": 32, "model": "auth.permission", "fields": {"codename": "change_dontsendentry", "name": "Can change blokada", "content_type": 11}}, 
{"pk": 33, "model": "auth.permission", "fields": {"codename": "delete_dontsendentry", "name": "Can delete blokada", "content_type": 11}}, 
{"pk": 28, "model": "auth.permission", "fields": {"codename": "add_message", "name": "Can add wiadomo\u015b\u0107", "content_type": 10}}, 
{"pk": 29, "model": "auth.permission", "fields": {"codename": "change_message", "name": "Can change wiadomo\u015b\u0107", "content_type": 10}}, 
{"pk": 30, "model": "auth.permission", "fields": {"codename": "delete_message", "name": "Can delete wiadomo\u015b\u0107", "content_type": 10}}, 
{"pk": 34, "model": "auth.permission", "fields": {"codename": "add_messagelog", "name": "Can add log", "content_type": 12}}, 
{"pk": 35, "model": "auth.permission", "fields": {"codename": "change_messagelog", "name": "Can change log", "content_type": 12}}, 
{"pk": 36, "model": "auth.permission", "fields": {"codename": "delete_messagelog", "name": "Can delete log", "content_type": 12}}, 
{"pk": 67, "model": "auth.permission", "fields": {"codename": "add_news", "name": "Can add Og\u0142oszenie", "content_type": 23}}, 
{"pk": 68, "model": "auth.permission", "fields": {"codename": "change_news", "name": "Can change Og\u0142oszenie", "content_type": 23}}, 
{"pk": 69, "model": "auth.permission", "fields": {"codename": "delete_news", "name": "Can delete Og\u0142oszenie", "content_type": 23}}, 
{"pk": 123, "model": "auth.permission", "fields": {"codename": "add_multiplechoicequestion", "name": "Can add pytanie wielokrotnego wyboru", "content_type": 41}}, 
{"pk": 124, "model": "auth.permission", "fields": {"codename": "change_multiplechoicequestion", "name": "Can change pytanie wielokrotnego wyboru", "content_type": 41}}, 
{"pk": 125, "model": "auth.permission", "fields": {"codename": "delete_multiplechoicequestion", "name": "Can delete pytanie wielokrotnego wyboru", "content_type": 41}}, 
{"pk": 159, "model": "auth.permission", "fields": {"codename": "add_multiplechoicequestionanswer", "name": "Can add odpowied\u017a na pytanie wielokrotnego wyboru", "content_type": 53}}, 
{"pk": 160, "model": "auth.permission", "fields": {"codename": "change_multiplechoicequestionanswer", "name": "Can change odpowied\u017a na pytanie wielokrotnego wyboru", "content_type": 53}}, 
{"pk": 161, "model": "auth.permission", "fields": {"codename": "delete_multiplechoicequestionanswer", "name": "Can delete odpowied\u017a na pytanie wielokrotnego wyboru", "content_type": 53}}, 
{"pk": 126, "model": "auth.permission", "fields": {"codename": "add_multiplechoicequestionordering", "name": "Can add pozycja pyta\u0144 wielokrotnego wyboru", "content_type": 42}}, 
{"pk": 127, "model": "auth.permission", "fields": {"codename": "change_multiplechoicequestionordering", "name": "Can change pozycja pyta\u0144 wielokrotnego wyboru", "content_type": 42}}, 
{"pk": 128, "model": "auth.permission", "fields": {"codename": "delete_multiplechoicequestionordering", "name": "Can delete pozycja pyta\u0144 wielokrotnego wyboru", "content_type": 42}}, 
{"pk": 138, "model": "auth.permission", "fields": {"codename": "add_openquestion", "name": "Can add pytanie otwarte", "content_type": 46}}, 
{"pk": 139, "model": "auth.permission", "fields": {"codename": "change_openquestion", "name": "Can change pytanie otwarte", "content_type": 46}}, 
{"pk": 140, "model": "auth.permission", "fields": {"codename": "delete_openquestion", "name": "Can delete pytanie otwarte", "content_type": 46}}, 
{"pk": 153, "model": "auth.permission", "fields": {"codename": "add_openquestionanswer", "name": "Can add odpowied\u017a na pytanie otwarte", "content_type": 51}}, 
{"pk": 154, "model": "auth.permission", "fields": {"codename": "change_openquestionanswer", "name": "Can change odpowied\u017a na pytanie otwarte", "content_type": 51}}, 
{"pk": 155, "model": "auth.permission", "fields": {"codename": "delete_openquestionanswer", "name": "Can delete odpowied\u017a na pytanie otwarte", "content_type": 51}}, 
{"pk": 135, "model": "auth.permission", "fields": {"codename": "add_openquestionordering", "name": "Can add pozycja pyta\u0144 otwartych", "content_type": 45}}, 
{"pk": 136, "model": "auth.permission", "fields": {"codename": "change_openquestionordering", "name": "Can change pozycja pyta\u0144 otwartych", "content_type": 45}}, 
{"pk": 137, "model": "auth.permission", "fields": {"codename": "delete_openquestionordering", "name": "Can delete pozycja pyta\u0144 otwartych", "content_type": 45}}, 
{"pk": 120, "model": "auth.permission", "fields": {"codename": "add_option", "name": "Can add opcja", "content_type": 40}}, 
{"pk": 121, "model": "auth.permission", "fields": {"codename": "change_option", "name": "Can change opcja", "content_type": 40}}, 
{"pk": 122, "model": "auth.permission", "fields": {"codename": "delete_option", "name": "Can delete opcja", "content_type": 40}}, 
{"pk": 147, "model": "auth.permission", "fields": {"codename": "add_poll", "name": "Can add ankieta", "content_type": 49}}, 
{"pk": 148, "model": "auth.permission", "fields": {"codename": "change_poll", "name": "Can change ankieta", "content_type": 49}}, 
{"pk": 149, "model": "auth.permission", "fields": {"codename": "delete_poll", "name": "Can delete ankieta", "content_type": 49}}, 
{"pk": 150, "model": "auth.permission", "fields": {"codename": "add_savedticket", "name": "Can add zapisany bilet", "content_type": 50}}, 
{"pk": 151, "model": "auth.permission", "fields": {"codename": "change_savedticket", "name": "Can change zapisany bilet", "content_type": 50}}, 
{"pk": 152, "model": "auth.permission", "fields": {"codename": "delete_savedticket", "name": "Can delete zapisany bilet", "content_type": 50}}, 
{"pk": 141, "model": "auth.permission", "fields": {"codename": "add_section", "name": "Can add sekcja", "content_type": 47}}, 
{"pk": 142, "model": "auth.permission", "fields": {"codename": "change_section", "name": "Can change sekcja", "content_type": 47}}, 
{"pk": 143, "model": "auth.permission", "fields": {"codename": "delete_section", "name": "Can delete sekcja", "content_type": 47}}, 
{"pk": 144, "model": "auth.permission", "fields": {"codename": "add_sectionordering", "name": "Can add pozycja sekcji", "content_type": 48}}, 
{"pk": 145, "model": "auth.permission", "fields": {"codename": "change_sectionordering", "name": "Can change pozycja sekcji", "content_type": 48}}, 
{"pk": 146, "model": "auth.permission", "fields": {"codename": "delete_sectionordering", "name": "Can delete pozycja sekcji", "content_type": 48}}, 
{"pk": 129, "model": "auth.permission", "fields": {"codename": "add_singlechoicequestion", "name": "Can add pytanie jednokrotnego wyboru", "content_type": 43}}, 
{"pk": 130, "model": "auth.permission", "fields": {"codename": "change_singlechoicequestion", "name": "Can change pytanie jednokrotnego wyboru", "content_type": 43}}, 
{"pk": 131, "model": "auth.permission", "fields": {"codename": "delete_singlechoicequestion", "name": "Can delete pytanie jednokrotnego wyboru", "content_type": 43}}, 
{"pk": 156, "model": "auth.permission", "fields": {"codename": "add_singlechoicequestionanswer", "name": "Can add odpowied\u017a na pytanie jednokrotnego wyboru", "content_type": 52}}, 
{"pk": 157, "model": "auth.permission", "fields": {"codename": "change_singlechoicequestionanswer", "name": "Can change odpowied\u017a na pytanie jednokrotnego wyboru", "content_type": 52}}, 
{"pk": 158, "model": "auth.permission", "fields": {"codename": "delete_singlechoicequestionanswer", "name": "Can delete odpowied\u017a na pytanie jednokrotnego wyboru", "content_type": 52}}, 
{"pk": 132, "model": "auth.permission", "fields": {"codename": "add_singlechoicequestionordering", "name": "Can add pozycja pyta\u0144 jednokrotnego wyboru", "content_type": 44}}, 
{"pk": 133, "model": "auth.permission", "fields": {"codename": "change_singlechoicequestionordering", "name": "Can change pozycja pyta\u0144 jednokrotnego wyboru", "content_type": 44}}, 
{"pk": 134, "model": "auth.permission", "fields": {"codename": "delete_singlechoicequestionordering", "name": "Can delete pozycja pyta\u0144 jednokrotnego wyboru", "content_type": 44}}, 
{"pk": 70, "model": "auth.permission", "fields": {"codename": "add_preference", "name": "Can add preferencja", "content_type": 24}}, 
{"pk": 71, "model": "auth.permission", "fields": {"codename": "change_preference", "name": "Can change preferencja", "content_type": 24}}, 
{"pk": 72, "model": "auth.permission", "fields": {"codename": "delete_preference", "name": "Can delete preferencja", "content_type": 24}}, 
{"pk": 87, "model": "auth.permission", "fields": {"codename": "add_book", "name": "Can add ksi\u0105\u017cka", "content_type": 29}}, 
{"pk": 88, "model": "auth.permission", "fields": {"codename": "change_book", "name": "Can change ksi\u0105\u017cka", "content_type": 29}}, 
{"pk": 89, "model": "auth.permission", "fields": {"codename": "delete_book", "name": "Can delete ksi\u0105\u017cka", "content_type": 29}}, 
{"pk": 93, "model": "auth.permission", "fields": {"codename": "add_descriptiontypes", "name": "Can add Typ propozycji", "content_type": 31}}, 
{"pk": 94, "model": "auth.permission", "fields": {"codename": "change_descriptiontypes", "name": "Can change Typ propozycji", "content_type": 31}}, 
{"pk": 95, "model": "auth.permission", "fields": {"codename": "delete_descriptiontypes", "name": "Can delete Typ propozycji", "content_type": 31}}, 
{"pk": 76, "model": "auth.permission", "fields": {"codename": "add_proposal", "name": "Can add przedmiot", "content_type": 26}}, 
{"pk": 79, "model": "auth.permission", "fields": {"codename": "can_create_offer", "name": "Mo\u017ce tworzy\u0107 ofert\u0119 dydaktyczn\u0105", "content_type": 26}}, 
{"pk": 80, "model": "auth.permission", "fields": {"codename": "can_delete_proposal", "name": "Mo\u017ce usuwa\u0107 propozycje", "content_type": 26}}, 
{"pk": 77, "model": "auth.permission", "fields": {"codename": "change_proposal", "name": "Can change przedmiot", "content_type": 26}}, 
{"pk": 78, "model": "auth.permission", "fields": {"codename": "delete_proposal", "name": "Can delete przedmiot", "content_type": 26}}, 
{"pk": 84, "model": "auth.permission", "fields": {"codename": "add_proposaldescription", "name": "Can add opis przedmiotu", "content_type": 28}}, 
{"pk": 85, "model": "auth.permission", "fields": {"codename": "change_proposaldescription", "name": "Can change opis przedmiotu", "content_type": 28}}, 
{"pk": 86, "model": "auth.permission", "fields": {"codename": "delete_proposaldescription", "name": "Can delete opis przedmiotu", "content_type": 28}}, 
{"pk": 81, "model": "auth.permission", "fields": {"codename": "add_proposaldescriptiontag", "name": "Can add etykieta opisu przedmiotu", "content_type": 27}}, 
{"pk": 82, "model": "auth.permission", "fields": {"codename": "change_proposaldescriptiontag", "name": "Can change etykieta opisu przedmiotu", "content_type": 27}}, 
{"pk": 83, "model": "auth.permission", "fields": {"codename": "delete_proposaldescriptiontag", "name": "Can delete etykieta opisu przedmiotu", "content_type": 27}}, 
{"pk": 73, "model": "auth.permission", "fields": {"codename": "add_proposaltag", "name": "Can add etykieta przedmiotu", "content_type": 25}}, 
{"pk": 74, "model": "auth.permission", "fields": {"codename": "change_proposaltag", "name": "Can change etykieta przedmiotu", "content_type": 25}}, 
{"pk": 75, "model": "auth.permission", "fields": {"codename": "delete_proposaltag", "name": "Can delete etykieta przedmiotu", "content_type": 25}}, 
{"pk": 90, "model": "auth.permission", "fields": {"codename": "add_types", "name": "Can add Typ przedmiotu", "content_type": 30}}, 
{"pk": 91, "model": "auth.permission", "fields": {"codename": "change_types", "name": "Can change Typ przedmiotu", "content_type": 30}}, 
{"pk": 92, "model": "auth.permission", "fields": {"codename": "delete_types", "name": "Can delete Typ przedmiotu", "content_type": 30}}, 
{"pk": 64, "model": "auth.permission", "fields": {"codename": "add_record", "name": "Can add zapis", "content_type": 22}}, 
{"pk": 65, "model": "auth.permission", "fields": {"codename": "change_record", "name": "Can change zapis", "content_type": 22}}, 
{"pk": 66, "model": "auth.permission", "fields": {"codename": "delete_record", "name": "Can delete zapis", "content_type": 22}}, 
{"pk": 16, "model": "auth.permission", "fields": {"codename": "add_session", "name": "Can add session", "content_type": 6}}, 
{"pk": 17, "model": "auth.permission", "fields": {"codename": "change_session", "name": "Can change session", "content_type": 6}}, 
{"pk": 18, "model": "auth.permission", "fields": {"codename": "delete_session", "name": "Can delete session", "content_type": 6}}, 
{"pk": 19, "model": "auth.permission", "fields": {"codename": "add_site", "name": "Can add site", "content_type": 7}}, 
{"pk": 20, "model": "auth.permission", "fields": {"codename": "change_site", "name": "Can change site", "content_type": 7}}, 
{"pk": 21, "model": "auth.permission", "fields": {"codename": "delete_site", "name": "Can delete site", "content_type": 7}}, 
{"pk": 25, "model": "auth.permission", "fields": {"codename": "add_migrationhistory", "name": "Can add migration history", "content_type": 9}}, 
{"pk": 26, "model": "auth.permission", "fields": {"codename": "change_migrationhistory", "name": "Can change migration history", "content_type": 9}}, 
{"pk": 27, "model": "auth.permission", "fields": {"codename": "delete_migrationhistory", "name": "Can delete migration history", "content_type": 9}}, 
{"pk": 58, "model": "auth.permission", "fields": {"codename": "add_book", "name": "Can add ksi\u0105\u017cka", "content_type": 20}}, 
{"pk": 59, "model": "auth.permission", "fields": {"codename": "change_book", "name": "Can change ksi\u0105\u017cka", "content_type": 20}}, 
{"pk": 60, "model": "auth.permission", "fields": {"codename": "delete_book", "name": "Can delete ksi\u0105\u017cka", "content_type": 20}}, 
{"pk": 52, "model": "auth.permission", "fields": {"codename": "add_classroom", "name": "Can add sala", "content_type": 18}}, 
{"pk": 53, "model": "auth.permission", "fields": {"codename": "change_classroom", "name": "Can change sala", "content_type": 18}}, 
{"pk": 54, "model": "auth.permission", "fields": {"codename": "delete_classroom", "name": "Can delete sala", "content_type": 18}}, 
{"pk": 49, "model": "auth.permission", "fields": {"codename": "add_group", "name": "Can add grupa", "content_type": 17}}, 
{"pk": 50, "model": "auth.permission", "fields": {"codename": "change_group", "name": "Can change grupa", "content_type": 17}}, 
{"pk": 51, "model": "auth.permission", "fields": {"codename": "delete_group", "name": "Can delete grupa", "content_type": 17}}, 
{"pk": 61, "model": "auth.permission", "fields": {"codename": "add_semester", "name": "Can add semestr", "content_type": 21}}, 
{"pk": 62, "model": "auth.permission", "fields": {"codename": "change_semester", "name": "Can change semestr", "content_type": 21}}, 
{"pk": 63, "model": "auth.permission", "fields": {"codename": "delete_semester", "name": "Can delete semestr", "content_type": 21}}, 
{"pk": 40, "model": "auth.permission", "fields": {"codename": "add_studentoptions", "name": "Can add zale\u017cno\u015b\u0107 przedmiot-student", "content_type": 14}}, 
{"pk": 41, "model": "auth.permission", "fields": {"codename": "change_studentoptions", "name": "Can change zale\u017cno\u015b\u0107 przedmiot-student", "content_type": 14}}, 
{"pk": 42, "model": "auth.permission", "fields": {"codename": "delete_studentoptions", "name": "Can delete zale\u017cno\u015b\u0107 przedmiot-student", "content_type": 14}}, 
{"pk": 46, "model": "auth.permission", "fields": {"codename": "add_course", "name": "Can add przedmiot", "content_type": 16}},
{"pk": 47, "model": "auth.permission", "fields": {"codename": "change_course", "name": "Can change przedmiot", "content_type": 16}},
{"pk": 48, "model": "auth.permission", "fields": {"codename": "delete_course", "name": "Can delete przedmiot", "content_type": 16}},
{"pk": 43, "model": "auth.permission", "fields": {"codename": "add_courseentity", "name": "Can add Podstawa przedmiotu", "content_type": 15}},
{"pk": 44, "model": "auth.permission", "fields": {"codename": "change_courseentity", "name": "Can change Podstawa przedmiotu", "content_type": 15}},
{"pk": 45, "model": "auth.permission", "fields": {"codename": "delete_courseentity", "name": "Can delete Podstawa przedmiotu", "content_type": 15}},
{"pk": 55, "model": "auth.permission", "fields": {"codename": "add_term", "name": "Can add termin", "content_type": 19}}, 
{"pk": 56, "model": "auth.permission", "fields": {"codename": "change_term", "name": "Can change termin", "content_type": 19}}, 
{"pk": 57, "model": "auth.permission", "fields": {"codename": "delete_term", "name": "Can delete termin", "content_type": 19}}, 
{"pk": 37, "model": "auth.permission", "fields": {"codename": "add_type", "name": "Can add rodzaj", "content_type": 13}}, 
{"pk": 38, "model": "auth.permission", "fields": {"codename": "change_type", "name": "Can change rodzaj", "content_type": 13}}, 
{"pk": 39, "model": "auth.permission", "fields": {"codename": "delete_type", "name": "Can delete rodzaj", "content_type": 13}}, 
{"pk": 111, "model": "auth.permission", "fields": {"codename": "add_privatekey", "name": "Can add klucz prywatny", "content_type": 37}}, 
{"pk": 112, "model": "auth.permission", "fields": {"codename": "change_privatekey", "name": "Can change klucz prywatny", "content_type": 37}}, 
{"pk": 113, "model": "auth.permission", "fields": {"codename": "delete_privatekey", "name": "Can delete klucz prywatny", "content_type": 37}}, 
{"pk": 114, "model": "auth.permission", "fields": {"codename": "add_publickey", "name": "Can add klucz publiczny", "content_type": 38}}, 
{"pk": 115, "model": "auth.permission", "fields": {"codename": "change_publickey", "name": "Can change klucz publiczny", "content_type": 38}}, 
{"pk": 116, "model": "auth.permission", "fields": {"codename": "delete_publickey", "name": "Can delete klucz publiczny", "content_type": 38}}, 
{"pk": 117, "model": "auth.permission", "fields": {"codename": "add_usedticketstamp", "name": "Can add wykorzystany bilet", "content_type": 39}}, 
{"pk": 118, "model": "auth.permission", "fields": {"codename": "change_usedticketstamp", "name": "Can change wykorzystany bilet", "content_type": 39}}, 
{"pk": 119, "model": "auth.permission", "fields": {"codename": "delete_usedticketstamp", "name": "Can delete wykorzystany bilet", "content_type": 39}}, 
{"pk": 102, "model": "auth.permission", "fields": {"codename": "add_employee", "name": "Can add pracownik", "content_type": 34}}, 
{"pk": 103, "model": "auth.permission", "fields": {"codename": "change_employee", "name": "Can change pracownik", "content_type": 34}}, 
{"pk": 104, "model": "auth.permission", "fields": {"codename": "delete_employee", "name": "Can delete pracownik", "content_type": 34}}, 
{"pk": 105, "model": "auth.permission", "fields": {"codename": "add_student", "name": "Can add student", "content_type": 35}}, 
{"pk": 106, "model": "auth.permission", "fields": {"codename": "change_student", "name": "Can change student", "content_type": 35}}, 
{"pk": 107, "model": "auth.permission", "fields": {"codename": "delete_student", "name": "Can delete student", "content_type": 35}}, 
{"pk": 108, "model": "auth.permission", "fields": {"codename": "add_type", "name": "Can add Typ studi\u00f3w", "content_type": 36}}, 
{"pk": 109, "model": "auth.permission", "fields": {"codename": "change_type", "name": "Can change Typ studi\u00f3w", "content_type": 36}}, 
{"pk": 110, "model": "auth.permission", "fields": {"codename": "delete_type", "name": "Can delete Typ studi\u00f3w", "content_type": 36}}, 
{"pk": 99, "model": "auth.permission", "fields": {"codename": "add_singlevote", "name": "Can add pojedynczy g\u0142os", "content_type": 33}}, 
{"pk": 100, "model": "auth.permission", "fields": {"codename": "change_singlevote", "name": "Can change pojedynczy g\u0142os", "content_type": 33}}, 
{"pk": 101, "model": "auth.permission", "fields": {"codename": "delete_singlevote", "name": "Can delete pojedynczy g\u0142os", "content_type": 33}}, 
{"pk": 96, "model": "auth.permission", "fields": {"codename": "add_systemstate", "name": "Can add ustawienia g\u0142osowania", "content_type": 32}}, 
{"pk": 97, "model": "auth.permission", "fields": {"codename": "change_systemstate", "name": "Can change ustawienia g\u0142osowania", "content_type": 32}}, 
{"pk": 98, "model": "auth.permission", "fields": {"codename": "delete_systemstate", "name": "Can delete ustawienia g\u0142osowania", "content_type": 32}}, 
{"pk": 1, "model": "auth.user", "fields": {"username": "neithan", "first_name": "", "last_name": "", "is_active": true, "is_superuser": true, "is_staff": true, "last_login": "2011-01-07 22:43:46", "groups": [], "user_permissions": [], "password": "sha1$cf507$01781ce5f4f8406a9b152feecdaebd135401a889", "email": "a@a.com", "date_joined": "2011-01-07 22:40:14"}}, 
{"pk": 2, "model": "auth.user", "fields": {"username": "Pracownik", "first_name": "", "last_name": "", "is_active": true, "is_superuser": false, "is_staff": false, "last_login": "2011-01-09 00:24:38", "groups": [], "user_permissions": [], "password": "sha1$222f1$831da984d8f5591d2f359b0159c09ec92410a124", "email": "", "date_joined": "2011-01-09 00:24:38"}}, 
{"pk": 3, "model": "auth.user", "fields": {"username": "Stud1", "first_name": "", "last_name": "", "is_active": true, "is_superuser": false, "is_staff": false, "last_login": "2011-01-09 00:32:50", "groups": [], "user_permissions": [], "password": "sha1$23a4e$4a27e40a8b2e65dc08a3bafda0a508e1589e89c9", "email": "", "date_joined": "2011-01-09 00:32:50"}}, 
{"pk": 4, "model": "auth.user", "fields": {"username": "Stud2", "first_name": "", "last_name": "", "is_active": true, "is_superuser": false, "is_staff": false, "last_login": "2011-01-09 00:40:19", "groups": [], "user_permissions": [], "password": "sha1$38633$0b3c010f90fb83d6547e4680a120f87155b7a7c6", "email": "", "date_joined": "2011-01-09 00:40:19"}}, 
{"pk": 5, "model": "auth.user", "fields": {"username": "Stud3", "first_name": "", "last_name": "", "is_active": true, "is_superuser": false, "is_staff": false, "last_login": "2011-01-09 00:59:54", "groups": [], "user_permissions": [], "password": "sha1$bc92c$b3c5bc7ff66e356736ecbe26aee32fc8b4b7ce05", "email": "", "date_joined": "2011-01-09 00:59:54"}}, 
{"pk": 6, "model": "auth.user", "fields": {"username": "Stud4", "first_name": "", "last_name": "", "is_active": true, "is_superuser": false, "is_staff": false, "last_login": "2011-01-09 01:03:57", "groups": [], "user_permissions": [], "password": "sha1$22562$278263a9a51f08b4d48dc2003b9b749f7435748c", "email": "", "date_joined": "2011-01-09 01:03:57"}}, 
{"pk": 1, "model": "users.employee", "fields": {"consultations": "brak", "receive_mass_mail_offer": true, "user": 2, "receive_mass_mail_enrollment": true}}, 
{"pk": 1, "model": "users.student", "fields": {"ects": 0, "records_opening_delay_minutes": 0, "receive_mass_mail_offer": true, "user": 3, "matricula": "000001", "program": 1, "receive_mass_mail_enrollment": true}}, 
{"pk": 2, "model": "users.student", "fields": {"ects": 0, "records_opening_delay_minutes": 0, "receive_mass_mail_offer": true, "user": 4, "matricula": "000002", "program": null, "receive_mass_mail_enrollment": true}}, 
{"pk": 3, "model": "users.student", "fields": {"ects": 0, "records_opening_delay_minutes": 0, "receive_mass_mail_offer": true, "user": 5, "matricula": "000003", "program": 2, "receive_mass_mail_enrollment": true}}, 
{"pk": 4, "model": "users.student", "fields": {"ects": 0, "records_opening_delay_minutes": 0, "receive_mass_mail_offer": true, "user": 6, "matricula": "000004", "program": null, "receive_mass_mail_enrollment": true}}, 
{"pk": 1, "model": "users.program", "fields": {"name": "Test"}}, 
{"pk": 2, "model": "users.program", "fields": {"name": "Invalid"}}, 
{"pk": 1, "model": "records.record", "fields": {"status": "1", "group": 1, "student": 1}}, 
{"pk": 2, "model": "records.record", "fields": {"status": "1", "group": 1, "student": 3}}, 
{"pk": 3, "model": "records.record", "fields": {"status": "2", "group": 1, "student": 4}}, 
{"pk": 4, "model": "records.record", "fields": {"status": "1", "group": 3, "student": 1}}, 
{"pk": 5, "model": "records.record", "fields": {"status": "1", "group": 4, "student": 1}}, 
{"pk": 1, "model": "courses.type", "fields": {"name": "testowy"}},
{"pk": 1, "model": "courses.courseentity", "fields": {"name": "Brak"}},
{"pk": 1, "model": "courses.course", "fields": {"lectures": 15, "name": "Testowy", "entity": 1, "semester": 1, "teachers": [1], "exercises": 0, "laboratories": 0, "type": 1, "slug": "testowy", "description": "testow"}},
{"pk": 1, "model": "courses.group", "fields": {"limit": 100, "type": "1", "teacher": 1, "course": 1}},
{"pk": 3, "model": "courses.group", "fields": {"limit": 10, "type": "2", "teacher": 1, "course": 1}},
{"pk": 4, "model": "courses.group", "fields": {"limit": 0, "type": "3", "teacher": 1, "course": 1}},
{"pk": 1, "model": "courses.semester", "fields": {"records_opening": null, "semester_ending": "2012-01-09", "records_closing": null, "visible": true, "year": 2011, "type": "z", "semester_beginning": "2011-01-08", "is_grade_active": true}},
{"pk": 1, "model": "poll.option", "fields": {"content": "Test 1"}}, 
{"pk": 2, "model": "poll.option", "fields": {"content": "Test 2"}}, 
{"pk": 1, "model": "poll.multiplechoicequestion", "fields": {"content": "[Wielokrotnego]Pytanie 4", "choice_limit": 2, "options": [1, 2], "has_other": true}}, 
{"pk": 2, "model": "poll.multiplechoicequestion", "fields": {"content": "[Wielokrotnego]Bez Sekcji", "choice_limit": 2, "options": [1, 2], "has_other": false}}, 
{"pk": 1, "model": "poll.multiplechoicequestionordering", "fields": {"sections": 1, "question": 1, "position": 4}}, 
{"pk": 1, "model": "poll.singlechoicequestion", "fields": {"content": "[Wiod\u0105ce][Jednokrotnego]Pytanie 1", "is_scale": true, "options": [1, 2]}}, 
{"pk": 2, "model": "poll.singlechoicequestion", "fields": {"content": "[Jednokrotnego]Pytanie 3", "is_scale": false, "options": [1, 2]}}, 
{"pk": 3, "model": "poll.singlechoicequestion", "fields": {"content": "[Jednokrotnego]Bez Sekcji", "is_scale": true, "options": [1, 2]}}, 
{"pk": 1, "model": "poll.singlechoicequestionordering", "fields": {"sections": 1, "hide_on": [], "question": 1, "is_leading": true, "position": 1}}, 
{"pk": 2, "model": "poll.singlechoicequestionordering", "fields": {"sections": 1, "hide_on": [], "question": 2, "is_leading": false, "position": 3}}, 
{"pk": 1, "model": "poll.openquestionordering", "fields": {"sections": 1, "question": 1, "position": 2}}, 
{"pk": 1, "model": "poll.openquestion", "fields": {"content": "[Otwarte]Pytanie 2"}}, 
{"pk": 2, "model": "poll.openquestion", "fields": {"content": "[Otwarte]Bez sekcji"}}, 
{"pk": 1, "model": "poll.section", "fields": {"description": "Brak", "title": "Test"}}, 
{"pk": 3, "model": "poll.poll", "fields": {"studies_type": 1, "group": null, "description": "", "title": "Global_s_t", "author": 1, "semester": 1}}, 
{"pk": 4, "model": "poll.poll", "fields": {"studies_type": null, "group": null, "description": "", "title": "Global", "author": 1, "semester": 1}}, 
{"pk": 5, "model": "poll.poll", "fields": {"studies_type": null, "group": 1, "description": "", "title": "Wyk\u0142ad", "author": 1, "semester": 1}}, 
{"pk": 6, "model": "poll.poll", "fields": {"studies_type": null, "group": 3, "description": "", "title": "\u0106wuczenia", "author": 1, "semester": 1}}, 
{"pk": 7, "model": "poll.poll", "fields": {"studies_type": null, "group": 4, "description": "", "title": "Przcownia", "author": 1, "semester": 1}}]
