[
    {
        "pk": 100, 
        "model": "auth.user", 
        "fields": {
            "username": "1000000", 
            "first_name": "Jan", 
            "last_name": "Kowalski0", 
            "is_active": true, 
            "is_superuser": false, 
            "is_staff": false, 
            "last_login": "2010-11-04 14:43:11", 
            "groups": [], 
            "user_permissions": [], 
            "password": "sha1$9915f$38f8781f7fbaed11078a9f38295b7bea1f871cb7", 
            "email": "aaa@aa.pl", 
            "date_joined": "2010-11-04 14:42:09"
        }
    }, 
    {
        "pk": 101, 
        "model": "auth.user", 
        "fields": {
            "username": "1000001", 
            "first_name": "Jan", 
            "last_name": "Kowalski1", 
            "is_active": true, 
            "is_superuser": false, 
            "is_staff": false, 
            "last_login": "2010-11-04 14:43:11", 
            "groups": [], 
            "user_permissions": [], 
            "password": "sha1$9915f$38f8781f7fbaed11078a9f38295b7bea1f871cb7", 
            "email": "aaa@aa.pl", 
            "date_joined": "2010-11-04 14:42:09"
        }
    }, 
    {
        "pk": 102, 
        "model": "auth.user", 
        "fields": {
            "username": "1000002", 
            "first_name": "Jan", 
            "last_name": "Kowalski2", 
            "is_active": true, 
            "is_superuser": false, 
            "is_staff": false, 
            "last_login": "2010-11-04 14:43:11", 
            "groups": [], 
            "user_permissions": [], 
            "password": "sha1$9915f$38f8781f7fbaed11078a9f38295b7bea1f871cb7", 
            "email": "aaa@aa.pl", 
            "date_joined": "2010-11-04 14:42:09"
        }
    }, 
    {
        "pk": 103, 
        "model": "auth.user", 
        "fields": {
            "username": "1000003", 
            "first_name": "Jan", 
            "last_name": "Kowalski3", 
            "is_active": true, 
            "is_superuser": false, 
            "is_staff": false, 
            "last_login": "2010-11-04 14:43:11", 
            "groups": [], 
            "user_permissions": [], 
            "password": "sha1$9915f$38f8781f7fbaed11078a9f38295b7bea1f871cb7", 
            "email": "aaa@aa.pl", 
            "date_joined": "2010-11-04 14:42:09"
        }
    }, 
    {
        "pk": 104, 
        "model": "auth.user", 
        "fields": {
            "username": "1000004", 
            "first_name": "Jan", 
            "last_name": "Kowalski4", 
            "is_active": true, 
            "is_superuser": false, 
            "is_staff": false, 
            "last_login": "2010-11-04 14:43:11", 
            "groups": [], 
            "user_permissions": [], 
            "password": "sha1$9915f$38f8781f7fbaed11078a9f38295b7bea1f871cb7", 
            "email": "aaa@aa.pl", 
            "date_joined": "2010-11-04 14:42:09"
        }
    }, 
    {
        "pk": 105, 
        "model": "auth.user", 
        "fields": {
            "username": "1000005", 
            "first_name": "Jan", 
            "last_name": "Kowalski5", 
            "is_active": true, 
            "is_superuser": false, 
            "is_staff": false, 
            "last_login": "2010-11-04 14:43:11", 
            "groups": [], 
            "user_permissions": [], 
            "password": "sha1$9915f$38f8781f7fbaed11078a9f38295b7bea1f871cb7", 
            "email": "aaa@aa.pl", 
            "date_joined": "2010-11-04 14:42:09"
        }
    }, 
    {
        "pk": 1000, 
        "model": "auth.user", 
        "fields": {
            "username": "prac0", 
            "first_name": "Artur", 
            "last_name": "Nowakowski0", 
            "is_active": true, 
            "is_superuser": true, 
            "is_staff": true, 
            "last_login": "2010-11-04 14:43:11", 
            "groups": [], 
            "user_permissions": [], 
            "password": "sha1$9915f$38f8781f7fbaed11078a9f38295b7bea1f871cb7", 
            "email": "aaa@aa.pl", 
            "date_joined": "2010-11-04 14:42:09"
        }
    }, 
    {
        "pk": 100, 
        "model": "subjects.studentoptions", 
        "fields": {
            "records_opening_delay_minutes": 8,
            "student": 100, 
            "subject": 100
        }
    }, 
   {
        "pk": 1, 
        "model": "subjects.type", 
        "fields": {
            "name": "obowi\u0105zkowy.O1"
        }
    }, 
    {
        "pk": 2, 
        "model": "subjects.type", 
        "fields": {
            "name": "obowi\u0105zkowy.O2"
        }
    }, 
    {
        "pk": 3, 
        "model": "subjects.type", 
        "fields": {
            "name": "obowi\u0105zkowy.O3"
        }
    }, 
    {
        "pk": 4, 
        "model": "subjects.type", 
        "fields": {
            "name": "informatyczny.I1"
        }
    }, 
    {
        "pk": 5, 
        "model": "subjects.type", 
        "fields": {
            "name": "informatyczny.I2"
        }
    }, 
    {
        "pk": 6, 
        "model": "subjects.type", 
        "fields": {
            "name": "kurs"
        }
    }, 
    {
        "pk": 7, 
        "model": "subjects.type", 
        "fields": {
            "name": "seminarium"
        }
    }, 
    {
        "pk": 100, 
        "model": "subjects.subjectentity", 
        "fields": {
            "name": "Wdra\u017canie system\u00f3w klasy ERP"
        }
    }, 
    {
        "pk": 101, 
        "model": "subjects.subjectentity", 
        "fields": {
            "name": "Logika dla informatyk\u00f3w"
        }
    }, 
    {
        "pk": 100, 
        "model": "subjects.subject", 
        "fields": {
            "lectures": 30, 
            "name": "Wdra\u017canie system\u00f3w klasy ERP", 
            "entity": 100, 
            "semester": 100, 
            "teachers": [
                1000
            ], 
            "exercises": 30, 
            "laboratories": 0, 
            "type": 5, 
            "slug": "wdrazanie-systemow-klasy-erp", 
            "description": "Opis"
        }
    }, 
    {
        "pk": 102, 
        "model": "subjects.subject", 
        "fields": {
            "lectures": 30, 
            "name": "Logika dla informatyk\u00f3w", 
            "entity": 101, 
            "semester": 100, 
            "teachers": [
                1000
            ], 
            "exercises": 30, 
            "laboratories": 0, 
            "type": 5, 
            "slug": "logika-dla-informatyk\u00f3w", 
            "description": "Opis"
        }
    }, 
    {
        "pk": 100, 
        "model": "subjects.group", 
        "fields": {
            "limit": 20, 
            "type": "1", 
            "teacher": 1000, 
            "subject": 100
        }
    }, 
    {
        "pk": 101, 
        "model": "subjects.group", 
        "fields": {
            "limit": 1, 
            "type": "2", 
            "teacher": 1000, 
            "subject": 100
        }
    }, 
    {
        "pk": 102, 
        "model": "subjects.group", 
        "fields": {
            "limit": 20, 
            "type": "2", 
            "teacher": 1000, 
            "subject": 100
        }
    }, 
    {
        "pk": 103, 
        "model": "subjects.group", 
        "fields": {
            "limit": 20, 
            "type": "2", 
            "teacher": 1000, 
            "subject": 100
        }
    },
    {
        "pk": 104, 
        "model": "subjects.group", 
        "fields": {
            "limit": 1, 
            "type": "1", 
            "teacher": 1000, 
            "subject": 102
        }
    },
    {
        "pk": 100, 
        "model": "subjects.classroom", 
        "fields": {
            "number": "62"
        }
    }, 
    {
        "pk": 100, 
        "model": "subjects.term", 
        "fields": {
            "dayOfWeek": "1", 
            "classroom": 100, 
            "start_time": "16:00:00", 
            "group": 100, 
            "end_time": "18:00:00"
        }
    }, 
    {
        "pk": 101, 
        "model": "subjects.term", 
        "fields": {
            "dayOfWeek": "2", 
            "classroom": 100, 
            "start_time": "10:00:00", 
            "group": 101, 
            "end_time": "12:00:00"
        }
    }, 
    {
        "pk": 100,
        "model": "subjects.semester",
        "fields": {
            "records_opening": "2010-02-01 00:00:00",
            "visible": true,
            "type": "l",
            "records_closing": "2010-02-15 00:00:00",
            "semester_beginning": "2011-02-26",
            "semester_ending": "2011-06-21",
            "year": 2009
        }
    },
    {
        "pk": 101,
        "model": "subjects.semester",
        "fields": {
            "records_opening": "2010-09-25 00:00:00",
            "visible": true,
            "type": "z",
            "records_closing": "2010-10-15 00:00:00",
            "semester_beginning": "2010-10-01",
            "semester_ending": "2011-02-02",
            "year": 2010
        }
    }, 
    {
        "pk": 1000, 
        "model": "users.employee", 
        "fields": {
            "consultations": "pn 10:00 - 12:00", 
            "receive_mass_mail_offer": true, 
            "user": 1000, 
            "receive_mass_mail_enrollment": true
        }
    }, 
    {
        "pk": 100, 
        "model": "users.student", 
        "fields": {
            "ects": 134, 
            "records_opening_delay_minutes": 0,
            "receive_mass_mail_offer": true, 
            "user": 100, 
            "matricula": "1000000", 
            "program": 1, 
            "receive_mass_mail_enrollment": true
        }
    }, 
    {
        "pk": 101, 
        "model": "users.student", 
        "fields": {
            "ects": 134, 
            "records_opening_delay_minutes": 0,
            "receive_mass_mail_offer": true, 
            "user": 101, 
            "matricula": "1000001", 
            "program": 1, 
            "receive_mass_mail_enrollment": true
        }
    }, 
    {
        "pk": 102, 
        "model": "users.student", 
        "fields": {
            "ects": 134, 
            "records_opening_delay_minutes": 0,
            "receive_mass_mail_offer": true, 
            "user": 102, 
            "matricula": "1000002", 
            "program": 1, 
            "receive_mass_mail_enrollment": true
        }
    },
    {
        "pk": 103, 
        "model": "users.student", 
        "fields": {
            "ects": 134, 
            "records_opening_delay_minutes": 0,
            "receive_mass_mail_offer": true, 
            "user": 103, 
            "matricula": "1000003", 
            "program": 1, 
            "receive_mass_mail_enrollment": true
        }
    }, 
    {
        "pk": 104, 
        "model": "users.student", 
        "fields": {
            "ects": 134, 
            "records_opening_delay_minutes": 0,
            "receive_mass_mail_offer": true, 
            "user": 104, 
            "matricula": "1000004", 
            "program": 1, 
            "receive_mass_mail_enrollment": true
        }
    }, 
    {
        "pk": 105, 
        "model": "users.student", 
        "fields": {
            "ects": 134, 
            "records_opening_delay_minutes": 0,
            "receive_mass_mail_offer": true, 
            "user": 105, 
            "matricula": "1000005", 
            "program": 1, 
            "receive_mass_mail_enrollment": true
        }
    }, 
    {
        "pk": 0, 
        "model": "users.program", 
        "fields": {
            "name": "in\u017cynierskie"
        }
    }, 
    {
        "pk": 1, 
        "model": "users.program", 
        "fields": {
            "name": "magisterskie"
        }
    }, 
    {
        "pk": 2, 
        "model": "users.program", 
        "fields": {
            "name": "licencjackie"
        }
    }, 
    {
        "pk": 3, 
        "model": "users.program", 
        "fields": {
            "name": "doktoranckie"
        }
    },
    {
        "pk": 1,
        "model": "subjects.pointtypes",
        "fields": {
            "name": "ECTS"
        }
    },
    {
       "pk": 1,
       "model": "subjects.pointsofsubjects",
       "fields": {
            "subject": 100,
            "type_of_point": 1, 
            "program": 1,
            "value": 6
       }
    },
    {
       "pk": 2,
       "model": "subjects.pointsofsubjects",
       "fields": {
            "subject": 100,
            "type_of_point": 1, 
            "program": 2,
            "value": 6
       }
    },
    {
       "pk": 3,
       "model": "subjects.pointsofsubjects",
       "fields": {
            "subject": 100,
            "type_of_point": 1, 
            "program": 3,
            "value": 6
       }
    },
    {
       "pk": 4,
       "model": "subjects.pointsofsubjects",
       "fields": {
            "subject": 100,
            "type_of_point": 1, 
            "program": 0,
            "value": 6
       }
    },
    {
       "pk": 5,
       "model": "subjects.pointsofsubjects",
       "fields": {
            "subject": 102,
            "type_of_point": 1, 
            "program": 1,
            "value": 40
       }
    },
    {
       "pk": 6,
       "model": "subjects.pointsofsubjects",
       "fields": {
            "subject": 102,
            "type_of_point": 1, 
            "program": 2,
            "value": 40
       }
    },
    {
       "pk": 7,
       "model": "subjects.pointsofsubjects",
       "fields": {
            "subject": 102,
            "type_of_point": 1, 
            "program": 3,
            "value": 40
       }
    },
    {
       "pk": 8,
       "model": "subjects.pointsofsubjects",
       "fields": {
            "subject": 102,
            "type_of_point": 1, 
            "program": 0,
            "value": 40
       }
    },
    {
        "pk": 1, 
        "model": "records.record", 
        "fields": {
            "status": "1", 
            "group": 101, 
            "student": 100
        }
    }, 
    {
        "pk": 2, 
        "model": "records.record", 
        "fields": {
            "status": "1", 
            "group": 102, 
            "student": 100
        }
    },
    {
        "pk": 3, 
        "model": "records.record", 
        "fields": {
            "status": "1", 
            "group": 104, 
            "student": 103
        }
    }, 
    {
        "pk": 4, 
        "model": "records.record", 
        "fields": {
            "status": "1", 
            "group": 100, 
            "student": 104
        }
    }, 
    {
        "pk": 1, 
        "model": "records.queue", 
        "fields": {
            "priority": 0, 
            "group": 101, 
            "student": 101, 
            "time": "2010-12-23 15:32:20"
        }
    },
    {
        "pk": 2, 
        "model": "records.queue", 
        "fields": {
            "priority": 0, 
            "group": 103, 
            "student": 100, 
            "time": "2010-12-23 15:32:20"
        }
    },
    {
        "pk": 3, 
        "model": "records.queue", 
        "fields": {
            "priority": 0, 
            "group": 103, 
            "student": 101, 
            "time": "2010-12-23 14:12:20"
        }
    },
    {
        "pk": 4, 
        "model": "records.queue", 
        "fields": {
            "priority": 0, 
            "group": 103, 
            "student": 102, 
            "time": "2010-12-23 14:20:20"
        }
    },
    {
        "pk": 5, 
        "model": "records.queue", 
        "fields": {
            "priority": 0, 
            "group": 104, 
            "student": 104, 
            "time": "2010-12-23 14:20:20"
        }
    },
    {
        "pk": 6, 
        "model": "records.queue", 
        "fields": {
            "priority": 0, 
            "group": 104, 
            "student": 105, 
            "time": "2010-12-23 14:20:20"
        }
    }
]

