[
{"pk": "6c58724d8b6eecbcf5e194e477061470", "model": "sessions.session", "fields": {"expire_date": "2011-02-18 12:19:12", "session_data": "gAJ9cQEoVRJfYXV0aF91c2VyX2JhY2tlbmRxAlUpZGphbmdvLmNvbnRyaWIuYXV0aC5iYWNrZW5k\ncy5Nb2RlbEJhY2tlbmRxA1UNX2F1dGhfdXNlcl9pZHEESwF1LjI4M2RkYzgyZDIyZTBiMmNkNzYz\nYWQ4ZTVjYmZkMzFi\n"}}, 
{"pk": 1, "model": "sites.site", "fields": {"domain": "example.com", "name": "example.com"}}, 
{"pk": 11, "model": "admin.logentry", "fields": {"action_flag": 2, "action_time": "2011-02-04 13:05:06", "object_repr": "\u0106wiczenia udost\u0119pnione, grupa: Testowy: \u0107wiczenia - ", "object_id": "5", "change_message": "Zmieniono share_result", "user": 1, "content_type": 50}}, 
{"pk": 10, "model": "admin.logentry", "fields": {"action_flag": 1, "action_time": "2011-02-04 12:36:37", "object_repr": "\u0106wiczenia, prywatna, grupa: Testowy: \u0107wiczenia - ", "object_id": "6", "change_message": "", "user": 1, "content_type": 50}}, 
{"pk": 9, "model": "admin.logentry", "fields": {"action_flag": 1, "action_time": "2011-02-04 12:36:31", "object_repr": "Testowy: \u0107wiczenia - ", "object_id": "3", "change_message": "", "user": 1, "content_type": 36}}, 
{"pk": 8, "model": "admin.logentry", "fields": {"action_flag": 1, "action_time": "2011-02-04 12:36:00", "object_repr": "Prywatek", "object_id": "3", "change_message": "", "user": 1, "content_type": 26}}, 
{"pk": 7, "model": "admin.logentry", "fields": {"action_flag": 2, "action_time": "2011-02-04 12:35:38", "object_repr": "Prywatek", "object_id": "8", "change_message": "\u017badne pole nie zmienione.", "user": 1, "content_type": 3}}, 
{"pk": 6, "model": "admin.logentry", "fields": {"action_flag": 1, "action_time": "2011-02-04 12:35:29", "object_repr": "Prywatek", "object_id": "8", "change_message": "", "user": 1, "content_type": 3}}, 
{"pk": 5, "model": "admin.logentry", "fields": {"action_flag": 1, "action_time": "2011-02-04 12:34:45", "object_repr": "\u0106wiczenia udost\u0119pnione, grupa: Testowy: \u0107wiczenia - ", "object_id": "5", "change_message": "", "user": 1, "content_type": 50}}, 
{"pk": 4, "model": "admin.logentry", "fields": {"action_flag": 1, "action_time": "2011-02-04 12:34:08", "object_repr": "Testowy: \u0107wiczenia - ", "object_id": "2", "change_message": "", "user": 1, "content_type": 36}}, 
{"pk": 3, "model": "admin.logentry", "fields": {"action_flag": 1, "action_time": "2011-02-04 12:33:58", "object_repr": "Udostepniacz", "object_id": "2", "change_message": "", "user": 1, "content_type": 26}}, 
{"pk": 2, "model": "admin.logentry", "fields": {"action_flag": 2, "action_time": "2011-02-04 12:33:32", "object_repr": "Udostepniacz", "object_id": "7", "change_message": "\u017badne pole nie zmienione.", "user": 1, "content_type": 3}}, 
{"pk": 1, "model": "admin.logentry", "fields": {"action_flag": 1, "action_time": "2011-02-04 12:33:23", "object_repr": "Udostepniacz", "object_id": "7", "change_message": "", "user": 1, "content_type": 3}}, 
{"pk": 1, "model": "south.migrationhistory", "fields": {"applied": "2011-02-04 11:13:16", "app_name": "mailer", "migration": "0001_initial"}}, 
{"pk": 2, "model": "south.migrationhistory", "fields": {"applied": "2011-02-04 11:13:19", "app_name": "records", "migration": "0001_initial"}}, 
{"pk": 3, "model": "south.migrationhistory", "fields": {"applied": "2011-02-04 11:13:20", "app_name": "news", "migration": "0001_initial"}}, 
{"pk": 4, "model": "south.migrationhistory", "fields": {"applied": "2011-02-04 11:13:20", "app_name": "news", "migration": "0002_auto__chg_field_news_date"}}, 
{"pk": 5, "model": "south.migrationhistory", "fields": {"applied": "2011-02-04 11:13:20", "app_name": "news", "migration": "0003_auto__add_field_news_author"}}, 
{"pk": 6, "model": "south.migrationhistory", "fields": {"applied": "2011-02-04 11:13:21", "app_name": "news", "migration": "0004_auto__add_field_news_category"}}, 
{"pk": 7, "model": "south.migrationhistory", "fields": {"applied": "2011-02-04 11:13:22", "app_name": "preferences", "migration": "0001_initial"}}, 
{"pk": 8, "model": "south.migrationhistory", "fields": {"applied": "2011-02-04 11:13:22", "app_name": "preferences", "migration": "0002_auto__add_field_preference_hidden"}}, 
{"pk": 9, "model": "south.migrationhistory", "fields": {"applied": "2011-02-04 11:13:23", "app_name": "proposal", "migration": "0001_initial"}}, 
{"pk": 10, "model": "south.migrationhistory", "fields": {"applied": "2011-02-04 11:13:25", "app_name": "proposal", "migration": "0002_auto__del_proposal__del_proposaldescription__add_proposal__add_proposa"}}, 
{"pk": 11, "model": "south.migrationhistory", "fields": {"applied": "2011-02-04 11:13:26", "app_name": "proposal", "migration": "0003_issue41"}}, 
{"pk": 12, "model": "south.migrationhistory", "fields": {"applied": "2011-02-04 11:13:27", "app_name": "proposal", "migration": "0004_add_author"}}, 
{"pk": 13, "model": "south.migrationhistory", "fields": {"applied": "2011-02-04 11:13:29", "app_name": "proposal", "migration": "0005_auto__del_field_proposal_lectures__del_field_proposal_ects__del_field_"}}, 
{"pk": 14, "model": "south.migrationhistory", "fields": {"applied": "2011-02-04 11:13:30", "app_name": "proposal", "migration": "0006_auto"}}, 
{"pk": 15, "model": "south.migrationhistory", "fields": {"applied": "2011-02-04 11:13:31", "app_name": "proposal", "migration": "0007_auto__add_field_proposal_owner__chg_field_proposaldescription_author"}}, 
{"pk": 16, "model": "south.migrationhistory", "fields": {"applied": "2011-02-04 11:13:31", "app_name": "proposal", "migration": "0008_auto__add_field_proposal_deleted"}}, 
{"pk": 17, "model": "south.migrationhistory", "fields": {"applied": "2011-02-04 11:13:32", "app_name": "proposal", "migration": "0009_auto__chg_field_proposal_owner"}}, 
{"pk": 18, "model": "south.migrationhistory", "fields": {"applied": "2011-02-04 11:13:32", "app_name": "proposal", "migration": "0010_auto__add_field_proposaldescription_deleted"}}, 
{"pk": 19, "model": "south.migrationhistory", "fields": {"applied": "2011-02-04 11:13:32", "app_name": "proposal", "migration": "0011_migracja"}}, 
{"pk": 20, "model": "south.migrationhistory", "fields": {"applied": "2011-02-04 11:13:33", "app_name": "proposal", "migration": "0012_auto__add_field_proposaldescription_webPage"}}, 
{"pk": 21, "model": "south.migrationhistory", "fields": {"applied": "2011-02-04 11:13:33", "app_name": "proposal", "migration": "0013_auto__del_field_proposaldescription_webPage__add_field_proposaldescrip"}}, 
{"pk": 22, "model": "south.migrationhistory", "fields": {"applied": "2011-02-04 11:13:34", "app_name": "proposal", "migration": "0014_auto__add_descriptiontypes__add_types__del_field_proposaldescription_t"}}, 
{"pk": 23, "model": "south.migrationhistory", "fields": {"applied": "2011-02-04 11:13:39", "app_name": "vote", "migration": "0001_initial"}}, 
{"pk": 24, "model": "south.migrationhistory", "fields": {"applied": "2011-02-04 11:13:41", "app_name": "users", "migration": "0001_initial"}}, 
{"pk": 25, "model": "south.migrationhistory", "fields": {"applied": "2011-02-04 11:13:41", "app_name": "users", "migration": "0002_auto__add_field_student_matricula"}}, 
{"pk": 26, "model": "south.migrationhistory", "fields": {"applied": "2011-02-04 11:13:42", "app_name": "users", "migration": "0003_add_name"}}, 
{"pk": 27, "model": "south.migrationhistory", "fields": {"applied": "2011-02-04 11:13:42", "app_name": "users", "migration": "0003_auto__add_field_employee_receive_mass_mail_offer"}}, 
{"pk": 28, "model": "south.migrationhistory", "fields": {"applied": "2011-02-04 11:13:42", "app_name": "users", "migration": "0004_auto__add_field_records_opening_hour"}}, 
{"pk": 29, "model": "south.migrationhistory", "fields": {"applied": "2011-02-04 11:13:43", "app_name": "users", "migration": "0005_auto__chg_field_student_records_opening_hour"}}, 
{"pk": 30, "model": "south.migrationhistory", "fields": {"applied": "2011-02-04 11:13:44", "app_name": "users", "migration": "0006_issue_119"}}, 
{"pk": 31, "model": "south.migrationhistory", "fields": {"applied": "2011-02-04 11:13:45", "app_name": "users", "migration": "0007_auto__del_field_student_records_opening_hour__add_field_student_record"}}, 
{"pk": 32, "model": "south.migrationhistory", "fields": {"applied": "2011-02-04 11:13:45", "app_name": "users", "migration": "0008_auto__add_field_employee_consultations"}}, 
{"pk": 33, "model": "south.migrationhistory", "fields": {"applied": "2011-02-04 11:13:45", "app_name": "users", "migration": "0009_auto__add_field_student_receive_mass_mail_offer"}}, 
{"pk": 34, "model": "south.migrationhistory", "fields": {"applied": "2011-02-04 11:13:45", "app_name": "users", "migration": "0010_auto__add_field_student_ects"}}, 
{"pk": 35, "model": "south.migrationhistory", "fields": {"applied": "2011-02-04 11:13:46", "app_name": "users", "migration": "0011_auto__add_field_employee_receive_mass_mail_enrollment__add_field_stude"}}, 
{"pk": 36, "model": "south.migrationhistory", "fields": {"applied": "2011-02-04 11:13:46", "app_name": "users", "migration": "0012_auto__add_type__add_field_student_type"}}, 
{"pk": 37, "model": "south.migrationhistory", "fields": {"applied": "2011-02-04 11:13:49", "app_name": "ticket_create", "migration": "0001_initial"}}, 
{"pk": 38, "model": "south.migrationhistory", "fields": {"applied": "2011-02-04 11:13:53", "app_name": "courses", "migration": "0001_initial"}},
{"pk": 39, "model": "south.migrationhistory", "fields": {"applied": "2011-02-04 11:13:54", "app_name": "courses", "migration": "0002_auto__del_coursedescription__del_books__add_book__add_field_course_d"}},
{"pk": 40, "model": "south.migrationhistory", "fields": {"applied": "2011-02-04 11:13:54", "app_name": "courses", "migration": "0003_auto__add_semester__add_field_course_semester"}},
{"pk": 41, "model": "south.migrationhistory", "fields": {"applied": "2011-02-04 11:13:54", "app_name": "courses", "migration": "0004_auto__add_field_semester_visible"}},
{"pk": 42, "model": "south.migrationhistory", "fields": {"applied": "2011-02-04 11:13:55", "app_name": "courses", "migration": "0005_auto__add_type"}},
{"pk": 43, "model": "south.migrationhistory", "fields": {"applied": "2011-02-04 11:13:55", "app_name": "courses", "migration": "0006_auto__add_unique_type_name__add_field_course_type"}},
{"pk": 44, "model": "south.migrationhistory", "fields": {"applied": "2011-02-04 11:13:55", "app_name": "courses", "migration": "0007_auto__add_courseentity__add_field_course_entity"}},
{"pk": 45, "model": "south.migrationhistory", "fields": {"applied": "2011-02-04 11:13:56", "app_name": "courses", "migration": "0008_create_course_entities"}},
{"pk": 46, "model": "south.migrationhistory", "fields": {"applied": "2011-02-04 11:13:56", "app_name": "courses", "migration": "0009_auto__add_field_term_start_time__add_field_term_end_time"}},
{"pk": 47, "model": "south.migrationhistory", "fields": {"applied": "2011-02-04 11:13:57", "app_name": "courses", "migration": "0010_auto__del_field_term_start_time__del_field_term_end_time"}},
{"pk": 48, "model": "south.migrationhistory", "fields": {"applied": "2011-02-04 11:13:57", "app_name": "courses", "migration": "0011_auto"}},
{"pk": 49, "model": "south.migrationhistory", "fields": {"applied": "2011-02-04 11:13:58", "app_name": "courses", "migration": "0012_auto"}},
{"pk": 50, "model": "south.migrationhistory", "fields": {"applied": "2011-02-04 11:13:58", "app_name": "courses", "migration": "0013_auto__add_field_term_classroom"}},
{"pk": 51, "model": "south.migrationhistory", "fields": {"applied": "2011-02-04 11:13:59", "app_name": "courses", "migration": "0014_auto__chg_field_term_hourFrom__chg_field_term_hourTo"}},
{"pk": 52, "model": "south.migrationhistory", "fields": {"applied": "2011-02-04 11:14:00", "app_name": "courses", "migration": "0015_auto__chg_field_term_hourFrom__chg_field_term_hourTo"}},
{"pk": 53, "model": "south.migrationhistory", "fields": {"applied": "2011-02-04 11:14:01", "app_name": "courses", "migration": "0016_auto__chg_field_term_hourFrom__chg_field_term_hourTo"}},
{"pk": 54, "model": "south.migrationhistory", "fields": {"applied": "2011-02-04 11:14:02", "app_name": "courses", "migration": "0017_auto__del_field_term_hourFrom__del_field_term_hourTo__add_field_term_s"}},
{"pk": 55, "model": "south.migrationhistory", "fields": {"applied": "2011-02-04 11:14:03", "app_name": "courses", "migration": "0018_auto__add_field_term_group__add_unique_term_classroom_start_time__add_"}},
{"pk": 56, "model": "south.migrationhistory", "fields": {"applied": "2011-02-04 11:14:03", "app_name": "courses", "migration": "0019_auto__chg_field_term_group"}},
{"pk": 57, "model": "south.migrationhistory", "fields": {"applied": "2011-02-04 11:14:04", "app_name": "courses", "migration": "0020_auto__chg_field_term_group"}},
{"pk": 58, "model": "south.migrationhistory", "fields": {"applied": "2011-02-04 11:14:05", "app_name": "courses", "migration": "0021_auto"}},
{"pk": 59, "model": "south.migrationhistory", "fields": {"applied": "2011-02-04 11:14:05", "app_name": "courses", "migration": "0022_auto__chg_field_term_group"}},
{"pk": 60, "model": "south.migrationhistory", "fields": {"applied": "2011-02-04 11:14:06", "app_name": "courses", "migration": "0023_auto__add_studentoptions"}},
{"pk": 61, "model": "south.migrationhistory", "fields": {"applied": "2011-02-04 11:14:07", "app_name": "courses", "migration": "0024_auto__chg_field_group_teacher"}},
{"pk": 62, "model": "south.migrationhistory", "fields": {"applied": "2011-02-04 11:14:07", "app_name": "courses", "migration": "0025_auto__del_unique_term_classroom_start_time__del_unique_term_classroom_"}},
{"pk": 63, "model": "south.migrationhistory", "fields": {"applied": "2011-02-04 11:14:07", "app_name": "courses", "migration": "0026_auto__add_field_semester_records_opening__add_field_semester_records_c"}},
{"pk": 64, "model": "south.migrationhistory", "fields": {"applied": "2011-02-04 11:14:08", "app_name": "courses", "migration": "0027_auto__add_field_course_ects"}},
{"pk": 65, "model": "south.migrationhistory", "fields": {"applied": "2011-02-04 11:14:08", "app_name": "courses", "migration": "0028_auto__add_field_semester_semester_ending__add_field_semester_semester_"}},
{"pk": 66, "model": "south.migrationhistory", "fields": {"applied": "2011-02-04 11:14:09", "app_name": "courses", "migration": "0028_auto__add_field_type_meta_type__add_field_type_group"}},
{"pk": 67, "model": "south.migrationhistory", "fields": {"applied": "2011-02-04 11:14:09", "app_name": "courses", "migration": "0029_auto__add_field_semester_is_grade_active"}},
{"pk": 68, "model": "south.migrationhistory", "fields": {"applied": "2011-02-04 11:14:17", "app_name": "poll", "migration": "0001_initial"}}, 
{"pk": 69, "model": "south.migrationhistory", "fields": {"applied": "2011-02-04 11:14:19", "app_name": "poll", "migration": "0002_auto__add_openquestionordering__add_multiplechoicequestionordering__ad"}}, 
{"pk": 70, "model": "south.migrationhistory", "fields": {"applied": "2011-02-04 11:14:20", "app_name": "poll", "migration": "0003_auto__add_sectionordering__add_poll"}}, 
{"pk": 71, "model": "south.migrationhistory", "fields": {"applied": "2011-02-04 11:14:24", "app_name": "poll", "migration": "0004_auto__add_openquestionanswer__add_singlechoicequestionanswer__add_mult"}}, 
{"pk": 72, "model": "south.migrationhistory", "fields": {"applied": "2011-02-04 11:14:25", "app_name": "poll", "migration": "0005_auto__chg_field_section_description__chg_field_poll_description"}}, 
{"pk": 73, "model": "south.migrationhistory", "fields": {"applied": "2011-02-04 11:14:25", "app_name": "poll", "migration": "0006_auto__add_field_poll_semester"}}, 
{"pk": 74, "model": "south.migrationhistory", "fields": {"applied": "2011-02-04 11:14:27", "app_name": "poll", "migration": "0007_auto__del_field_openquestionordering_section__add_field_openquestionor"}}, 
{"pk": 75, "model": "south.migrationhistory", "fields": {"applied": "2011-02-04 11:14:28", "app_name": "poll", "migration": "0008_auto__add_field_openquestionanswer_section__add_field_singlechoiceques"}}, 
{"pk": 76, "model": "south.migrationhistory", "fields": {"applied": "2011-02-04 11:14:29", "app_name": "poll", "migration": "0009_auto__add_field_openquestionanswer_saved_ticket__add_field_singlechoic"}}, 
{"pk": 77, "model": "south.migrationhistory", "fields": {"applied": "2011-02-04 11:14:31", "app_name": "poll", "migration": "0010_auto__chg_field_openquestionanswer_content__chg_field_singlechoiceques"}}, 
{"pk": 78, "model": "south.migrationhistory", "fields": {"applied": "2011-02-04 11:14:32", "app_name": "poll", "migration": "0011_auto"}}, 
{"pk": 79, "model": "south.migrationhistory", "fields": {"applied": "2011-02-04 11:14:32", "app_name": "poll", "migration": "0012_ticket_336"}}, 
{"pk": 80, "model": "south.migrationhistory", "fields": {"applied": "2011-02-04 11:14:34", "app_name": "poll", "migration": "0013_auto__chg_field_singlechoicequestion_description__chg_field_openquesti"}}, 
{"pk": 81, "model": "south.migrationhistory", "fields": {"applied": "2011-02-04 11:14:34", "app_name": "poll", "migration": "0014_auto__add_field_section_deleted"}}, 
{"pk": 82, "model": "south.migrationhistory", "fields": {"applied": "2011-02-04 11:14:35", "app_name": "poll", "migration": "0015_auto__add_field_poll_deleted"}}, 
{"pk": 83, "model": "south.migrationhistory", "fields": {"applied": "2011-02-04 12:04:47", "app_name": "poll", "migration": "0016_auto__add_field_poll_share_result"}}, 
{"pk": 1, "model": "records.record", "fields": {"status": "1", "group": 1, "student": 1}}, 
{"pk": 2, "model": "records.record", "fields": {"status": "1", "group": 1, "student": 3}}, 
{"pk": 3, "model": "records.record", "fields": {"status": "2", "group": 1, "student": 4}}, 
{"pk": 1, "model": "vote.systemstate", "fields": {"max_vote": 30, "max_points": 3, "vote_beg": "2011-01-01", "vote_end": "2011-12-31", "year": 2011}}, 
{"pk": 1, "model": "users.employee", "fields": {"consultations": "brak", "receive_mass_mail_offer": true, "user": 2, "receive_mass_mail_enrollment": true}}, 
{"pk": 2, "model": "users.employee", "fields": {"consultations": "brak", "receive_mass_mail_offer": true, "user": 7, "receive_mass_mail_enrollment": true}}, 
{"pk": 3, "model": "users.employee", "fields": {"consultations": "brak", "receive_mass_mail_offer": true, "user": 8, "receive_mass_mail_enrollment": true}}, 
{"pk": 1, "model": "users.student", "fields": {"ects": 0, "records_opening_delay_minutes": 0, "receive_mass_mail_offer": true, "user": 3, "matricula": "000001", "program": 1, "receive_mass_mail_enrollment": true}}, 
{"pk": 2, "model": "users.student", "fields": {"ects": 0, "records_opening_delay_minutes": 0, "receive_mass_mail_offer": true, "user": 4, "matricula": "000002", "program": null, "receive_mass_mail_enrollment": true}}, 
{"pk": 3, "model": "users.student", "fields": {"ects": 0, "records_opening_delay_minutes": 0, "receive_mass_mail_offer": true, "user": 5, "matricula": "000003", "program": 2, "receive_mass_mail_enrollment": true}}, 
{"pk": 4, "model": "users.student", "fields": {"ects": 0, "records_opening_delay_minutes": 0, "receive_mass_mail_offer": true, "user": 6, "matricula": "000004", "program": null, "receive_mass_mail_enrollment": true}}, 
{"pk": 1, "model": "users.program", "fields": {"name": "Test"}}, 
{"pk": 2, "model": "users.program", "fields": {"name": "Invalid"}}, 
{"pk": 1, "model": "courses.type", "fields": {"meta_type": false, "group": null, "name": "testowy"}},
{"pk": 1, "model": "courses.courseentity", "fields": {"name": "Brak"}},
{"pk": 1, "model": "courses.course", "fields": {"lectures": 15, "name": "Testowy", "entity": 1, "semester": 1, "teachers": [1], "exercises": 0, "laboratories": 0, "type": 1, "slug": "testowy", "description": "testow"}},
{"pk": 1, "model": "courses.group", "fields": {"limit": 100, "type": "1", "teacher": 1, "course": 1}},
{"pk": 2, "model": "courses.group", "fields": {"limit": 100, "type": "2", "teacher": 2, "course": 1}},
{"pk": 3, "model": "courses.group", "fields": {"limit": 0, "type": "2", "teacher": 3, "course": 1}},
{"pk": 1, "model": "courses.semester", "fields": {"records_opening": null, "semester_ending": "2012-01-09", "records_closing": null, "visible": true, "year": 2011, "type": "z", "semester_beginning": "2011-01-08", "is_grade_active": true}},
{"pk": 1, "model": "poll.option", "fields": {"content": "Test 1"}}, 
{"pk": 2, "model": "poll.option", "fields": {"content": "Test 2"}}, 
{"pk": 1, "model": "poll.multiplechoicequestion", "fields": {"content": "[Wielokrotnego]Pytanie 4", "choice_limit": 2, "description": null, "has_other": true, "options": [1, 2]}}, 
{"pk": 2, "model": "poll.multiplechoicequestion", "fields": {"content": "[Wielokrotnego]Bez Sekcji", "choice_limit": 2, "description": null, "has_other": false, "options": [1, 2]}}, 
{"pk": 1, "model": "poll.multiplechoicequestionordering", "fields": {"sections": 1, "question": 1, "position": 4}}, 
{"pk": 1, "model": "poll.singlechoicequestion", "fields": {"content": "[Wiod\u0105ce][Jednokrotnego]Pytanie 1", "is_scale": true, "description": null, "options": [1, 2]}}, 
{"pk": 2, "model": "poll.singlechoicequestion", "fields": {"content": "[Jednokrotnego]Pytanie 3", "is_scale": false, "description": null, "options": [1, 2]}}, 
{"pk": 3, "model": "poll.singlechoicequestion", "fields": {"content": "[Jednokrotnego]Bez Sekcji", "is_scale": true, "description": null, "options": [1, 2]}}, 
{"pk": 1, "model": "poll.singlechoicequestionordering", "fields": {"sections": 1, "hide_on": [], "question": 1, "is_leading": true, "position": 1}}, 
{"pk": 2, "model": "poll.singlechoicequestionordering", "fields": {"sections": 1, "hide_on": [], "question": 2, "is_leading": false, "position": 3}}, 
{"pk": 1, "model": "poll.openquestionordering", "fields": {"sections": 1, "question": 1, "position": 2}}, 
{"pk": 1, "model": "poll.openquestion", "fields": {"content": "[Otwarte]Pytanie 2", "description": null}}, 
{"pk": 2, "model": "poll.openquestion", "fields": {"content": "[Otwarte]Bez sekcji", "description": null}}, 
{"pk": 1, "model": "poll.section", "fields": {"deleted": false, "description": "Brak", "title": "Test"}}, 
{"pk": 1, "model": "poll.poll", "fields": {"studies_type": null, "share_result": false, "group": 1, "description": "", "title": "Ankieta Grupa", "deleted": false, "author": 1, "semester": 1}}, 
{"pk": 2, "model": "poll.poll", "fields": {"studies_type": 1, "share_result": false, "group": 1, "description": "", "title": "Test2", "deleted": false, "author": 1, "semester": 1}}, 
{"pk": 3, "model": "poll.poll", "fields": {"studies_type": 1, "share_result": false, "group": null, "description": "", "title": "Global_s_t", "deleted": false, "author": 1, "semester": 1}}, 
{"pk": 4, "model": "poll.poll", "fields": {"studies_type": null, "share_result": false, "group": null, "description": "", "title": "Global", "deleted": false, "author": 1, "semester": 1}}, 
{"pk": 5, "model": "poll.poll", "fields": {"studies_type": null, "share_result": true, "group": 2, "description": "", "title": "\u0106wiczenia udost\u0119pnione", "deleted": false, "author": 1, "semester": 1}}, 
{"pk": 6, "model": "poll.poll", "fields": {"studies_type": null, "share_result": false, "group": 3, "description": "", "title": "\u0106wiczenia, prywatna", "deleted": false, "author": 1, "semester": 1}}, 
{"pk": 22, "model": "auth.permission", "fields": {"codename": "add_logentry", "name": "Can add log entry", "content_type": 8}}, 
{"pk": 23, "model": "auth.permission", "fields": {"codename": "change_logentry", "name": "Can change log entry", "content_type": 8}}, 
{"pk": 24, "model": "auth.permission", "fields": {"codename": "delete_logentry", "name": "Can delete log entry", "content_type": 8}}, 
{"pk": 4, "model": "auth.permission", "fields": {"codename": "add_group", "name": "Can add group", "content_type": 2}}, 
{"pk": 5, "model": "auth.permission", "fields": {"codename": "change_group", "name": "Can change group", "content_type": 2}}, 
{"pk": 6, "model": "auth.permission", "fields": {"codename": "delete_group", "name": "Can delete group", "content_type": 2}}, 
{"pk": 10, "model": "auth.permission", "fields": {"codename": "add_message", "name": "Can add message", "content_type": 4}}, 
{"pk": 11, "model": "auth.permission", "fields": {"codename": "change_message", "name": "Can change message", "content_type": 4}}, 
{"pk": 12, "model": "auth.permission", "fields": {"codename": "delete_message", "name": "Can delete message", "content_type": 4}}, 
{"pk": 1, "model": "auth.permission", "fields": {"codename": "add_permission", "name": "Can add permission", "content_type": 1}}, 
{"pk": 2, "model": "auth.permission", "fields": {"codename": "change_permission", "name": "Can change permission", "content_type": 1}}, 
{"pk": 3, "model": "auth.permission", "fields": {"codename": "delete_permission", "name": "Can delete permission", "content_type": 1}}, 
{"pk": 7, "model": "auth.permission", "fields": {"codename": "add_user", "name": "Can add user", "content_type": 3}}, 
{"pk": 8, "model": "auth.permission", "fields": {"codename": "change_user", "name": "Can change user", "content_type": 3}}, 
{"pk": 9, "model": "auth.permission", "fields": {"codename": "delete_user", "name": "Can delete user", "content_type": 3}}, 
{"pk": 13, "model": "auth.permission", "fields": {"codename": "add_contenttype", "name": "Can add content type", "content_type": 5}}, 
{"pk": 14, "model": "auth.permission", "fields": {"codename": "change_contenttype", "name": "Can change content type", "content_type": 5}}, 
{"pk": 15, "model": "auth.permission", "fields": {"codename": "delete_contenttype", "name": "Can delete content type", "content_type": 5}}, 
{"pk": 31, "model": "auth.permission", "fields": {"codename": "add_dontsendentry", "name": "Can add blokada", "content_type": 11}}, 
{"pk": 32, "model": "auth.permission", "fields": {"codename": "change_dontsendentry", "name": "Can change blokada", "content_type": 11}}, 
{"pk": 33, "model": "auth.permission", "fields": {"codename": "delete_dontsendentry", "name": "Can delete blokada", "content_type": 11}}, 
{"pk": 28, "model": "auth.permission", "fields": {"codename": "add_message", "name": "Can add wiadomo\u015b\u0107", "content_type": 10}}, 
{"pk": 29, "model": "auth.permission", "fields": {"codename": "change_message", "name": "Can change wiadomo\u015b\u0107", "content_type": 10}}, 
{"pk": 30, "model": "auth.permission", "fields": {"codename": "delete_message", "name": "Can delete wiadomo\u015b\u0107", "content_type": 10}}, 
{"pk": 34, "model": "auth.permission", "fields": {"codename": "add_messagelog", "name": "Can add log", "content_type": 12}}, 
{"pk": 35, "model": "auth.permission", "fields": {"codename": "change_messagelog", "name": "Can change log", "content_type": 12}}, 
{"pk": 36, "model": "auth.permission", "fields": {"codename": "delete_messagelog", "name": "Can delete log", "content_type": 12}}, 
{"pk": 43, "model": "auth.permission", "fields": {"codename": "add_courseentity", "name": "Can add Podstawa przedmiotu", "content_type": 15}},
{"pk": 44, "model": "auth.permission", "fields": {"codename": "change_courseentity", "name": "Can change Podstawa przedmiotu", "content_type": 15}},
{"pk": 45, "model": "auth.permission", "fields": {"codename": "delete_courseentity", "name": "Can delete Podstawa przedmiotu", "content_type": 15}},
{"pk": 126, "model": "auth.permission", "fields": {"codename": "add_multiplechoicequestionordering", "name": "Can add pozycja pyta\u0144 wielokrotnego wyboru", "content_type": 42}}, 
{"pk": 127, "model": "auth.permission", "fields": {"codename": "change_multiplechoicequestionordering", "name": "Can change pozycja pyta\u0144 wielokrotnego wyboru", "content_type": 42}}, 
{"pk": 128, "model": "auth.permission", "fields": {"codename": "delete_multiplechoicequestionordering", "name": "Can delete pozycja pyta\u0144 wielokrotnego wyboru", "content_type": 42}}, 
{"pk": 162, "model": "auth.permission", "fields": {"codename": "add_multiplechoicequestionanswer", "name": "Can add odpowied\u017a na pytanie wielokrotnego wyboru", "content_type": 54}}, 
{"pk": 163, "model": "auth.permission", "fields": {"codename": "change_multiplechoicequestionanswer", "name": "Can change odpowied\u017a na pytanie wielokrotnego wyboru", "content_type": 54}}, 
{"pk": 164, "model": "auth.permission", "fields": {"codename": "delete_multiplechoicequestionanswer", "name": "Can delete odpowied\u017a na pytanie wielokrotnego wyboru", "content_type": 54}}, 
{"pk": 129, "model": "auth.permission", "fields": {"codename": "add_singlechoicequestion", "name": "Can add pytanie jednokrotnego wyboru", "content_type": 43}}, 
{"pk": 130, "model": "auth.permission", "fields": {"codename": "change_singlechoicequestion", "name": "Can change pytanie jednokrotnego wyboru", "content_type": 43}}, 
{"pk": 131, "model": "auth.permission", "fields": {"codename": "delete_singlechoicequestion", "name": "Can delete pytanie jednokrotnego wyboru", "content_type": 43}}, 
{"pk": 141, "model": "auth.permission", "fields": {"codename": "add_section", "name": "Can add sekcja", "content_type": 47}}, 
{"pk": 142, "model": "auth.permission", "fields": {"codename": "change_section", "name": "Can change sekcja", "content_type": 47}}, 
{"pk": 143, "model": "auth.permission", "fields": {"codename": "delete_section", "name": "Can delete sekcja", "content_type": 47}}, 
{"pk": 156, "model": "auth.permission", "fields": {"codename": "add_singlechoicequestionanswer", "name": "Can add odpowied\u017a na pytanie jednokrotnego wyboru", "content_type": 52}}, 
{"pk": 157, "model": "auth.permission", "fields": {"codename": "change_singlechoicequestionanswer", "name": "Can change odpowied\u017a na pytanie jednokrotnego wyboru", "content_type": 52}}, 
{"pk": 158, "model": "auth.permission", "fields": {"codename": "delete_singlechoicequestionanswer", "name": "Can delete odpowied\u017a na pytanie jednokrotnego wyboru", "content_type": 52}}, 
{"pk": 138, "model": "auth.permission", "fields": {"codename": "add_openquestion", "name": "Can add pytanie otwarte", "content_type": 46}}, 
{"pk": 139, "model": "auth.permission", "fields": {"codename": "change_openquestion", "name": "Can change pytanie otwarte", "content_type": 46}}, 
{"pk": 140, "model": "auth.permission", "fields": {"codename": "delete_openquestion", "name": "Can delete pytanie otwarte", "content_type": 46}}, 
{"pk": 123, "model": "auth.permission", "fields": {"codename": "add_multiplechoicequestion", "name": "Can add pytanie wielokrotnego wyboru", "content_type": 41}}, 
{"pk": 124, "model": "auth.permission", "fields": {"codename": "change_multiplechoicequestion", "name": "Can change pytanie wielokrotnego wyboru", "content_type": 41}}, 
{"pk": 125, "model": "auth.permission", "fields": {"codename": "delete_multiplechoicequestion", "name": "Can delete pytanie wielokrotnego wyboru", "content_type": 41}}, 
{"pk": 150, "model": "auth.permission", "fields": {"codename": "add_savedticket", "name": "Can add zapisany bilet", "content_type": 50}}, 
{"pk": 151, "model": "auth.permission", "fields": {"codename": "change_savedticket", "name": "Can change zapisany bilet", "content_type": 50}}, 
{"pk": 152, "model": "auth.permission", "fields": {"codename": "delete_savedticket", "name": "Can delete zapisany bilet", "content_type": 50}}, 
{"pk": 153, "model": "auth.permission", "fields": {"codename": "add_openquestionanswer", "name": "Can add odpowied\u017a na pytanie otwarte", "content_type": 51}}, 
{"pk": 154, "model": "auth.permission", "fields": {"codename": "change_openquestionanswer", "name": "Can change odpowied\u017a na pytanie otwarte", "content_type": 51}}, 
{"pk": 155, "model": "auth.permission", "fields": {"codename": "delete_openquestionanswer", "name": "Can delete odpowied\u017a na pytanie otwarte", "content_type": 51}}, 
{"pk": 144, "model": "auth.permission", "fields": {"codename": "add_sectionordering", "name": "Can add pozycja sekcji", "content_type": 48}}, 
{"pk": 145, "model": "auth.permission", "fields": {"codename": "change_sectionordering", "name": "Can change pozycja sekcji", "content_type": 48}}, 
{"pk": 146, "model": "auth.permission", "fields": {"codename": "delete_sectionordering", "name": "Can delete pozycja sekcji", "content_type": 48}}, 
{"pk": 147, "model": "auth.permission", "fields": {"codename": "add_poll", "name": "Can add ankieta", "content_type": 49}}, 
{"pk": 148, "model": "auth.permission", "fields": {"codename": "change_poll", "name": "Can change ankieta", "content_type": 49}}, 
{"pk": 149, "model": "auth.permission", "fields": {"codename": "delete_poll", "name": "Can delete ankieta", "content_type": 49}}, 
{"pk": 132, "model": "auth.permission", "fields": {"codename": "add_singlechoicequestionordering", "name": "Can add pozycja pyta\u0144 jednokrotnego wyboru", "content_type": 44}}, 
{"pk": 133, "model": "auth.permission", "fields": {"codename": "change_singlechoicequestionordering", "name": "Can change pozycja pyta\u0144 jednokrotnego wyboru", "content_type": 44}}, 
{"pk": 134, "model": "auth.permission", "fields": {"codename": "delete_singlechoicequestionordering", "name": "Can delete pozycja pyta\u0144 jednokrotnego wyboru", "content_type": 44}}, 
{"pk": 159, "model": "auth.permission", "fields": {"codename": "add_multiplechoicequestionanswer", "name": "Can add odpowied\u017a na pytanie wielokrotnego wyboru", "content_type": 53}}, 
{"pk": 160, "model": "auth.permission", "fields": {"codename": "change_multiplechoicequestionanswer", "name": "Can change odpowied\u017a na pytanie wielokrotnego wyboru", "content_type": 53}}, 
{"pk": 161, "model": "auth.permission", "fields": {"codename": "delete_multiplechoicequestionanswer", "name": "Can delete odpowied\u017a na pytanie wielokrotnego wyboru", "content_type": 53}}, 
{"pk": 135, "model": "auth.permission", "fields": {"codename": "add_openquestionordering", "name": "Can add pozycja pyta\u0144 otwartych", "content_type": 45}}, 
{"pk": 136, "model": "auth.permission", "fields": {"codename": "change_openquestionordering", "name": "Can change pozycja pyta\u0144 otwartych", "content_type": 45}}, 
{"pk": 137, "model": "auth.permission", "fields": {"codename": "delete_openquestionordering", "name": "Can delete pozycja pyta\u0144 otwartych", "content_type": 45}}, 
{"pk": 46, "model": "auth.permission", "fields": {"codename": "add_course", "name": "Can add przedmiot", "content_type": 16}},
{"pk": 47, "model": "auth.permission", "fields": {"codename": "change_course", "name": "Can change przedmiot", "content_type": 16}},
{"pk": 48, "model": "auth.permission", "fields": {"codename": "delete_course", "name": "Can delete przedmiot", "content_type": 16}},
{"pk": 61, "model": "auth.permission", "fields": {"codename": "add_semester", "name": "Can add semestr", "content_type": 21}}, 
{"pk": 62, "model": "auth.permission", "fields": {"codename": "change_semester", "name": "Can change semestr", "content_type": 21}}, 
{"pk": 63, "model": "auth.permission", "fields": {"codename": "delete_semester", "name": "Can delete semestr", "content_type": 21}}, 
{"pk": 67, "model": "auth.permission", "fields": {"codename": "add_news", "name": "Can add Og\u0142oszenie", "content_type": 23}}, 
{"pk": 68, "model": "auth.permission", "fields": {"codename": "change_news", "name": "Can change Og\u0142oszenie", "content_type": 23}}, 
{"pk": 69, "model": "auth.permission", "fields": {"codename": "delete_news", "name": "Can delete Og\u0142oszenie", "content_type": 23}}, 
{"pk": 52, "model": "auth.permission", "fields": {"codename": "add_classroom", "name": "Can add sala", "content_type": 18}}, 
{"pk": 53, "model": "auth.permission", "fields": {"codename": "change_classroom", "name": "Can change sala", "content_type": 18}}, 
{"pk": 54, "model": "auth.permission", "fields": {"codename": "delete_classroom", "name": "Can delete sala", "content_type": 18}}, 
{"pk": 58, "model": "auth.permission", "fields": {"codename": "add_book", "name": "Can add ksi\u0105\u017cka", "content_type": 20}}, 
{"pk": 59, "model": "auth.permission", "fields": {"codename": "change_book", "name": "Can change ksi\u0105\u017cka", "content_type": 20}}, 
{"pk": 60, "model": "auth.permission", "fields": {"codename": "delete_book", "name": "Can delete ksi\u0105\u017cka", "content_type": 20}}, 
{"pk": 55, "model": "auth.permission", "fields": {"codename": "add_term", "name": "Can add termin", "content_type": 19}}, 
{"pk": 56, "model": "auth.permission", "fields": {"codename": "change_term", "name": "Can change termin", "content_type": 19}}, 
{"pk": 57, "model": "auth.permission", "fields": {"codename": "delete_term", "name": "Can delete termin", "content_type": 19}}, 
{"pk": 49, "model": "auth.permission", "fields": {"codename": "add_group", "name": "Can add grupa", "content_type": 17}}, 
{"pk": 50, "model": "auth.permission", "fields": {"codename": "change_group", "name": "Can change grupa", "content_type": 17}}, 
{"pk": 51, "model": "auth.permission", "fields": {"codename": "delete_group", "name": "Can delete grupa", "content_type": 17}}, 
{"pk": 64, "model": "auth.permission", "fields": {"codename": "add_record", "name": "Can add zapis", "content_type": 22}}, 
{"pk": 65, "model": "auth.permission", "fields": {"codename": "change_record", "name": "Can change zapis", "content_type": 22}}, 
{"pk": 66, "model": "auth.permission", "fields": {"codename": "delete_record", "name": "Can delete zapis", "content_type": 22}}, 
{"pk": 40, "model": "auth.permission", "fields": {"codename": "add_studentoptions", "name": "Can add zale\u017cno\u015b\u0107 przedmiot-student", "content_type": 14}}, 
{"pk": 41, "model": "auth.permission", "fields": {"codename": "change_studentoptions", "name": "Can change zale\u017cno\u015b\u0107 przedmiot-student", "content_type": 14}}, 
{"pk": 42, "model": "auth.permission", "fields": {"codename": "delete_studentoptions", "name": "Can delete zale\u017cno\u015b\u0107 przedmiot-student", "content_type": 14}}, 
{"pk": 37, "model": "auth.permission", "fields": {"codename": "add_type", "name": "Can add rodzaj", "content_type": 13}}, 
{"pk": 38, "model": "auth.permission", "fields": {"codename": "change_type", "name": "Can change rodzaj", "content_type": 13}}, 
{"pk": 39, "model": "auth.permission", "fields": {"codename": "delete_type", "name": "Can delete rodzaj", "content_type": 13}}, 
{"pk": 16, "model": "auth.permission", "fields": {"codename": "add_session", "name": "Can add session", "content_type": 6}}, 
{"pk": 17, "model": "auth.permission", "fields": {"codename": "change_session", "name": "Can change session", "content_type": 6}}, 
{"pk": 18, "model": "auth.permission", "fields": {"codename": "delete_session", "name": "Can delete session", "content_type": 6}}, 
{"pk": 19, "model": "auth.permission", "fields": {"codename": "add_site", "name": "Can add site", "content_type": 7}}, 
{"pk": 20, "model": "auth.permission", "fields": {"codename": "change_site", "name": "Can change site", "content_type": 7}}, 
{"pk": 21, "model": "auth.permission", "fields": {"codename": "delete_site", "name": "Can delete site", "content_type": 7}}, 
{"pk": 25, "model": "auth.permission", "fields": {"codename": "add_migrationhistory", "name": "Can add migration history", "content_type": 9}}, 
{"pk": 26, "model": "auth.permission", "fields": {"codename": "change_migrationhistory", "name": "Can change migration history", "content_type": 9}}, 
{"pk": 27, "model": "auth.permission", "fields": {"codename": "delete_migrationhistory", "name": "Can delete migration history", "content_type": 9}}, 
{"pk": 117, "model": "auth.permission", "fields": {"codename": "add_usedticketstamp", "name": "Can add wykorzystany bilet", "content_type": 39}}, 
{"pk": 118, "model": "auth.permission", "fields": {"codename": "change_usedticketstamp", "name": "Can change wykorzystany bilet", "content_type": 39}}, 
{"pk": 119, "model": "auth.permission", "fields": {"codename": "delete_usedticketstamp", "name": "Can delete wykorzystany bilet", "content_type": 39}}, 
{"pk": 111, "model": "auth.permission", "fields": {"codename": "add_privatekey", "name": "Can add klucz prywatny", "content_type": 37}}, 
{"pk": 112, "model": "auth.permission", "fields": {"codename": "change_privatekey", "name": "Can change klucz prywatny", "content_type": 37}}, 
{"pk": 113, "model": "auth.permission", "fields": {"codename": "delete_privatekey", "name": "Can delete klucz prywatny", "content_type": 37}}, 
{"pk": 108, "model": "auth.permission", "fields": {"codename": "add_type", "name": "Can add Typ studi\u00f3w", "content_type": 36}}, 
{"pk": 109, "model": "auth.permission", "fields": {"codename": "change_type", "name": "Can change Typ studi\u00f3w", "content_type": 36}}, 
{"pk": 110, "model": "auth.permission", "fields": {"codename": "delete_type", "name": "Can delete Typ studi\u00f3w", "content_type": 36}}, 
{"pk": 120, "model": "auth.permission", "fields": {"codename": "add_option", "name": "Can add opcja", "content_type": 40}}, 
{"pk": 121, "model": "auth.permission", "fields": {"codename": "change_option", "name": "Can change opcja", "content_type": 40}}, 
{"pk": 122, "model": "auth.permission", "fields": {"codename": "delete_option", "name": "Can delete opcja", "content_type": 40}}, 
{"pk": 99, "model": "auth.permission", "fields": {"codename": "add_singlevote", "name": "Can add pojedynczy g\u0142os", "content_type": 33}}, 
{"pk": 100, "model": "auth.permission", "fields": {"codename": "change_singlevote", "name": "Can change pojedynczy g\u0142os", "content_type": 33}}, 
{"pk": 101, "model": "auth.permission", "fields": {"codename": "delete_singlevote", "name": "Can delete pojedynczy g\u0142os", "content_type": 33}}, 
{"pk": 105, "model": "auth.permission", "fields": {"codename": "add_student", "name": "Can add student", "content_type": 35}}, 
{"pk": 106, "model": "auth.permission", "fields": {"codename": "change_student", "name": "Can change student", "content_type": 35}}, 
{"pk": 107, "model": "auth.permission", "fields": {"codename": "delete_student", "name": "Can delete student", "content_type": 35}}, 
{"pk": 102, "model": "auth.permission", "fields": {"codename": "add_employee", "name": "Can add pracownik", "content_type": 34}}, 
{"pk": 103, "model": "auth.permission", "fields": {"codename": "change_employee", "name": "Can change pracownik", "content_type": 34}}, 
{"pk": 104, "model": "auth.permission", "fields": {"codename": "delete_employee", "name": "Can delete pracownik", "content_type": 34}}, 
{"pk": 114, "model": "auth.permission", "fields": {"codename": "add_publickey", "name": "Can add klucz publiczny", "content_type": 38}}, 
{"pk": 115, "model": "auth.permission", "fields": {"codename": "change_publickey", "name": "Can change klucz publiczny", "content_type": 38}}, 
{"pk": 116, "model": "auth.permission", "fields": {"codename": "delete_publickey", "name": "Can delete klucz publiczny", "content_type": 38}}, 
{"pk": 96, "model": "auth.permission", "fields": {"codename": "add_systemstate", "name": "Can add ustawienia g\u0142osowania", "content_type": 32}}, 
{"pk": 97, "model": "auth.permission", "fields": {"codename": "change_systemstate", "name": "Can change ustawienia g\u0142osowania", "content_type": 32}}, 
{"pk": 98, "model": "auth.permission", "fields": {"codename": "delete_systemstate", "name": "Can delete ustawienia g\u0142osowania", "content_type": 32}}, 
{"pk": 87, "model": "auth.permission", "fields": {"codename": "add_book", "name": "Can add ksi\u0105\u017cka", "content_type": 29}}, 
{"pk": 88, "model": "auth.permission", "fields": {"codename": "change_book", "name": "Can change ksi\u0105\u017cka", "content_type": 29}}, 
{"pk": 89, "model": "auth.permission", "fields": {"codename": "delete_book", "name": "Can delete ksi\u0105\u017cka", "content_type": 29}}, 
{"pk": 90, "model": "auth.permission", "fields": {"codename": "add_types", "name": "Can add Typ przedmiotu", "content_type": 30}}, 
{"pk": 91, "model": "auth.permission", "fields": {"codename": "change_types", "name": "Can change Typ przedmiotu", "content_type": 30}}, 
{"pk": 92, "model": "auth.permission", "fields": {"codename": "delete_types", "name": "Can delete Typ przedmiotu", "content_type": 30}}, 
{"pk": 93, "model": "auth.permission", "fields": {"codename": "add_descriptiontypes", "name": "Can add Typ propozycji", "content_type": 31}}, 
{"pk": 94, "model": "auth.permission", "fields": {"codename": "change_descriptiontypes", "name": "Can change Typ propozycji", "content_type": 31}}, 
{"pk": 95, "model": "auth.permission", "fields": {"codename": "delete_descriptiontypes", "name": "Can delete Typ propozycji", "content_type": 31}}, 
{"pk": 76, "model": "auth.permission", "fields": {"codename": "add_proposal", "name": "Can add przedmiot", "content_type": 26}}, 
{"pk": 79, "model": "auth.permission", "fields": {"codename": "can_create_offer", "name": "Mo\u017ce tworzy\u0107 ofert\u0119 dydaktyczn\u0105", "content_type": 26}}, 
{"pk": 80, "model": "auth.permission", "fields": {"codename": "can_delete_proposal", "name": "Mo\u017ce usuwa\u0107 propozycje", "content_type": 26}}, 
{"pk": 77, "model": "auth.permission", "fields": {"codename": "change_proposal", "name": "Can change przedmiot", "content_type": 26}}, 
{"pk": 78, "model": "auth.permission", "fields": {"codename": "delete_proposal", "name": "Can delete przedmiot", "content_type": 26}}, 
{"pk": 81, "model": "auth.permission", "fields": {"codename": "add_proposaldescriptiontag", "name": "Can add etykieta opisu przedmiotu", "content_type": 27}}, 
{"pk": 82, "model": "auth.permission", "fields": {"codename": "change_proposaldescriptiontag", "name": "Can change etykieta opisu przedmiotu", "content_type": 27}}, 
{"pk": 83, "model": "auth.permission", "fields": {"codename": "delete_proposaldescriptiontag", "name": "Can delete etykieta opisu przedmiotu", "content_type": 27}}, 
{"pk": 84, "model": "auth.permission", "fields": {"codename": "add_proposaldescription", "name": "Can add opis przedmiotu", "content_type": 28}}, 
{"pk": 85, "model": "auth.permission", "fields": {"codename": "change_proposaldescription", "name": "Can change opis przedmiotu", "content_type": 28}}, 
{"pk": 86, "model": "auth.permission", "fields": {"codename": "delete_proposaldescription", "name": "Can delete opis przedmiotu", "content_type": 28}}, 
{"pk": 73, "model": "auth.permission", "fields": {"codename": "add_proposaltag", "name": "Can add etykieta przedmiotu", "content_type": 25}}, 
{"pk": 74, "model": "auth.permission", "fields": {"codename": "change_proposaltag", "name": "Can change etykieta przedmiotu", "content_type": 25}}, 
{"pk": 75, "model": "auth.permission", "fields": {"codename": "delete_proposaltag", "name": "Can delete etykieta przedmiotu", "content_type": 25}}, 
{"pk": 70, "model": "auth.permission", "fields": {"codename": "add_preference", "name": "Can add preferencja", "content_type": 24}}, 
{"pk": 71, "model": "auth.permission", "fields": {"codename": "change_preference", "name": "Can change preferencja", "content_type": 24}}, 
{"pk": 72, "model": "auth.permission", "fields": {"codename": "delete_preference", "name": "Can delete preferencja", "content_type": 24}}, 
{"pk": 1, "model": "auth.user", "fields": {"username": "neithan", "first_name": "", "last_name": "", "is_active": true, "is_superuser": true, "is_staff": true, "last_login": "2011-02-04 12:19:11", "groups": [], "user_permissions": [], "password": "sha1$cf507$01781ce5f4f8406a9b152feecdaebd135401a889", "email": "a@a.com", "date_joined": "2011-01-07 22:40:14"}}, 
{"pk": 2, "model": "auth.user", "fields": {"username": "Pracownik", "first_name": "", "last_name": "", "is_active": true, "is_superuser": false, "is_staff": false, "last_login": "2011-01-09 00:24:38", "groups": [], "user_permissions": [], "password": "sha1$222f1$831da984d8f5591d2f359b0159c09ec92410a124", "email": "", "date_joined": "2011-01-09 00:24:38"}}, 
{"pk": 3, "model": "auth.user", "fields": {"username": "Stud1", "first_name": "", "last_name": "", "is_active": true, "is_superuser": false, "is_staff": false, "last_login": "2011-01-09 00:32:50", "groups": [], "user_permissions": [], "password": "sha1$23a4e$4a27e40a8b2e65dc08a3bafda0a508e1589e89c9", "email": "", "date_joined": "2011-01-09 00:32:50"}}, 
{"pk": 4, "model": "auth.user", "fields": {"username": "Stud2", "first_name": "", "last_name": "", "is_active": true, "is_superuser": false, "is_staff": false, "last_login": "2011-01-09 00:40:19", "groups": [], "user_permissions": [], "password": "sha1$38633$0b3c010f90fb83d6547e4680a120f87155b7a7c6", "email": "", "date_joined": "2011-01-09 00:40:19"}}, 
{"pk": 5, "model": "auth.user", "fields": {"username": "Stud3", "first_name": "", "last_name": "", "is_active": true, "is_superuser": false, "is_staff": false, "last_login": "2011-01-09 00:59:54", "groups": [], "user_permissions": [], "password": "sha1$bc92c$b3c5bc7ff66e356736ecbe26aee32fc8b4b7ce05", "email": "", "date_joined": "2011-01-09 00:59:54"}}, 
{"pk": 6, "model": "auth.user", "fields": {"username": "Stud4", "first_name": "", "last_name": "", "is_active": true, "is_superuser": false, "is_staff": false, "last_login": "2011-01-09 01:03:57", "groups": [], "user_permissions": [], "password": "sha1$22562$278263a9a51f08b4d48dc2003b9b749f7435748c", "email": "", "date_joined": "2011-01-09 01:03:57"}}, 
{"pk": 7, "model": "auth.user", "fields": {"username": "Udostepniacz", "first_name": "", "last_name": "", "is_active": true, "is_superuser": false, "is_staff": false, "last_login": "2011-02-04 12:33:23", "groups": [], "user_permissions": [], "password": "sha1$1c5a6$e87133fa84d609289f2cba3ce70a9b886730670e", "email": "", "date_joined": "2011-02-04 12:33:23"}}, 
{"pk": 8, "model": "auth.user", "fields": {"username": "Prywatek", "first_name": "", "last_name": "", "is_active": true, "is_superuser": false, "is_staff": false, "last_login": "2011-02-04 12:35:29", "groups": [], "user_permissions": [], "password": "sha1$c6fdf$cbde6d5f599a5d503d170d6b55d1a3870ba8e344", "email": "", "date_joined": "2011-02-04 12:35:29"}}]
