[
    {
        "pk": 22, 
        "model": "auth.permission", 
        "fields": {
            "codename": "add_logentry", 
            "name": "Can add log entry", 
            "content_type": 8
        }
    }, 
    {
        "pk": 23, 
        "model": "auth.permission", 
        "fields": {
            "codename": "change_logentry", 
            "name": "Can change log entry", 
            "content_type": 8
        }
    }, 
    {
        "pk": 24, 
        "model": "auth.permission", 
        "fields": {
            "codename": "delete_logentry", 
            "name": "Can delete log entry", 
            "content_type": 8
        }
    }, 
    {
        "pk": 4, 
        "model": "auth.permission", 
        "fields": {
            "codename": "add_group", 
            "name": "Can add group", 
            "content_type": 2
        }
    }, 
    {
        "pk": 5, 
        "model": "auth.permission", 
        "fields": {
            "codename": "change_group", 
            "name": "Can change group", 
            "content_type": 2
        }
    }, 
    {
        "pk": 6, 
        "model": "auth.permission", 
        "fields": {
            "codename": "delete_group", 
            "name": "Can delete group", 
            "content_type": 2
        }
    }, 
    {
        "pk": 10, 
        "model": "auth.permission", 
        "fields": {
            "codename": "add_message", 
            "name": "Can add message", 
            "content_type": 4
        }
    }, 
    {
        "pk": 11, 
        "model": "auth.permission", 
        "fields": {
            "codename": "change_message", 
            "name": "Can change message", 
            "content_type": 4
        }
    }, 
    {
        "pk": 12, 
        "model": "auth.permission", 
        "fields": {
            "codename": "delete_message", 
            "name": "Can delete message", 
            "content_type": 4
        }
    }, 
    {
        "pk": 1, 
        "model": "auth.permission", 
        "fields": {
            "codename": "add_permission", 
            "name": "Can add permission", 
            "content_type": 1
        }
    }, 
    {
        "pk": 2, 
        "model": "auth.permission", 
        "fields": {
            "codename": "change_permission", 
            "name": "Can change permission", 
            "content_type": 1
        }
    }, 
    {
        "pk": 3, 
        "model": "auth.permission", 
        "fields": {
            "codename": "delete_permission", 
            "name": "Can delete permission", 
            "content_type": 1
        }
    }, 
    {
        "pk": 7, 
        "model": "auth.permission", 
        "fields": {
            "codename": "add_user", 
            "name": "Can add user", 
            "content_type": 3
        }
    }, 
    {
        "pk": 8, 
        "model": "auth.permission", 
        "fields": {
            "codename": "change_user", 
            "name": "Can change user", 
            "content_type": 3
        }
    }, 
    {
        "pk": 9, 
        "model": "auth.permission", 
        "fields": {
            "codename": "delete_user", 
            "name": "Can delete user", 
            "content_type": 3
        }
    }, 
    {
        "pk": 13, 
        "model": "auth.permission", 
        "fields": {
            "codename": "add_contenttype", 
            "name": "Can add content type", 
            "content_type": 5
        }
    }, 
    {
        "pk": 14, 
        "model": "auth.permission", 
        "fields": {
            "codename": "change_contenttype", 
            "name": "Can change content type", 
            "content_type": 5
        }
    }, 
    {
        "pk": 15, 
        "model": "auth.permission", 
        "fields": {
            "codename": "delete_contenttype", 
            "name": "Can delete content type", 
            "content_type": 5
        }
    }, 
    {
        "pk": 31, 
        "model": "auth.permission", 
        "fields": {
            "codename": "add_dontsendentry", 
            "name": "Can add blokada", 
            "content_type": 11
        }
    }, 
    {
        "pk": 32, 
        "model": "auth.permission", 
        "fields": {
            "codename": "change_dontsendentry", 
            "name": "Can change blokada", 
            "content_type": 11
        }
    }, 
    {
        "pk": 33, 
        "model": "auth.permission", 
        "fields": {
            "codename": "delete_dontsendentry", 
            "name": "Can delete blokada", 
            "content_type": 11
        }
    }, 
    {
        "pk": 28, 
        "model": "auth.permission", 
        "fields": {
            "codename": "add_message", 
            "name": "Can add wiadomo\u015b\u0107", 
            "content_type": 10
        }
    }, 
    {
        "pk": 29, 
        "model": "auth.permission", 
        "fields": {
            "codename": "change_message", 
            "name": "Can change wiadomo\u015b\u0107", 
            "content_type": 10
        }
    }, 
    {
        "pk": 30, 
        "model": "auth.permission", 
        "fields": {
            "codename": "delete_message", 
            "name": "Can delete wiadomo\u015b\u0107", 
            "content_type": 10
        }
    }, 
    {
        "pk": 34, 
        "model": "auth.permission", 
        "fields": {
            "codename": "add_messagelog", 
            "name": "Can add log", 
            "content_type": 12
        }
    }, 
    {
        "pk": 35, 
        "model": "auth.permission", 
        "fields": {
            "codename": "change_messagelog", 
            "name": "Can change log", 
            "content_type": 12
        }
    }, 
    {
        "pk": 36, 
        "model": "auth.permission", 
        "fields": {
            "codename": "delete_messagelog", 
            "name": "Can delete log", 
            "content_type": 12
        }
    }, 
    {
        "pk": 43, 
        "model": "auth.permission", 
        "fields": {
            "codename": "add_news", 
            "name": "Can add Og\u0142oszenie", 
            "content_type": 15
        }
    }, 
    {
        "pk": 44, 
        "model": "auth.permission", 
        "fields": {
            "codename": "change_news", 
            "name": "Can change Og\u0142oszenie", 
            "content_type": 15
        }
    }, 
    {
        "pk": 45, 
        "model": "auth.permission", 
        "fields": {
            "codename": "delete_news", 
            "name": "Can delete Og\u0142oszenie", 
            "content_type": 15
        }
    }, 
    {
        "pk": 126, 
        "model": "auth.permission", 
        "fields": {
            "codename": "add_multiplechoicequestion", 
            "name": "Can add pytanie wielokrotnego wyboru", 
            "content_type": 42
        }
    }, 
    {
        "pk": 127, 
        "model": "auth.permission", 
        "fields": {
            "codename": "change_multiplechoicequestion", 
            "name": "Can change pytanie wielokrotnego wyboru", 
            "content_type": 42
        }
    }, 
    {
        "pk": 128, 
        "model": "auth.permission", 
        "fields": {
            "codename": "delete_multiplechoicequestion", 
            "name": "Can delete pytanie wielokrotnego wyboru", 
            "content_type": 42
        }
    }, 
    {
        "pk": 162, 
        "model": "auth.permission", 
        "fields": {
            "codename": "add_multiplechoicequestionanswer", 
            "name": "Can add odpowied\u017a na pytanie wielokrotnego wyboru", 
            "content_type": 54
        }
    }, 
    {
        "pk": 163, 
        "model": "auth.permission", 
        "fields": {
            "codename": "change_multiplechoicequestionanswer", 
            "name": "Can change odpowied\u017a na pytanie wielokrotnego wyboru", 
            "content_type": 54
        }
    }, 
    {
        "pk": 164, 
        "model": "auth.permission", 
        "fields": {
            "codename": "delete_multiplechoicequestionanswer", 
            "name": "Can delete odpowied\u017a na pytanie wielokrotnego wyboru", 
            "content_type": 54
        }
    }, 
    {
        "pk": 129, 
        "model": "auth.permission", 
        "fields": {
            "codename": "add_multiplechoicequestionordering", 
            "name": "Can add pozycja pyta\u0144 wielokrotnego wyboru", 
            "content_type": 43
        }
    }, 
    {
        "pk": 130, 
        "model": "auth.permission", 
        "fields": {
            "codename": "change_multiplechoicequestionordering", 
            "name": "Can change pozycja pyta\u0144 wielokrotnego wyboru", 
            "content_type": 43
        }
    }, 
    {
        "pk": 131, 
        "model": "auth.permission", 
        "fields": {
            "codename": "delete_multiplechoicequestionordering", 
            "name": "Can delete pozycja pyta\u0144 wielokrotnego wyboru", 
            "content_type": 43
        }
    }, 
    {
        "pk": 141, 
        "model": "auth.permission", 
        "fields": {
            "codename": "add_openquestion", 
            "name": "Can add pytanie otwarte", 
            "content_type": 47
        }
    }, 
    {
        "pk": 142, 
        "model": "auth.permission", 
        "fields": {
            "codename": "change_openquestion", 
            "name": "Can change pytanie otwarte", 
            "content_type": 47
        }
    }, 
    {
        "pk": 143, 
        "model": "auth.permission", 
        "fields": {
            "codename": "delete_openquestion", 
            "name": "Can delete pytanie otwarte", 
            "content_type": 47
        }
    }, 
    {
        "pk": 156, 
        "model": "auth.permission", 
        "fields": {
            "codename": "add_openquestionanswer", 
            "name": "Can add odpowied\u017a na pytanie otwarte", 
            "content_type": 52
        }
    }, 
    {
        "pk": 157, 
        "model": "auth.permission", 
        "fields": {
            "codename": "change_openquestionanswer", 
            "name": "Can change odpowied\u017a na pytanie otwarte", 
            "content_type": 52
        }
    }, 
    {
        "pk": 158, 
        "model": "auth.permission", 
        "fields": {
            "codename": "delete_openquestionanswer", 
            "name": "Can delete odpowied\u017a na pytanie otwarte", 
            "content_type": 52
        }
    }, 
    {
        "pk": 138, 
        "model": "auth.permission", 
        "fields": {
            "codename": "add_openquestionordering", 
            "name": "Can add pozycja pyta\u0144 otwartych", 
            "content_type": 46
        }
    }, 
    {
        "pk": 139, 
        "model": "auth.permission", 
        "fields": {
            "codename": "change_openquestionordering", 
            "name": "Can change pozycja pyta\u0144 otwartych", 
            "content_type": 46
        }
    }, 
    {
        "pk": 140, 
        "model": "auth.permission", 
        "fields": {
            "codename": "delete_openquestionordering", 
            "name": "Can delete pozycja pyta\u0144 otwartych", 
            "content_type": 46
        }
    }, 
    {
        "pk": 123, 
        "model": "auth.permission", 
        "fields": {
            "codename": "add_option", 
            "name": "Can add opcja", 
            "content_type": 41
        }
    }, 
    {
        "pk": 124, 
        "model": "auth.permission", 
        "fields": {
            "codename": "change_option", 
            "name": "Can change opcja", 
            "content_type": 41
        }
    }, 
    {
        "pk": 125, 
        "model": "auth.permission", 
        "fields": {
            "codename": "delete_option", 
            "name": "Can delete opcja", 
            "content_type": 41
        }
    }, 
    {
        "pk": 150, 
        "model": "auth.permission", 
        "fields": {
            "codename": "add_poll", 
            "name": "Can add ankieta", 
            "content_type": 50
        }
    }, 
    {
        "pk": 151, 
        "model": "auth.permission", 
        "fields": {
            "codename": "change_poll", 
            "name": "Can change ankieta", 
            "content_type": 50
        }
    }, 
    {
        "pk": 152, 
        "model": "auth.permission", 
        "fields": {
            "codename": "delete_poll", 
            "name": "Can delete ankieta", 
            "content_type": 50
        }
    }, 
    {
        "pk": 153, 
        "model": "auth.permission", 
        "fields": {
            "codename": "add_savedticket", 
            "name": "Can add zapisany bilet", 
            "content_type": 51
        }
    }, 
    {
        "pk": 154, 
        "model": "auth.permission", 
        "fields": {
            "codename": "change_savedticket", 
            "name": "Can change zapisany bilet", 
            "content_type": 51
        }
    }, 
    {
        "pk": 155, 
        "model": "auth.permission", 
        "fields": {
            "codename": "delete_savedticket", 
            "name": "Can delete zapisany bilet", 
            "content_type": 51
        }
    }, 
    {
        "pk": 144, 
        "model": "auth.permission", 
        "fields": {
            "codename": "add_section", 
            "name": "Can add sekcja", 
            "content_type": 48
        }
    }, 
    {
        "pk": 145, 
        "model": "auth.permission", 
        "fields": {
            "codename": "change_section", 
            "name": "Can change sekcja", 
            "content_type": 48
        }
    }, 
    {
        "pk": 146, 
        "model": "auth.permission", 
        "fields": {
            "codename": "delete_section", 
            "name": "Can delete sekcja", 
            "content_type": 48
        }
    }, 
    {
        "pk": 147, 
        "model": "auth.permission", 
        "fields": {
            "codename": "add_sectionordering", 
            "name": "Can add pozycja sekcji", 
            "content_type": 49
        }
    }, 
    {
        "pk": 148, 
        "model": "auth.permission", 
        "fields": {
            "codename": "change_sectionordering", 
            "name": "Can change pozycja sekcji", 
            "content_type": 49
        }
    }, 
    {
        "pk": 149, 
        "model": "auth.permission", 
        "fields": {
            "codename": "delete_sectionordering", 
            "name": "Can delete pozycja sekcji", 
            "content_type": 49
        }
    }, 
    {
        "pk": 132, 
        "model": "auth.permission", 
        "fields": {
            "codename": "add_singlechoicequestion", 
            "name": "Can add pytanie jednokrotnego wyboru", 
            "content_type": 44
        }
    }, 
    {
        "pk": 133, 
        "model": "auth.permission", 
        "fields": {
            "codename": "change_singlechoicequestion", 
            "name": "Can change pytanie jednokrotnego wyboru", 
            "content_type": 44
        }
    }, 
    {
        "pk": 134, 
        "model": "auth.permission", 
        "fields": {
            "codename": "delete_singlechoicequestion", 
            "name": "Can delete pytanie jednokrotnego wyboru", 
            "content_type": 44
        }
    }, 
    {
        "pk": 159, 
        "model": "auth.permission", 
        "fields": {
            "codename": "add_singlechoicequestionanswer", 
            "name": "Can add odpowied\u017a na pytanie jednokrotnego wyboru", 
            "content_type": 53
        }
    }, 
    {
        "pk": 160, 
        "model": "auth.permission", 
        "fields": {
            "codename": "change_singlechoicequestionanswer", 
            "name": "Can change odpowied\u017a na pytanie jednokrotnego wyboru", 
            "content_type": 53
        }
    }, 
    {
        "pk": 161, 
        "model": "auth.permission", 
        "fields": {
            "codename": "delete_singlechoicequestionanswer", 
            "name": "Can delete odpowied\u017a na pytanie jednokrotnego wyboru", 
            "content_type": 53
        }
    }, 
    {
        "pk": 135, 
        "model": "auth.permission", 
        "fields": {
            "codename": "add_singlechoicequestionordering", 
            "name": "Can add pozycja pyta\u0144 jednokrotnego wyboru", 
            "content_type": 45
        }
    }, 
    {
        "pk": 136, 
        "model": "auth.permission", 
        "fields": {
            "codename": "change_singlechoicequestionordering", 
            "name": "Can change pozycja pyta\u0144 jednokrotnego wyboru", 
            "content_type": 45
        }
    }, 
    {
        "pk": 137, 
        "model": "auth.permission", 
        "fields": {
            "codename": "delete_singlechoicequestionordering", 
            "name": "Can delete pozycja pyta\u0144 jednokrotnego wyboru", 
            "content_type": 45
        }
    }, 
    {
        "pk": 46, 
        "model": "auth.permission", 
        "fields": {
            "codename": "add_preference", 
            "name": "Can add preferencja", 
            "content_type": 16
        }
    }, 
    {
        "pk": 47, 
        "model": "auth.permission", 
        "fields": {
            "codename": "change_preference", 
            "name": "Can change preferencja", 
            "content_type": 16
        }
    }, 
    {
        "pk": 48, 
        "model": "auth.permission", 
        "fields": {
            "codename": "delete_preference", 
            "name": "Can delete preferencja", 
            "content_type": 16
        }
    }, 
    {
        "pk": 63, 
        "model": "auth.permission", 
        "fields": {
            "codename": "add_book", 
            "name": "Can add ksi\u0105\u017cka", 
            "content_type": 21
        }
    }, 
    {
        "pk": 64, 
        "model": "auth.permission", 
        "fields": {
            "codename": "change_book", 
            "name": "Can change ksi\u0105\u017cka", 
            "content_type": 21
        }
    }, 
    {
        "pk": 65, 
        "model": "auth.permission", 
        "fields": {
            "codename": "delete_book", 
            "name": "Can delete ksi\u0105\u017cka", 
            "content_type": 21
        }
    }, 
    {
        "pk": 69, 
        "model": "auth.permission", 
        "fields": {
            "codename": "add_descriptiontypes", 
            "name": "Can add Typ propozycji", 
            "content_type": 23
        }
    }, 
    {
        "pk": 70, 
        "model": "auth.permission", 
        "fields": {
            "codename": "change_descriptiontypes", 
            "name": "Can change Typ propozycji", 
            "content_type": 23
        }
    }, 
    {
        "pk": 71, 
        "model": "auth.permission", 
        "fields": {
            "codename": "delete_descriptiontypes", 
            "name": "Can delete Typ propozycji", 
            "content_type": 23
        }
    }, 
    {
        "pk": 52, 
        "model": "auth.permission", 
        "fields": {
            "codename": "add_proposal", 
            "name": "Can add przedmiot", 
            "content_type": 18
        }
    }, 
    {
        "pk": 55, 
        "model": "auth.permission", 
        "fields": {
            "codename": "can_create_offer", 
            "name": "Mo\u017ce tworzy\u0107 ofert\u0119 dydaktyczn\u0105", 
            "content_type": 18
        }
    }, 
    {
        "pk": 56, 
        "model": "auth.permission", 
        "fields": {
            "codename": "can_delete_proposal", 
            "name": "Mo\u017ce usuwa\u0107 propozycje", 
            "content_type": 18
        }
    }, 
    {
        "pk": 53, 
        "model": "auth.permission", 
        "fields": {
            "codename": "change_proposal", 
            "name": "Can change przedmiot", 
            "content_type": 18
        }
    }, 
    {
        "pk": 54, 
        "model": "auth.permission", 
        "fields": {
            "codename": "delete_proposal", 
            "name": "Can delete przedmiot", 
            "content_type": 18
        }
    }, 
    {
        "pk": 60, 
        "model": "auth.permission", 
        "fields": {
            "codename": "add_proposaldescription", 
            "name": "Can add opis przedmiotu", 
            "content_type": 20
        }
    }, 
    {
        "pk": 61, 
        "model": "auth.permission", 
        "fields": {
            "codename": "change_proposaldescription", 
            "name": "Can change opis przedmiotu", 
            "content_type": 20
        }
    }, 
    {
        "pk": 62, 
        "model": "auth.permission", 
        "fields": {
            "codename": "delete_proposaldescription", 
            "name": "Can delete opis przedmiotu", 
            "content_type": 20
        }
    }, 
    {
        "pk": 57, 
        "model": "auth.permission", 
        "fields": {
            "codename": "add_proposaldescriptiontag", 
            "name": "Can add etykieta opisu przedmiotu", 
            "content_type": 19
        }
    }, 
    {
        "pk": 58, 
        "model": "auth.permission", 
        "fields": {
            "codename": "change_proposaldescriptiontag", 
            "name": "Can change etykieta opisu przedmiotu", 
            "content_type": 19
        }
    }, 
    {
        "pk": 59, 
        "model": "auth.permission", 
        "fields": {
            "codename": "delete_proposaldescriptiontag", 
            "name": "Can delete etykieta opisu przedmiotu", 
            "content_type": 19
        }
    }, 
    {
        "pk": 49, 
        "model": "auth.permission", 
        "fields": {
            "codename": "add_proposaltag", 
            "name": "Can add etykieta przedmiotu", 
            "content_type": 17
        }
    }, 
    {
        "pk": 50, 
        "model": "auth.permission", 
        "fields": {
            "codename": "change_proposaltag", 
            "name": "Can change etykieta przedmiotu", 
            "content_type": 17
        }
    }, 
    {
        "pk": 51, 
        "model": "auth.permission", 
        "fields": {
            "codename": "delete_proposaltag", 
            "name": "Can delete etykieta przedmiotu", 
            "content_type": 17
        }
    }, 
    {
        "pk": 66, 
        "model": "auth.permission", 
        "fields": {
            "codename": "add_types", 
            "name": "Can add Typ przedmiotu", 
            "content_type": 22
        }
    }, 
    {
        "pk": 67, 
        "model": "auth.permission", 
        "fields": {
            "codename": "change_types", 
            "name": "Can change Typ przedmiotu", 
            "content_type": 22
        }
    }, 
    {
        "pk": 68, 
        "model": "auth.permission", 
        "fields": {
            "codename": "delete_types", 
            "name": "Can delete Typ przedmiotu", 
            "content_type": 22
        }
    }, 
    {
        "pk": 40, 
        "model": "auth.permission", 
        "fields": {
            "codename": "add_queue", 
            "name": "Can add kolejka", 
            "content_type": 14
        }
    }, 
    {
        "pk": 41, 
        "model": "auth.permission", 
        "fields": {
            "codename": "change_queue", 
            "name": "Can change kolejka", 
            "content_type": 14
        }
    }, 
    {
        "pk": 42, 
        "model": "auth.permission", 
        "fields": {
            "codename": "delete_queue", 
            "name": "Can delete kolejka", 
            "content_type": 14
        }
    }, 
    {
        "pk": 37, 
        "model": "auth.permission", 
        "fields": {
            "codename": "add_record", 
            "name": "Can add zapis", 
            "content_type": 13
        }
    }, 
    {
        "pk": 38, 
        "model": "auth.permission", 
        "fields": {
            "codename": "change_record", 
            "name": "Can change zapis", 
            "content_type": 13
        }
    }, 
    {
        "pk": 39, 
        "model": "auth.permission", 
        "fields": {
            "codename": "delete_record", 
            "name": "Can delete zapis", 
            "content_type": 13
        }
    }, 
    {
        "pk": 16, 
        "model": "auth.permission", 
        "fields": {
            "codename": "add_session", 
            "name": "Can add session", 
            "content_type": 6
        }
    }, 
    {
        "pk": 17, 
        "model": "auth.permission", 
        "fields": {
            "codename": "change_session", 
            "name": "Can change session", 
            "content_type": 6
        }
    }, 
    {
        "pk": 18, 
        "model": "auth.permission", 
        "fields": {
            "codename": "delete_session", 
            "name": "Can delete session", 
            "content_type": 6
        }
    }, 
    {
        "pk": 19, 
        "model": "auth.permission", 
        "fields": {
            "codename": "add_site", 
            "name": "Can add site", 
            "content_type": 7
        }
    }, 
    {
        "pk": 20, 
        "model": "auth.permission", 
        "fields": {
            "codename": "change_site", 
            "name": "Can change site", 
            "content_type": 7
        }
    }, 
    {
        "pk": 21, 
        "model": "auth.permission", 
        "fields": {
            "codename": "delete_site", 
            "name": "Can delete site", 
            "content_type": 7
        }
    }, 
    {
        "pk": 25, 
        "model": "auth.permission", 
        "fields": {
            "codename": "add_migrationhistory", 
            "name": "Can add migration history", 
            "content_type": 9
        }
    }, 
    {
        "pk": 26, 
        "model": "auth.permission", 
        "fields": {
            "codename": "change_migrationhistory", 
            "name": "Can change migration history", 
            "content_type": 9
        }
    }, 
    {
        "pk": 27, 
        "model": "auth.permission", 
        "fields": {
            "codename": "delete_migrationhistory", 
            "name": "Can delete migration history", 
            "content_type": 9
        }
    }, 
    {
        "pk": 117, 
        "model": "auth.permission", 
        "fields": {
            "codename": "add_book", 
            "name": "Can add ksi\u0105\u017cka", 
            "content_type": 39
        }
    }, 
    {
        "pk": 118, 
        "model": "auth.permission", 
        "fields": {
            "codename": "change_book", 
            "name": "Can change ksi\u0105\u017cka", 
            "content_type": 39
        }
    }, 
    {
        "pk": 119, 
        "model": "auth.permission", 
        "fields": {
            "codename": "delete_book", 
            "name": "Can delete ksi\u0105\u017cka", 
            "content_type": 39
        }
    }, 
    {
        "pk": 111, 
        "model": "auth.permission", 
        "fields": {
            "codename": "add_classroom", 
            "name": "Can add sala", 
            "content_type": 37
        }
    }, 
    {
        "pk": 112, 
        "model": "auth.permission", 
        "fields": {
            "codename": "change_classroom", 
            "name": "Can change sala", 
            "content_type": 37
        }
    }, 
    {
        "pk": 113, 
        "model": "auth.permission", 
        "fields": {
            "codename": "delete_classroom", 
            "name": "Can delete sala", 
            "content_type": 37
        }
    }, 
    {
        "pk": 108, 
        "model": "auth.permission", 
        "fields": {
            "codename": "add_group", 
            "name": "Can add grupa", 
            "content_type": 36
        }
    }, 
    {
        "pk": 109, 
        "model": "auth.permission", 
        "fields": {
            "codename": "change_group", 
            "name": "Can change grupa", 
            "content_type": 36
        }
    }, 
    {
        "pk": 110, 
        "model": "auth.permission", 
        "fields": {
            "codename": "delete_group", 
            "name": "Can delete grupa", 
            "content_type": 36
        }
    }, 
    {
        "pk": 120, 
        "model": "auth.permission", 
        "fields": {
            "codename": "add_semester", 
            "name": "Can add semestr", 
            "content_type": 40
        }
    }, 
    {
        "pk": 121, 
        "model": "auth.permission", 
        "fields": {
            "codename": "change_semester", 
            "name": "Can change semestr", 
            "content_type": 40
        }
    }, 
    {
        "pk": 122, 
        "model": "auth.permission", 
        "fields": {
            "codename": "delete_semester", 
            "name": "Can delete semestr", 
            "content_type": 40
        }
    }, 
    {
        "pk": 99, 
        "model": "auth.permission", 
        "fields": {
            "codename": "add_studentoptions", 
            "name": "Can add zale\u017cno\u015b\u0107 przedmiot-student", 
            "content_type": 33
        }
    }, 
    {
        "pk": 100, 
        "model": "auth.permission", 
        "fields": {
            "codename": "change_studentoptions", 
            "name": "Can change zale\u017cno\u015b\u0107 przedmiot-student", 
            "content_type": 33
        }
    }, 
    {
        "pk": 101, 
        "model": "auth.permission", 
        "fields": {
            "codename": "delete_studentoptions", 
            "name": "Can delete zale\u017cno\u015b\u0107 przedmiot-student", 
            "content_type": 33
        }
    }, 
    {
        "pk": 105, 
        "model": "auth.permission", 
        "fields": {
            "codename": "add_subject", 
            "name": "Can add przedmiot", 
            "content_type": 35
        }
    }, 
    {
        "pk": 106, 
        "model": "auth.permission", 
        "fields": {
            "codename": "change_subject", 
            "name": "Can change przedmiot", 
            "content_type": 35
        }
    }, 
    {
        "pk": 107, 
        "model": "auth.permission", 
        "fields": {
            "codename": "delete_subject", 
            "name": "Can delete przedmiot", 
            "content_type": 35
        }
    }, 
    {
        "pk": 102, 
        "model": "auth.permission", 
        "fields": {
            "codename": "add_subjectentity", 
            "name": "Can add Podstawa przedmiotu", 
            "content_type": 34
        }
    }, 
    {
        "pk": 103, 
        "model": "auth.permission", 
        "fields": {
            "codename": "change_subjectentity", 
            "name": "Can change Podstawa przedmiotu", 
            "content_type": 34
        }
    }, 
    {
        "pk": 104, 
        "model": "auth.permission", 
        "fields": {
            "codename": "delete_subjectentity", 
            "name": "Can delete Podstawa przedmiotu", 
            "content_type": 34
        }
    }, 
    {
        "pk": 114, 
        "model": "auth.permission", 
        "fields": {
            "codename": "add_term", 
            "name": "Can add termin", 
            "content_type": 38
        }
    }, 
    {
        "pk": 115, 
        "model": "auth.permission", 
        "fields": {
            "codename": "change_term", 
            "name": "Can change termin", 
            "content_type": 38
        }
    }, 
    {
        "pk": 116, 
        "model": "auth.permission", 
        "fields": {
            "codename": "delete_term", 
            "name": "Can delete termin", 
            "content_type": 38
        }
    }, 
    {
        "pk": 96, 
        "model": "auth.permission", 
        "fields": {
            "codename": "add_type", 
            "name": "Can add rodzaj", 
            "content_type": 32
        }
    }, 
    {
        "pk": 97, 
        "model": "auth.permission", 
        "fields": {
            "codename": "change_type", 
            "name": "Can change rodzaj", 
            "content_type": 32
        }
    }, 
    {
        "pk": 98, 
        "model": "auth.permission", 
        "fields": {
            "codename": "delete_type", 
            "name": "Can delete rodzaj", 
            "content_type": 32
        }
    }, 
    {
        "pk": 87, 
        "model": "auth.permission", 
        "fields": {
            "codename": "add_privatekey", 
            "name": "Can add klucz prywatny", 
            "content_type": 29
        }
    }, 
    {
        "pk": 88, 
        "model": "auth.permission", 
        "fields": {
            "codename": "change_privatekey", 
            "name": "Can change klucz prywatny", 
            "content_type": 29
        }
    }, 
    {
        "pk": 89, 
        "model": "auth.permission", 
        "fields": {
            "codename": "delete_privatekey", 
            "name": "Can delete klucz prywatny", 
            "content_type": 29
        }
    }, 
    {
        "pk": 90, 
        "model": "auth.permission", 
        "fields": {
            "codename": "add_publickey", 
            "name": "Can add klucz publiczny", 
            "content_type": 30
        }
    }, 
    {
        "pk": 91, 
        "model": "auth.permission", 
        "fields": {
            "codename": "change_publickey", 
            "name": "Can change klucz publiczny", 
            "content_type": 30
        }
    }, 
    {
        "pk": 92, 
        "model": "auth.permission", 
        "fields": {
            "codename": "delete_publickey", 
            "name": "Can delete klucz publiczny", 
            "content_type": 30
        }
    }, 
    {
        "pk": 93, 
        "model": "auth.permission", 
        "fields": {
            "codename": "add_usedticketstamp", 
            "name": "Can add wykorzystany bilet", 
            "content_type": 31
        }
    }, 
    {
        "pk": 94, 
        "model": "auth.permission", 
        "fields": {
            "codename": "change_usedticketstamp", 
            "name": "Can change wykorzystany bilet", 
            "content_type": 31
        }
    }, 
    {
        "pk": 95, 
        "model": "auth.permission", 
        "fields": {
            "codename": "delete_usedticketstamp", 
            "name": "Can delete wykorzystany bilet", 
            "content_type": 31
        }
    }, 
    {
        "pk": 78, 
        "model": "auth.permission", 
        "fields": {
            "codename": "add_employee", 
            "name": "Can add pracownik", 
            "content_type": 26
        }
    }, 
    {
        "pk": 79, 
        "model": "auth.permission", 
        "fields": {
            "codename": "change_employee", 
            "name": "Can change pracownik", 
            "content_type": 26
        }
    }, 
    {
        "pk": 80, 
        "model": "auth.permission", 
        "fields": {
            "codename": "delete_employee", 
            "name": "Can delete pracownik", 
            "content_type": 26
        }
    }, 
    {
        "pk": 81, 
        "model": "auth.permission", 
        "fields": {
            "codename": "add_student", 
            "name": "Can add student", 
            "content_type": 27
        }
    }, 
    {
        "pk": 82, 
        "model": "auth.permission", 
        "fields": {
            "codename": "change_student", 
            "name": "Can change student", 
            "content_type": 27
        }
    }, 
    {
        "pk": 83, 
        "model": "auth.permission", 
        "fields": {
            "codename": "delete_student", 
            "name": "Can delete student", 
            "content_type": 27
        }
    }, 
    {
        "pk": 84, 
        "model": "auth.permission", 
        "fields": {
            "codename": "add_type", 
            "name": "Can add Typ studi\u00f3w", 
            "content_type": 28
        }
    }, 
    {
        "pk": 85, 
        "model": "auth.permission", 
        "fields": {
            "codename": "change_type", 
            "name": "Can change Typ studi\u00f3w", 
            "content_type": 28
        }
    }, 
    {
        "pk": 86, 
        "model": "auth.permission", 
        "fields": {
            "codename": "delete_type", 
            "name": "Can delete Typ studi\u00f3w", 
            "content_type": 28
        }
    }, 
    {
        "pk": 75, 
        "model": "auth.permission", 
        "fields": {
            "codename": "add_singlevote", 
            "name": "Can add pojedynczy g\u0142os", 
            "content_type": 25
        }
    }, 
    {
        "pk": 76, 
        "model": "auth.permission", 
        "fields": {
            "codename": "change_singlevote", 
            "name": "Can change pojedynczy g\u0142os", 
            "content_type": 25
        }
    }, 
    {
        "pk": 77, 
        "model": "auth.permission", 
        "fields": {
            "codename": "delete_singlevote", 
            "name": "Can delete pojedynczy g\u0142os", 
            "content_type": 25
        }
    }, 
    {
        "pk": 72, 
        "model": "auth.permission", 
        "fields": {
            "codename": "add_systemstate", 
            "name": "Can add ustawienia g\u0142osowania", 
            "content_type": 24
        }
    }, 
    {
        "pk": 73, 
        "model": "auth.permission", 
        "fields": {
            "codename": "change_systemstate", 
            "name": "Can change ustawienia g\u0142osowania", 
            "content_type": 24
        }
    }, 
    {
        "pk": 74, 
        "model": "auth.permission", 
        "fields": {
            "codename": "delete_systemstate", 
            "name": "Can delete ustawienia g\u0142osowania", 
            "content_type": 24
        }
    }, 
    {
        "pk": 1, 
        "model": "auth.user", 
        "fields": {
            "username": "admin", 
            "first_name": "", 
            "last_name": "", 
            "is_active": true, 
            "is_superuser": true, 
            "is_staff": true, 
            "last_login": "2011-01-27 01:30:59", 
            "groups": [], 
            "user_permissions": [], 
            "password": "sha1$b6c11$bc8d9ea4eedccf3d68fe9e7d31a32db3bb4b76b4", 
            "email": "a@a.pl", 
            "date_joined": "2011-01-23 12:18:21"
        }
    }, 
    {
        "pk": 100, 
        "model": "auth.user", 
        "fields": {
            "username": "1000000", 
            "first_name": "Jan", 
            "last_name": "Kowalski0", 
            "is_active": true, 
            "is_superuser": false, 
            "is_staff": false, 
            "last_login": "2010-11-04 14:43:11", 
            "groups": [], 
            "user_permissions": [], 
            "password": "sha1$9915f$38f8781f7fbaed11078a9f38295b7bea1f871cb7", 
            "email": "aaa@aa.pl", 
            "date_joined": "2010-11-04 14:42:09"
        }
    }, 
    {
        "pk": 101, 
        "model": "auth.user", 
        "fields": {
            "username": "1000001", 
            "first_name": "Jan", 
            "last_name": "Kowalski1", 
            "is_active": true, 
            "is_superuser": false, 
            "is_staff": false, 
            "last_login": "2010-11-04 14:43:11", 
            "groups": [], 
            "user_permissions": [], 
            "password": "sha1$9915f$38f8781f7fbaed11078a9f38295b7bea1f871cb7", 
            "email": "aaa@aa.pl", 
            "date_joined": "2010-11-04 14:42:09"
        }
    }, 
    {
        "pk": 102, 
        "model": "auth.user", 
        "fields": {
            "username": "1000002", 
            "first_name": "Jan", 
            "last_name": "Kowalski2", 
            "is_active": true, 
            "is_superuser": false, 
            "is_staff": false, 
            "last_login": "2010-11-04 14:43:11", 
            "groups": [], 
            "user_permissions": [], 
            "password": "sha1$9915f$38f8781f7fbaed11078a9f38295b7bea1f871cb7", 
            "email": "aaa@aa.pl", 
            "date_joined": "2010-11-04 14:42:09"
        }
    }, 
    {
        "pk": 103, 
        "model": "auth.user", 
        "fields": {
            "username": "1000003", 
            "first_name": "Jan", 
            "last_name": "Kowalski3", 
            "is_active": true, 
            "is_superuser": false, 
            "is_staff": false, 
            "last_login": "2010-11-04 14:43:11", 
            "groups": [], 
            "user_permissions": [], 
            "password": "sha1$9915f$38f8781f7fbaed11078a9f38295b7bea1f871cb7", 
            "email": "aaa@aa.pl", 
            "date_joined": "2010-11-04 14:42:09"
        }
    }, 
    {
        "pk": 104, 
        "model": "auth.user", 
        "fields": {
            "username": "1000004", 
            "first_name": "Jan", 
            "last_name": "Kowalski4", 
            "is_active": true, 
            "is_superuser": false, 
            "is_staff": false, 
            "last_login": "2010-11-04 14:43:11", 
            "groups": [], 
            "user_permissions": [], 
            "password": "sha1$9915f$38f8781f7fbaed11078a9f38295b7bea1f871cb7", 
            "email": "aaa@aa.pl", 
            "date_joined": "2010-11-04 14:42:09"
        }
    }, 
    {
        "pk": 105, 
        "model": "auth.user", 
        "fields": {
            "username": "1000005", 
            "first_name": "Jan", 
            "last_name": "Kowalski5", 
            "is_active": true, 
            "is_superuser": false, 
            "is_staff": false, 
            "last_login": "2010-11-04 14:43:11", 
            "groups": [], 
            "user_permissions": [], 
            "password": "sha1$9915f$38f8781f7fbaed11078a9f38295b7bea1f871cb7", 
            "email": "aaa@aa.pl", 
            "date_joined": "2010-11-04 14:42:09"
        }
    }, 
    {
        "pk": 106, 
        "model": "auth.user", 
        "fields": {
            "username": "1000006", 
            "first_name": "Jan", 
            "last_name": "Kowalski6", 
            "is_active": true, 
            "is_superuser": false, 
            "is_staff": false, 
            "last_login": "2010-11-11 19:12:02", 
            "groups": [], 
            "user_permissions": [], 
            "password": "sha1$9915f$38f8781f7fbaed11078a9f38295b7bea1f871cb7", 
            "email": "aaa@aa.pl", 
            "date_joined": "2010-11-04 14:42:09"
        }
    }, 
    {
        "pk": 107, 
        "model": "auth.user", 
        "fields": {
            "username": "1000007", 
            "first_name": "Jan", 
            "last_name": "Kowalski7", 
            "is_active": true, 
            "is_superuser": false, 
            "is_staff": false, 
            "last_login": "2010-11-11 17:09:24", 
            "groups": [], 
            "user_permissions": [], 
            "password": "sha1$9915f$38f8781f7fbaed11078a9f38295b7bea1f871cb7", 
            "email": "aaa@aa.pl", 
            "date_joined": "2010-11-04 14:42:09"
        }
    }, 
    {
        "pk": 108, 
        "model": "auth.user", 
        "fields": {
            "username": "1000008", 
            "first_name": "Jan", 
            "last_name": "Kowalski8", 
            "is_active": true, 
            "is_superuser": false, 
            "is_staff": false, 
            "last_login": "2010-11-04 14:43:11", 
            "groups": [], 
            "user_permissions": [], 
            "password": "sha1$9915f$38f8781f7fbaed11078a9f38295b7bea1f871cb7", 
            "email": "aaa@aa.pl", 
            "date_joined": "2010-11-04 14:42:09"
        }
    }, 
    {
        "pk": 109, 
        "model": "auth.user", 
        "fields": {
            "username": "1000009", 
            "first_name": "Jan", 
            "last_name": "Kowalski9", 
            "is_active": true, 
            "is_superuser": false, 
            "is_staff": false, 
            "last_login": "2010-11-04 14:43:11", 
            "groups": [], 
            "user_permissions": [], 
            "password": "sha1$9915f$38f8781f7fbaed11078a9f38295b7bea1f871cb7", 
            "email": "aaa@aa.pl", 
            "date_joined": "2010-11-04 14:42:09"
        }
    }, 
    {
        "pk": 110, 
        "model": "auth.user", 
        "fields": {
            "username": "1000010", 
            "first_name": "Jan", 
            "last_name": "Kowalski10", 
            "is_active": true, 
            "is_superuser": false, 
            "is_staff": false, 
            "last_login": "2010-11-04 14:43:11", 
            "groups": [], 
            "user_permissions": [], 
            "password": "sha1$9915f$38f8781f7fbaed11078a9f38295b7bea1f871cb7", 
            "email": "aaa@aa.pl", 
            "date_joined": "2010-11-04 14:42:09"
        }
    }, 
    {
        "pk": 111, 
        "model": "auth.user", 
        "fields": {
            "username": "1000011", 
            "first_name": "Jan", 
            "last_name": "Kowalski11", 
            "is_active": true, 
            "is_superuser": false, 
            "is_staff": false, 
            "last_login": "2010-11-04 14:43:11", 
            "groups": [], 
            "user_permissions": [], 
            "password": "sha1$9915f$38f8781f7fbaed11078a9f38295b7bea1f871cb7", 
            "email": "aaa@aa.pl", 
            "date_joined": "2010-11-04 14:42:09"
        }
    }, 
    {
        "pk": 112, 
        "model": "auth.user", 
        "fields": {
            "username": "1000012", 
            "first_name": "Jan", 
            "last_name": "Kowalski12", 
            "is_active": true, 
            "is_superuser": false, 
            "is_staff": false, 
            "last_login": "2010-11-04 14:43:11", 
            "groups": [], 
            "user_permissions": [], 
            "password": "sha1$9915f$38f8781f7fbaed11078a9f38295b7bea1f871cb7", 
            "email": "aaa@aa.pl", 
            "date_joined": "2010-11-04 14:42:09"
        }
    }, 
    {
        "pk": 113, 
        "model": "auth.user", 
        "fields": {
            "username": "1000013", 
            "first_name": "Jan", 
            "last_name": "Kowalski13", 
            "is_active": true, 
            "is_superuser": false, 
            "is_staff": false, 
            "last_login": "2010-11-04 14:43:11", 
            "groups": [], 
            "user_permissions": [], 
            "password": "sha1$9915f$38f8781f7fbaed11078a9f38295b7bea1f871cb7", 
            "email": "aaa@aa.pl", 
            "date_joined": "2010-11-04 14:42:09"
        }
    }, 
    {
        "pk": 114, 
        "model": "auth.user", 
        "fields": {
            "username": "1000014", 
            "first_name": "Jan", 
            "last_name": "Kowalski14", 
            "is_active": true, 
            "is_superuser": false, 
            "is_staff": false, 
            "last_login": "2010-11-04 14:43:11", 
            "groups": [], 
            "user_permissions": [], 
            "password": "sha1$9915f$38f8781f7fbaed11078a9f38295b7bea1f871cb7", 
            "email": "aaa@aa.pl", 
            "date_joined": "2010-11-04 14:42:09"
        }
    }, 
    {
        "pk": 115, 
        "model": "auth.user", 
        "fields": {
            "username": "1000015", 
            "first_name": "Jan", 
            "last_name": "Kowalski15", 
            "is_active": true, 
            "is_superuser": false, 
            "is_staff": false, 
            "last_login": "2010-11-04 14:43:11", 
            "groups": [], 
            "user_permissions": [], 
            "password": "sha1$9915f$38f8781f7fbaed11078a9f38295b7bea1f871cb7", 
            "email": "aaa@aa.pl", 
            "date_joined": "2010-11-04 14:42:09"
        }
    }, 
    {
        "pk": 116, 
        "model": "auth.user", 
        "fields": {
            "username": "1000016", 
            "first_name": "Jan", 
            "last_name": "Kowalski16", 
            "is_active": true, 
            "is_superuser": false, 
            "is_staff": false, 
            "last_login": "2010-11-04 14:43:11", 
            "groups": [], 
            "user_permissions": [], 
            "password": "sha1$9915f$38f8781f7fbaed11078a9f38295b7bea1f871cb7", 
            "email": "aaa@aa.pl", 
            "date_joined": "2010-11-04 14:42:09"
        }
    }, 
    {
        "pk": 117, 
        "model": "auth.user", 
        "fields": {
            "username": "1000017", 
            "first_name": "Jan", 
            "last_name": "Kowalski17", 
            "is_active": true, 
            "is_superuser": false, 
            "is_staff": false, 
            "last_login": "2010-11-04 14:43:11", 
            "groups": [], 
            "user_permissions": [], 
            "password": "sha1$9915f$38f8781f7fbaed11078a9f38295b7bea1f871cb7", 
            "email": "aaa@aa.pl", 
            "date_joined": "2010-11-04 14:42:09"
        }
    }, 
    {
        "pk": 118, 
        "model": "auth.user", 
        "fields": {
            "username": "1000018", 
            "first_name": "Jan", 
            "last_name": "Kowalski18", 
            "is_active": true, 
            "is_superuser": false, 
            "is_staff": false, 
            "last_login": "2010-11-04 14:43:11", 
            "groups": [], 
            "user_permissions": [], 
            "password": "sha1$9915f$38f8781f7fbaed11078a9f38295b7bea1f871cb7", 
            "email": "aaa@aa.pl", 
            "date_joined": "2010-11-04 14:42:09"
        }
    }, 
    {
        "pk": 119, 
        "model": "auth.user", 
        "fields": {
            "username": "1000019", 
            "first_name": "Jan", 
            "last_name": "Kowalski19", 
            "is_active": true, 
            "is_superuser": false, 
            "is_staff": false, 
            "last_login": "2010-11-04 14:43:11", 
            "groups": [], 
            "user_permissions": [], 
            "password": "sha1$9915f$38f8781f7fbaed11078a9f38295b7bea1f871cb7", 
            "email": "aaa@aa.pl", 
            "date_joined": "2010-11-04 14:42:09"
        }
    }, 
    {
        "pk": 120, 
        "model": "auth.user", 
        "fields": {
            "username": "1000020", 
            "first_name": "Jan", 
            "last_name": "Kowalski20", 
            "is_active": true, 
            "is_superuser": false, 
            "is_staff": false, 
            "last_login": "2010-11-04 14:43:11", 
            "groups": [], 
            "user_permissions": [], 
            "password": "sha1$9915f$38f8781f7fbaed11078a9f38295b7bea1f871cb7", 
            "email": "aaa@aa.pl", 
            "date_joined": "2010-11-04 14:42:09"
        }
    }, 
    {
        "pk": 121, 
        "model": "auth.user", 
        "fields": {
            "username": "1000021", 
            "first_name": "Jan", 
            "last_name": "Kowalski21", 
            "is_active": true, 
            "is_superuser": false, 
            "is_staff": false, 
            "last_login": "2010-11-04 14:43:11", 
            "groups": [], 
            "user_permissions": [], 
            "password": "sha1$9915f$38f8781f7fbaed11078a9f38295b7bea1f871cb7", 
            "email": "aaa@aa.pl", 
            "date_joined": "2010-11-04 14:42:09"
        }
    }, 
    {
        "pk": 122, 
        "model": "auth.user", 
        "fields": {
            "username": "1000022", 
            "first_name": "Jan", 
            "last_name": "Kowalski22", 
            "is_active": true, 
            "is_superuser": false, 
            "is_staff": false, 
            "last_login": "2010-11-04 14:43:11", 
            "groups": [], 
            "user_permissions": [], 
            "password": "sha1$9915f$38f8781f7fbaed11078a9f38295b7bea1f871cb7", 
            "email": "aaa@aa.pl", 
            "date_joined": "2010-11-04 14:42:09"
        }
    }, 
    {
        "pk": 123, 
        "model": "auth.user", 
        "fields": {
            "username": "1000023", 
            "first_name": "Jan", 
            "last_name": "Kowalski23", 
            "is_active": true, 
            "is_superuser": false, 
            "is_staff": false, 
            "last_login": "2010-11-04 14:43:11", 
            "groups": [], 
            "user_permissions": [], 
            "password": "sha1$9915f$38f8781f7fbaed11078a9f38295b7bea1f871cb7", 
            "email": "aaa@aa.pl", 
            "date_joined": "2010-11-04 14:42:09"
        }
    }, 
    {
        "pk": 124, 
        "model": "auth.user", 
        "fields": {
            "username": "1000024", 
            "first_name": "Jan", 
            "last_name": "Kowalski24", 
            "is_active": true, 
            "is_superuser": false, 
            "is_staff": false, 
            "last_login": "2010-11-04 14:43:11", 
            "groups": [], 
            "user_permissions": [], 
            "password": "sha1$9915f$38f8781f7fbaed11078a9f38295b7bea1f871cb7", 
            "email": "aaa@aa.pl", 
            "date_joined": "2010-11-04 14:42:09"
        }
    }, 
    {
        "pk": 125, 
        "model": "auth.user", 
        "fields": {
            "username": "1000025", 
            "first_name": "Jan", 
            "last_name": "Kowalski25", 
            "is_active": true, 
            "is_superuser": false, 
            "is_staff": false, 
            "last_login": "2010-11-04 14:43:11", 
            "groups": [], 
            "user_permissions": [], 
            "password": "sha1$9915f$38f8781f7fbaed11078a9f38295b7bea1f871cb7", 
            "email": "aaa@aa.pl", 
            "date_joined": "2010-11-04 14:42:09"
        }
    }, 
    {
        "pk": 126, 
        "model": "auth.user", 
        "fields": {
            "username": "1000026", 
            "first_name": "Jan", 
            "last_name": "Kowalski26", 
            "is_active": true, 
            "is_superuser": false, 
            "is_staff": false, 
            "last_login": "2010-11-04 14:43:11", 
            "groups": [], 
            "user_permissions": [], 
            "password": "sha1$9915f$38f8781f7fbaed11078a9f38295b7bea1f871cb7", 
            "email": "aaa@aa.pl", 
            "date_joined": "2010-11-04 14:42:09"
        }
    }, 
    {
        "pk": 127, 
        "model": "auth.user", 
        "fields": {
            "username": "1000027", 
            "first_name": "Jan", 
            "last_name": "Kowalski27", 
            "is_active": true, 
            "is_superuser": false, 
            "is_staff": false, 
            "last_login": "2010-11-04 14:43:11", 
            "groups": [], 
            "user_permissions": [], 
            "password": "sha1$9915f$38f8781f7fbaed11078a9f38295b7bea1f871cb7", 
            "email": "aaa@aa.pl", 
            "date_joined": "2010-11-04 14:42:09"
        }
    }, 
    {
        "pk": 128, 
        "model": "auth.user", 
        "fields": {
            "username": "1000028", 
            "first_name": "Jan", 
            "last_name": "Kowalski28", 
            "is_active": true, 
            "is_superuser": false, 
            "is_staff": false, 
            "last_login": "2010-11-04 14:43:11", 
            "groups": [], 
            "user_permissions": [], 
            "password": "sha1$9915f$38f8781f7fbaed11078a9f38295b7bea1f871cb7", 
            "email": "aaa@aa.pl", 
            "date_joined": "2010-11-04 14:42:09"
        }
    }, 
    {
        "pk": 129, 
        "model": "auth.user", 
        "fields": {
            "username": "1000029", 
            "first_name": "Jan", 
            "last_name": "Kowalski29", 
            "is_active": true, 
            "is_superuser": false, 
            "is_staff": false, 
            "last_login": "2010-11-04 14:43:11", 
            "groups": [], 
            "user_permissions": [], 
            "password": "sha1$9915f$38f8781f7fbaed11078a9f38295b7bea1f871cb7", 
            "email": "aaa@aa.pl", 
            "date_joined": "2010-11-04 14:42:09"
        }
    }, 
    {
        "pk": 130, 
        "model": "auth.user", 
        "fields": {
            "username": "1000030", 
            "first_name": "Jan", 
            "last_name": "Kowalski30", 
            "is_active": true, 
            "is_superuser": false, 
            "is_staff": false, 
            "last_login": "2010-11-04 14:43:11", 
            "groups": [], 
            "user_permissions": [], 
            "password": "sha1$9915f$38f8781f7fbaed11078a9f38295b7bea1f871cb7", 
            "email": "aaa@aa.pl", 
            "date_joined": "2010-11-04 14:42:09"
        }
    }, 
    {
        "pk": 131, 
        "model": "auth.user", 
        "fields": {
            "username": "1000031", 
            "first_name": "Jan", 
            "last_name": "Kowalski31", 
            "is_active": true, 
            "is_superuser": false, 
            "is_staff": false, 
            "last_login": "2010-11-04 14:43:11", 
            "groups": [], 
            "user_permissions": [], 
            "password": "sha1$9915f$38f8781f7fbaed11078a9f38295b7bea1f871cb7", 
            "email": "aaa@aa.pl", 
            "date_joined": "2010-11-04 14:42:09"
        }
    }, 
    {
        "pk": 132, 
        "model": "auth.user", 
        "fields": {
            "username": "1000032", 
            "first_name": "Jan", 
            "last_name": "Kowalski32", 
            "is_active": true, 
            "is_superuser": false, 
            "is_staff": false, 
            "last_login": "2010-11-04 14:43:11", 
            "groups": [], 
            "user_permissions": [], 
            "password": "sha1$9915f$38f8781f7fbaed11078a9f38295b7bea1f871cb7", 
            "email": "aaa@aa.pl", 
            "date_joined": "2010-11-04 14:42:09"
        }
    }, 
    {
        "pk": 133, 
        "model": "auth.user", 
        "fields": {
            "username": "1000033", 
            "first_name": "Jan", 
            "last_name": "Kowalski33", 
            "is_active": true, 
            "is_superuser": false, 
            "is_staff": false, 
            "last_login": "2010-11-04 14:43:11", 
            "groups": [], 
            "user_permissions": [], 
            "password": "sha1$9915f$38f8781f7fbaed11078a9f38295b7bea1f871cb7", 
            "email": "aaa@aa.pl", 
            "date_joined": "2010-11-04 14:42:09"
        }
    }, 
    {
        "pk": 134, 
        "model": "auth.user", 
        "fields": {
            "username": "1000034", 
            "first_name": "Jan", 
            "last_name": "Kowalski34", 
            "is_active": true, 
            "is_superuser": false, 
            "is_staff": false, 
            "last_login": "2010-11-04 14:43:11", 
            "groups": [], 
            "user_permissions": [], 
            "password": "sha1$9915f$38f8781f7fbaed11078a9f38295b7bea1f871cb7", 
            "email": "aaa@aa.pl", 
            "date_joined": "2010-11-04 14:42:09"
        }
    }, 
    {
        "pk": 135, 
        "model": "auth.user", 
        "fields": {
            "username": "1000035", 
            "first_name": "Jan", 
            "last_name": "Kowalski35", 
            "is_active": true, 
            "is_superuser": false, 
            "is_staff": false, 
            "last_login": "2010-11-04 14:43:11", 
            "groups": [], 
            "user_permissions": [], 
            "password": "sha1$9915f$38f8781f7fbaed11078a9f38295b7bea1f871cb7", 
            "email": "aaa@aa.pl", 
            "date_joined": "2010-11-04 14:42:09"
        }
    }, 
    {
        "pk": 136, 
        "model": "auth.user", 
        "fields": {
            "username": "1000036", 
            "first_name": "Jan", 
            "last_name": "Kowalski36", 
            "is_active": true, 
            "is_superuser": false, 
            "is_staff": false, 
            "last_login": "2010-11-04 14:43:11", 
            "groups": [], 
            "user_permissions": [], 
            "password": "sha1$9915f$38f8781f7fbaed11078a9f38295b7bea1f871cb7", 
            "email": "aaa@aa.pl", 
            "date_joined": "2010-11-04 14:42:09"
        }
    }, 
    {
        "pk": 137, 
        "model": "auth.user", 
        "fields": {
            "username": "1000037", 
            "first_name": "Jan", 
            "last_name": "Kowalski37", 
            "is_active": true, 
            "is_superuser": false, 
            "is_staff": false, 
            "last_login": "2010-11-04 14:43:11", 
            "groups": [], 
            "user_permissions": [], 
            "password": "sha1$9915f$38f8781f7fbaed11078a9f38295b7bea1f871cb7", 
            "email": "aaa@aa.pl", 
            "date_joined": "2010-11-04 14:42:09"
        }
    }, 
    {
        "pk": 138, 
        "model": "auth.user", 
        "fields": {
            "username": "1000038", 
            "first_name": "Jan", 
            "last_name": "Kowalski38", 
            "is_active": true, 
            "is_superuser": false, 
            "is_staff": false, 
            "last_login": "2010-11-04 14:43:11", 
            "groups": [], 
            "user_permissions": [], 
            "password": "sha1$9915f$38f8781f7fbaed11078a9f38295b7bea1f871cb7", 
            "email": "aaa@aa.pl", 
            "date_joined": "2010-11-04 14:42:09"
        }
    }, 
    {
        "pk": 139, 
        "model": "auth.user", 
        "fields": {
            "username": "1000039", 
            "first_name": "Jan", 
            "last_name": "Kowalski39", 
            "is_active": true, 
            "is_superuser": false, 
            "is_staff": false, 
            "last_login": "2010-11-04 14:43:11", 
            "groups": [], 
            "user_permissions": [], 
            "password": "sha1$9915f$38f8781f7fbaed11078a9f38295b7bea1f871cb7", 
            "email": "aaa@aa.pl", 
            "date_joined": "2010-11-04 14:42:09"
        }
    }, 
    {
        "pk": 1000, 
        "model": "auth.user", 
        "fields": {
            "username": "prac0", 
            "first_name": "Artur", 
            "last_name": "Nowakowski0", 
            "is_active": true, 
            "is_superuser": true, 
            "is_staff": true, 
            "last_login": "2010-11-04 14:43:11", 
            "groups": [], 
            "user_permissions": [], 
            "password": "sha1$9915f$38f8781f7fbaed11078a9f38295b7bea1f871cb7", 
            "email": "aaa@aa.pl", 
            "date_joined": "2010-11-04 14:42:09"
        }
    }, 
    {
        "pk": 1001, 
        "model": "auth.user", 
        "fields": {
            "username": "prac1", 
            "first_name": "Artur", 
            "last_name": "Nowakowski1", 
            "is_active": true, 
            "is_superuser": true, 
            "is_staff": true, 
            "last_login": "2010-11-04 14:43:11", 
            "groups": [], 
            "user_permissions": [], 
            "password": "sha1$9915f$38f8781f7fbaed11078a9f38295b7bea1f871cb7", 
            "email": "aaa@aa.pl", 
            "date_joined": "2010-11-04 14:42:09"
        }
    }, 
    {
        "pk": 1002, 
        "model": "auth.user", 
        "fields": {
            "username": "prac2", 
            "first_name": "Artur", 
            "last_name": "Nowakowski2", 
            "is_active": true, 
            "is_superuser": true, 
            "is_staff": true, 
            "last_login": "2010-11-04 14:43:11", 
            "groups": [], 
            "user_permissions": [], 
            "password": "sha1$9915f$38f8781f7fbaed11078a9f38295b7bea1f871cb7", 
            "email": "aaa@aa.pl", 
            "date_joined": "2010-11-04 14:42:09"
        }
    }, 
    {
        "pk": 1003, 
        "model": "auth.user", 
        "fields": {
            "username": "prac3", 
            "first_name": "Artur", 
            "last_name": "Nowakowski3", 
            "is_active": true, 
            "is_superuser": true, 
            "is_staff": true, 
            "last_login": "2010-11-04 14:43:11", 
            "groups": [], 
            "user_permissions": [], 
            "password": "sha1$9915f$38f8781f7fbaed11078a9f38295b7bea1f871cb7", 
            "email": "aaa@aa.pl", 
            "date_joined": "2010-11-04 14:42:09"
        }
    }, 
    {
        "pk": 1004, 
        "model": "auth.user", 
        "fields": {
            "username": "prac4", 
            "first_name": "Artur", 
            "last_name": "Nowakowski4", 
            "is_active": true, 
            "is_superuser": true, 
            "is_staff": true, 
            "last_login": "2010-11-04 14:43:11", 
            "groups": [], 
            "user_permissions": [], 
            "password": "sha1$9915f$38f8781f7fbaed11078a9f38295b7bea1f871cb7", 
            "email": "aaa@aa.pl", 
            "date_joined": "2010-11-04 14:42:09"
        }
    }, 
    {
        "pk": 1005, 
        "model": "auth.user", 
        "fields": {
            "username": "prac5", 
            "first_name": "Artur", 
            "last_name": "Nowakowski5", 
            "is_active": true, 
            "is_superuser": true, 
            "is_staff": true, 
            "last_login": "2010-11-04 14:43:11", 
            "groups": [], 
            "user_permissions": [], 
            "password": "sha1$9915f$38f8781f7fbaed11078a9f38295b7bea1f871cb7", 
            "email": "aaa@aa.pl", 
            "date_joined": "2010-11-04 14:42:09"
        }
    }, 
    {
        "pk": 1006, 
        "model": "auth.user", 
        "fields": {
            "username": "prac6", 
            "first_name": "Artur", 
            "last_name": "Nowakowski6", 
            "is_active": true, 
            "is_superuser": true, 
            "is_staff": true, 
            "last_login": "2010-11-04 14:43:11", 
            "groups": [], 
            "user_permissions": [], 
            "password": "sha1$9915f$38f8781f7fbaed11078a9f38295b7bea1f871cb7", 
            "email": "aaa@aa.pl", 
            "date_joined": "2010-11-04 14:42:09"
        }
    }, 
    {
        "pk": 1007, 
        "model": "auth.user", 
        "fields": {
            "username": "prac7", 
            "first_name": "Artur", 
            "last_name": "Nowakowski7", 
            "is_active": true, 
            "is_superuser": true, 
            "is_staff": true, 
            "last_login": "2010-11-04 14:43:11", 
            "groups": [], 
            "user_permissions": [], 
            "password": "sha1$9915f$38f8781f7fbaed11078a9f38295b7bea1f871cb7", 
            "email": "aaa@aa.pl", 
            "date_joined": "2010-11-04 14:42:09"
        }
    }, 
    {
        "pk": 1008, 
        "model": "auth.user", 
        "fields": {
            "username": "prac8", 
            "first_name": "Artur", 
            "last_name": "Nowakowski8", 
            "is_active": true, 
            "is_superuser": true, 
            "is_staff": true, 
            "last_login": "2010-11-04 14:43:11", 
            "groups": [], 
            "user_permissions": [], 
            "password": "sha1$9915f$38f8781f7fbaed11078a9f38295b7bea1f871cb7", 
            "email": "aaa@aa.pl", 
            "date_joined": "2010-11-04 14:42:09"
        }
    }, 
    {
        "pk": 1009, 
        "model": "auth.user", 
        "fields": {
            "username": "prac9", 
            "first_name": "Artur", 
            "last_name": "Nowakowski9", 
            "is_active": true, 
            "is_superuser": true, 
            "is_staff": true, 
            "last_login": "2010-11-04 14:43:11", 
            "groups": [], 
            "user_permissions": [], 
            "password": "sha1$9915f$38f8781f7fbaed11078a9f38295b7bea1f871cb7", 
            "email": "aaa@aa.pl", 
            "date_joined": "2010-11-04 14:42:09"
        }
    }, 
    {
        "pk": 1010, 
        "model": "auth.user", 
        "fields": {
            "username": "prac10", 
            "first_name": "Artur", 
            "last_name": "Nowakowski10", 
            "is_active": true, 
            "is_superuser": true, 
            "is_staff": true, 
            "last_login": "2010-11-04 14:43:11", 
            "groups": [], 
            "user_permissions": [], 
            "password": "sha1$9915f$38f8781f7fbaed11078a9f38295b7bea1f871cb7", 
            "email": "aaa@aa.pl", 
            "date_joined": "2010-11-04 14:42:09"
        }
    }, 
    {
        "pk": 1011, 
        "model": "auth.user", 
        "fields": {
            "username": "prac11", 
            "first_name": "Artur", 
            "last_name": "Nowakowski11", 
            "is_active": true, 
            "is_superuser": true, 
            "is_staff": true, 
            "last_login": "2010-11-04 14:43:11", 
            "groups": [], 
            "user_permissions": [], 
            "password": "sha1$9915f$38f8781f7fbaed11078a9f38295b7bea1f871cb7", 
            "email": "aaa@aa.pl", 
            "date_joined": "2010-11-04 14:42:09"
        }
    }, 
    {
        "pk": 1012, 
        "model": "auth.user", 
        "fields": {
            "username": "prac12", 
            "first_name": "Artur", 
            "last_name": "Nowakowski12", 
            "is_active": true, 
            "is_superuser": true, 
            "is_staff": true, 
            "last_login": "2010-11-04 14:43:11", 
            "groups": [], 
            "user_permissions": [], 
            "password": "sha1$9915f$38f8781f7fbaed11078a9f38295b7bea1f871cb7", 
            "email": "aaa@aa.pl", 
            "date_joined": "2010-11-04 14:42:09"
        }
    }, 
    {
        "pk": 1013, 
        "model": "auth.user", 
        "fields": {
            "username": "prac13", 
            "first_name": "Artur", 
            "last_name": "Nowakowski13", 
            "is_active": true, 
            "is_superuser": true, 
            "is_staff": true, 
            "last_login": "2010-11-04 14:43:11", 
            "groups": [], 
            "user_permissions": [], 
            "password": "sha1$9915f$38f8781f7fbaed11078a9f38295b7bea1f871cb7", 
            "email": "aaa@aa.pl", 
            "date_joined": "2010-11-04 14:42:09"
        }
    }, 
    {
        "pk": 1014, 
        "model": "auth.user", 
        "fields": {
            "username": "prac14", 
            "first_name": "Artur", 
            "last_name": "Nowakowski14", 
            "is_active": true, 
            "is_superuser": true, 
            "is_staff": true, 
            "last_login": "2010-11-04 14:43:11", 
            "groups": [], 
            "user_permissions": [], 
            "password": "sha1$9915f$38f8781f7fbaed11078a9f38295b7bea1f871cb7", 
            "email": "aaa@aa.pl", 
            "date_joined": "2010-11-04 14:42:09"
        }
    }, 
    {
        "pk": 1015, 
        "model": "auth.user", 
        "fields": {
            "username": "prac15", 
            "first_name": "Artur", 
            "last_name": "Nowakowski15", 
            "is_active": true, 
            "is_superuser": true, 
            "is_staff": true, 
            "last_login": "2010-11-04 14:43:11", 
            "groups": [], 
            "user_permissions": [], 
            "password": "sha1$9915f$38f8781f7fbaed11078a9f38295b7bea1f871cb7", 
            "email": "aaa@aa.pl", 
            "date_joined": "2010-11-04 14:42:09"
        }
    }, 
    {
        "pk": 1016, 
        "model": "auth.user", 
        "fields": {
            "username": "prac16", 
            "first_name": "Artur", 
            "last_name": "Nowakowski16", 
            "is_active": true, 
            "is_superuser": true, 
            "is_staff": true, 
            "last_login": "2010-11-04 14:43:11", 
            "groups": [], 
            "user_permissions": [], 
            "password": "sha1$9915f$38f8781f7fbaed11078a9f38295b7bea1f871cb7", 
            "email": "aaa@aa.pl", 
            "date_joined": "2010-11-04 14:42:09"
        }
    }, 
    {
        "pk": 1017, 
        "model": "auth.user", 
        "fields": {
            "username": "prac17", 
            "first_name": "Artur", 
            "last_name": "Nowakowski17", 
            "is_active": true, 
            "is_superuser": true, 
            "is_staff": true, 
            "last_login": "2010-11-04 14:43:11", 
            "groups": [], 
            "user_permissions": [], 
            "password": "sha1$9915f$38f8781f7fbaed11078a9f38295b7bea1f871cb7", 
            "email": "aaa@aa.pl", 
            "date_joined": "2010-11-04 14:42:09"
        }
    }, 
    {
        "pk": 1018, 
        "model": "auth.user", 
        "fields": {
            "username": "prac18", 
            "first_name": "Artur", 
            "last_name": "Nowakowski18", 
            "is_active": true, 
            "is_superuser": true, 
            "is_staff": true, 
            "last_login": "2010-11-04 14:43:11", 
            "groups": [], 
            "user_permissions": [], 
            "password": "sha1$9915f$38f8781f7fbaed11078a9f38295b7bea1f871cb7", 
            "email": "aaa@aa.pl", 
            "date_joined": "2010-11-04 14:42:09"
        }
    }, 
    {
        "pk": 1019, 
        "model": "auth.user", 
        "fields": {
            "username": "prac19", 
            "first_name": "Artur", 
            "last_name": "Nowakowski19", 
            "is_active": true, 
            "is_superuser": true, 
            "is_staff": true, 
            "last_login": "2010-11-04 14:43:11", 
            "groups": [], 
            "user_permissions": [], 
            "password": "sha1$9915f$38f8781f7fbaed11078a9f38295b7bea1f871cb7", 
            "email": "aaa@aa.pl", 
            "date_joined": "2010-11-04 14:42:09"
        }
    }, 
    {
        "pk": 1020, 
        "model": "auth.user", 
        "fields": {
            "username": "student-test", 
            "first_name": "Student", 
            "last_name": "Testowy", 
            "is_active": true, 
            "is_superuser": false, 
            "is_staff": false, 
            "last_login": "2011-01-23 12:27:21", 
            "groups": [], 
            "user_permissions": [], 
            "password": "sha1$2e24e$e91bfaf65a819f411131cb52adcf747ddd9296fa", 
            "email": "ayertienna@gmail.com", 
            "date_joined": "2011-01-23 12:19:24"
        }
    }, 
    {
        "pk": 102, 
        "model": "records.record", 
        "fields": {
            "status": "1", 
            "group": 162, 
            "student": 110
        }
    }, 
    {
        "pk": 103, 
        "model": "records.record", 
        "fields": {
            "status": "1", 
            "group": 109, 
            "student": 135
        }
    }, 
    {
        "pk": 105, 
        "model": "records.record", 
        "fields": {
            "status": "1", 
            "group": 157, 
            "student": 139
        }
    }, 
    {
        "pk": 106, 
        "model": "records.record", 
        "fields": {
            "status": "1", 
            "group": 184, 
            "student": 122
        }
    }, 
    {
        "pk": 107, 
        "model": "records.record", 
        "fields": {
            "status": "1", 
            "group": 112, 
            "student": 130
        }
    }, 
    {
        "pk": 109, 
        "model": "records.record", 
        "fields": {
            "status": "1", 
            "group": 120, 
            "student": 131
        }
    }, 
    {
        "pk": 110, 
        "model": "records.record", 
        "fields": {
            "status": "1", 
            "group": 188, 
            "student": 100
        }
    }, 
    {
        "pk": 111, 
        "model": "records.record", 
        "fields": {
            "status": "1", 
            "group": 128, 
            "student": 121
        }
    }, 
    {
        "pk": 114, 
        "model": "records.record", 
        "fields": {
            "status": "1", 
            "group": 133, 
            "student": 126
        }
    }, 
    {
        "pk": 117, 
        "model": "records.record", 
        "fields": {
            "status": "1", 
            "group": 179, 
            "student": 129
        }
    }, 
    {
        "pk": 119, 
        "model": "records.record", 
        "fields": {
            "status": "1", 
            "group": 148, 
            "student": 127
        }
    }, 
    {
        "pk": 124, 
        "model": "records.record", 
        "fields": {
            "status": "1", 
            "group": 162, 
            "student": 127
        }
    }, 
    {
        "pk": 126, 
        "model": "records.record", 
        "fields": {
            "status": "1", 
            "group": 199, 
            "student": 109
        }
    }, 
    {
        "pk": 127, 
        "model": "records.record", 
        "fields": {
            "status": "1", 
            "group": 128, 
            "student": 135
        }
    }, 
    {
        "pk": 128, 
        "model": "records.record", 
        "fields": {
            "status": "1", 
            "group": 101, 
            "student": 108
        }
    }, 
    {
        "pk": 129, 
        "model": "records.record", 
        "fields": {
            "status": "1", 
            "group": 189, 
            "student": 127
        }
    }, 
    {
        "pk": 130, 
        "model": "records.record", 
        "fields": {
            "status": "1", 
            "group": 158, 
            "student": 115
        }
    }, 
    {
        "pk": 137, 
        "model": "records.record", 
        "fields": {
            "status": "1", 
            "group": 134, 
            "student": 139
        }
    }, 
    {
        "pk": 141, 
        "model": "records.record", 
        "fields": {
            "status": "1", 
            "group": 157, 
            "student": 100
        }
    }, 
    {
        "pk": 143, 
        "model": "records.record", 
        "fields": {
            "status": "1", 
            "group": 199, 
            "student": 136
        }
    }, 
    {
        "pk": 147, 
        "model": "records.record", 
        "fields": {
            "status": "1", 
            "group": 116, 
            "student": 115
        }
    }, 
    {
        "pk": 150, 
        "model": "records.record", 
        "fields": {
            "status": "1", 
            "group": 112, 
            "student": 103
        }
    }, 
    {
        "pk": 152, 
        "model": "records.record", 
        "fields": {
            "status": "1", 
            "group": 142, 
            "student": 122
        }
    }, 
    {
        "pk": 154, 
        "model": "records.record", 
        "fields": {
            "status": "1", 
            "group": 131, 
            "student": 116
        }
    }, 
    {
        "pk": 156, 
        "model": "records.record", 
        "fields": {
            "status": "1", 
            "group": 198, 
            "student": 111
        }
    }, 
    {
        "pk": 158, 
        "model": "records.record", 
        "fields": {
            "status": "1", 
            "group": 165, 
            "student": 114
        }
    }, 
    {
        "pk": 160, 
        "model": "records.record", 
        "fields": {
            "status": "1", 
            "group": 111, 
            "student": 109
        }
    }, 
    {
        "pk": 162, 
        "model": "records.record", 
        "fields": {
            "status": "1", 
            "group": 114, 
            "student": 130
        }
    }, 
    {
        "pk": 163, 
        "model": "records.record", 
        "fields": {
            "status": "1", 
            "group": 114, 
            "student": 139
        }
    }, 
    {
        "pk": 166, 
        "model": "records.record", 
        "fields": {
            "status": "1", 
            "group": 141, 
            "student": 133
        }
    }, 
    {
        "pk": 170, 
        "model": "records.record", 
        "fields": {
            "status": "1", 
            "group": 117, 
            "student": 104
        }
    }, 
    {
        "pk": 172, 
        "model": "records.record", 
        "fields": {
            "status": "1", 
            "group": 100, 
            "student": 113
        }
    }, 
    {
        "pk": 173, 
        "model": "records.record", 
        "fields": {
            "status": "1", 
            "group": 141, 
            "student": 109
        }
    }, 
    {
        "pk": 174, 
        "model": "records.record", 
        "fields": {
            "status": "1", 
            "group": 160, 
            "student": 127
        }
    }, 
    {
        "pk": 177, 
        "model": "records.record", 
        "fields": {
            "status": "1", 
            "group": 178, 
            "student": 103
        }
    }, 
    {
        "pk": 179, 
        "model": "records.record", 
        "fields": {
            "status": "1", 
            "group": 142, 
            "student": 101
        }
    }, 
    {
        "pk": 180, 
        "model": "records.record", 
        "fields": {
            "status": "1", 
            "group": 133, 
            "student": 107
        }
    }, 
    {
        "pk": 182, 
        "model": "records.record", 
        "fields": {
            "status": "1", 
            "group": 109, 
            "student": 116
        }
    }, 
    {
        "pk": 183, 
        "model": "records.record", 
        "fields": {
            "status": "1", 
            "group": 130, 
            "student": 132
        }
    }, 
    {
        "pk": 185, 
        "model": "records.record", 
        "fields": {
            "status": "1", 
            "group": 195, 
            "student": 134
        }
    }, 
    {
        "pk": 189, 
        "model": "records.record", 
        "fields": {
            "status": "1", 
            "group": 186, 
            "student": 126
        }
    }, 
    {
        "pk": 191, 
        "model": "records.record", 
        "fields": {
            "status": "1", 
            "group": 101, 
            "student": 124
        }
    }, 
    {
        "pk": 194, 
        "model": "records.record", 
        "fields": {
            "status": "1", 
            "group": 167, 
            "student": 121
        }
    }, 
    {
        "pk": 195, 
        "model": "records.record", 
        "fields": {
            "status": "1", 
            "group": 196, 
            "student": 129
        }
    }, 
    {
        "pk": 197, 
        "model": "records.record", 
        "fields": {
            "status": "1", 
            "group": 147, 
            "student": 106
        }
    }, 
    {
        "pk": 198, 
        "model": "records.record", 
        "fields": {
            "status": "1", 
            "group": 102, 
            "student": 113
        }
    }, 
    {
        "pk": 199, 
        "model": "records.record", 
        "fields": {
            "status": "1", 
            "group": 146, 
            "student": 127
        }
    }, 
    {
        "pk": 200, 
        "model": "records.record", 
        "fields": {
            "status": "1", 
            "group": 178, 
            "student": 137
        }
    }, 
    {
        "pk": 202, 
        "model": "records.record", 
        "fields": {
            "status": "1", 
            "group": 186, 
            "student": 104
        }
    }, 
    {
        "pk": 205, 
        "model": "records.record", 
        "fields": {
            "status": "1", 
            "group": 115, 
            "student": 116
        }
    }, 
    {
        "pk": 207, 
        "model": "records.record", 
        "fields": {
            "status": "1", 
            "group": 132, 
            "student": 122
        }
    }, 
    {
        "pk": 211, 
        "model": "records.record", 
        "fields": {
            "status": "1", 
            "group": 109, 
            "student": 106
        }
    }, 
    {
        "pk": 212, 
        "model": "records.record", 
        "fields": {
            "status": "1", 
            "group": 140, 
            "student": 116
        }
    }, 
    {
        "pk": 213, 
        "model": "records.record", 
        "fields": {
            "status": "1", 
            "group": 112, 
            "student": 110
        }
    }, 
    {
        "pk": 215, 
        "model": "records.record", 
        "fields": {
            "status": "1", 
            "group": 146, 
            "student": 136
        }
    }, 
    {
        "pk": 217, 
        "model": "records.record", 
        "fields": {
            "status": "1", 
            "group": 107, 
            "student": 115
        }
    }, 
    {
        "pk": 219, 
        "model": "records.record", 
        "fields": {
            "status": "1", 
            "group": 168, 
            "student": 113
        }
    }, 
    {
        "pk": 223, 
        "model": "records.record", 
        "fields": {
            "status": "1", 
            "group": 163, 
            "student": 121
        }
    }, 
    {
        "pk": 224, 
        "model": "records.record", 
        "fields": {
            "status": "1", 
            "group": 117, 
            "student": 128
        }
    }, 
    {
        "pk": 225, 
        "model": "records.record", 
        "fields": {
            "status": "1", 
            "group": 133, 
            "student": 119
        }
    }, 
    {
        "pk": 226, 
        "model": "records.record", 
        "fields": {
            "status": "1", 
            "group": 134, 
            "student": 102
        }
    }, 
    {
        "pk": 227, 
        "model": "records.record", 
        "fields": {
            "status": "1", 
            "group": 165, 
            "student": 110
        }
    }, 
    {
        "pk": 228, 
        "model": "records.record", 
        "fields": {
            "status": "1", 
            "group": 109, 
            "student": 138
        }
    }, 
    {
        "pk": 230, 
        "model": "records.record", 
        "fields": {
            "status": "1", 
            "group": 165, 
            "student": 102
        }
    }, 
    {
        "pk": 239, 
        "model": "records.record", 
        "fields": {
            "status": "1", 
            "group": 117, 
            "student": 100
        }
    }, 
    {
        "pk": 246, 
        "model": "records.record", 
        "fields": {
            "status": "1", 
            "group": 178, 
            "student": 128
        }
    }, 
    {
        "pk": 250, 
        "model": "records.record", 
        "fields": {
            "status": "1", 
            "group": 166, 
            "student": 100
        }
    }, 
    {
        "pk": 251, 
        "model": "records.record", 
        "fields": {
            "status": "1", 
            "group": 117, 
            "student": 118
        }
    }, 
    {
        "pk": 252, 
        "model": "records.record", 
        "fields": {
            "status": "1", 
            "group": 109, 
            "student": 125
        }
    }, 
    {
        "pk": 253, 
        "model": "records.record", 
        "fields": {
            "status": "1", 
            "group": 130, 
            "student": 139
        }
    }, 
    {
        "pk": 254, 
        "model": "records.record", 
        "fields": {
            "status": "1", 
            "group": 100, 
            "student": 108
        }
    }, 
    {
        "pk": 257, 
        "model": "records.record", 
        "fields": {
            "status": "1", 
            "group": 157, 
            "student": 115
        }
    }, 
    {
        "pk": 259, 
        "model": "records.record", 
        "fields": {
            "status": "1", 
            "group": 186, 
            "student": 133
        }
    }, 
    {
        "pk": 260, 
        "model": "records.record", 
        "fields": {
            "status": "1", 
            "group": 129, 
            "student": 137
        }
    }, 
    {
        "pk": 261, 
        "model": "records.record", 
        "fields": {
            "status": "1", 
            "group": 113, 
            "student": 127
        }
    }, 
    {
        "pk": 263, 
        "model": "records.record", 
        "fields": {
            "status": "1", 
            "group": 132, 
            "student": 125
        }
    }, 
    {
        "pk": 271, 
        "model": "records.record", 
        "fields": {
            "status": "1", 
            "group": 158, 
            "student": 128
        }
    }, 
    {
        "pk": 272, 
        "model": "records.record", 
        "fields": {
            "status": "1", 
            "group": 131, 
            "student": 136
        }
    }, 
    {
        "pk": 273, 
        "model": "records.record", 
        "fields": {
            "status": "1", 
            "group": 111, 
            "student": 138
        }
    }, 
    {
        "pk": 275, 
        "model": "records.record", 
        "fields": {
            "status": "1", 
            "group": 115, 
            "student": 134
        }
    }, 
    {
        "pk": 277, 
        "model": "records.record", 
        "fields": {
            "status": "1", 
            "group": 185, 
            "student": 100
        }
    }, 
    {
        "pk": 279, 
        "model": "records.record", 
        "fields": {
            "status": "1", 
            "group": 165, 
            "student": 106
        }
    }, 
    {
        "pk": 283, 
        "model": "records.record", 
        "fields": {
            "status": "1", 
            "group": 184, 
            "student": 131
        }
    }, 
    {
        "pk": 287, 
        "model": "records.record", 
        "fields": {
            "status": "1", 
            "group": 111, 
            "student": 113
        }
    }, 
    {
        "pk": 288, 
        "model": "records.record", 
        "fields": {
            "status": "1", 
            "group": 168, 
            "student": 107
        }
    }, 
    {
        "pk": 291, 
        "model": "records.record", 
        "fields": {
            "status": "1", 
            "group": 199, 
            "student": 131
        }
    }, 
    {
        "pk": 292, 
        "model": "records.record", 
        "fields": {
            "status": "1", 
            "group": 187, 
            "student": 116
        }
    }, 
    {
        "pk": 296, 
        "model": "records.record", 
        "fields": {
            "status": "1", 
            "group": 130, 
            "student": 111
        }
    }, 
    {
        "pk": 297, 
        "model": "records.record", 
        "fields": {
            "status": "1", 
            "group": 196, 
            "student": 123
        }
    }, 
    {
        "pk": 300, 
        "model": "records.record", 
        "fields": {
            "status": "1", 
            "group": 178, 
            "student": 127
        }
    }, 
    {
        "pk": 301, 
        "model": "records.record", 
        "fields": {
            "status": "1", 
            "group": 102, 
            "student": 112
        }
    }, 
    {
        "pk": 303, 
        "model": "records.record", 
        "fields": {
            "status": "1", 
            "group": 165, 
            "student": 123
        }
    }, 
    {
        "pk": 305, 
        "model": "records.record", 
        "fields": {
            "status": "1", 
            "group": 148, 
            "student": 129
        }
    }, 
    {
        "pk": 306, 
        "model": "records.record", 
        "fields": {
            "status": "1", 
            "group": 162, 
            "student": 119
        }
    }, 
    {
        "pk": 307, 
        "model": "records.record", 
        "fields": {
            "status": "1", 
            "group": 160, 
            "student": 105
        }
    }, 
    {
        "pk": 311, 
        "model": "records.record", 
        "fields": {
            "status": "1", 
            "group": 167, 
            "student": 112
        }
    }, 
    {
        "pk": 312, 
        "model": "records.record", 
        "fields": {
            "status": "1", 
            "group": 178, 
            "student": 129
        }
    }, 
    {
        "pk": 313, 
        "model": "records.record", 
        "fields": {
            "status": "1", 
            "group": 167, 
            "student": 139
        }
    }, 
    {
        "pk": 314, 
        "model": "records.record", 
        "fields": {
            "status": "1", 
            "group": 185, 
            "student": 133
        }
    }, 
    {
        "pk": 316, 
        "model": "records.record", 
        "fields": {
            "status": "1", 
            "group": 120, 
            "student": 112
        }
    }, 
    {
        "pk": 317, 
        "model": "records.record", 
        "fields": {
            "status": "1", 
            "group": 102, 
            "student": 116
        }
    }, 
    {
        "pk": 319, 
        "model": "records.record", 
        "fields": {
            "status": "1", 
            "group": 115, 
            "student": 114
        }
    }, 
    {
        "pk": 326, 
        "model": "records.record", 
        "fields": {
            "status": "1", 
            "group": 112, 
            "student": 105
        }
    }, 
    {
        "pk": 327, 
        "model": "records.record", 
        "fields": {
            "status": "1", 
            "group": 186, 
            "student": 122
        }
    }, 
    {
        "pk": 328, 
        "model": "records.record", 
        "fields": {
            "status": "1", 
            "group": 101, 
            "student": 125
        }
    }, 
    {
        "pk": 330, 
        "model": "records.record", 
        "fields": {
            "status": "1", 
            "group": 134, 
            "student": 116
        }
    }, 
    {
        "pk": 331, 
        "model": "records.record", 
        "fields": {
            "status": "1", 
            "group": 147, 
            "student": 115
        }
    }, 
    {
        "pk": 332, 
        "model": "records.record", 
        "fields": {
            "status": "1", 
            "group": 168, 
            "student": 117
        }
    }, 
    {
        "pk": 336, 
        "model": "records.record", 
        "fields": {
            "status": "1", 
            "group": 146, 
            "student": 124
        }
    }, 
    {
        "pk": 337, 
        "model": "records.record", 
        "fields": {
            "status": "1", 
            "group": 140, 
            "student": 134
        }
    }, 
    {
        "pk": 338, 
        "model": "records.record", 
        "fields": {
            "status": "1", 
            "group": 164, 
            "student": 111
        }
    }, 
    {
        "pk": 339, 
        "model": "records.record", 
        "fields": {
            "status": "1", 
            "group": 133, 
            "student": 121
        }
    }, 
    {
        "pk": 415, 
        "model": "records.record", 
        "fields": {
            "status": "1", 
            "group": 185, 
            "student": 126
        }
    }, 
    {
        "pk": 416, 
        "model": "records.record", 
        "fields": {
            "status": "1", 
            "group": 185, 
            "student": 104
        }
    }, 
    {
        "pk": 417, 
        "model": "records.record", 
        "fields": {
            "status": "1", 
            "group": 185, 
            "student": 132
        }
    }, 
    {
        "pk": 418, 
        "model": "records.record", 
        "fields": {
            "status": "1", 
            "group": 185, 
            "student": 122
        }
    }, 
    {
        "pk": 419, 
        "model": "records.record", 
        "fields": {
            "status": "1", 
            "group": 185, 
            "student": 115
        }
    }, 
    {
        "pk": 420, 
        "model": "records.record", 
        "fields": {
            "status": "1", 
            "group": 195, 
            "student": 129
        }
    }, 
    {
        "pk": 421, 
        "model": "records.record", 
        "fields": {
            "status": "1", 
            "group": 195, 
            "student": 123
        }
    }, 
    {
        "pk": 422, 
        "model": "records.record", 
        "fields": {
            "status": "1", 
            "group": 195, 
            "student": 111
        }
    }, 
    {
        "pk": 423, 
        "model": "records.record", 
        "fields": {
            "status": "1", 
            "group": 195, 
            "student": 109
        }
    }, 
    {
        "pk": 424, 
        "model": "records.record", 
        "fields": {
            "status": "1", 
            "group": 195, 
            "student": 136
        }
    }, 
    {
        "pk": 425, 
        "model": "records.record", 
        "fields": {
            "status": "1", 
            "group": 195, 
            "student": 131
        }
    }, 
    {
        "pk": 426, 
        "model": "records.record", 
        "fields": {
            "status": "1", 
            "group": 188, 
            "student": 127
        }
    }, 
    {
        "pk": 429, 
        "model": "records.record", 
        "fields": {
            "status": "1", 
            "group": 160, 
            "student": 110
        }
    }, 
    {
        "pk": 430, 
        "model": "records.record", 
        "fields": {
            "status": "1", 
            "group": 160, 
            "student": 119
        }
    }, 
    {
        "pk": 431, 
        "model": "records.record", 
        "fields": {
            "status": "1", 
            "group": 160, 
            "student": 121
        }
    }, 
    {
        "pk": 432, 
        "model": "records.record", 
        "fields": {
            "status": "1", 
            "group": 157, 
            "student": 128
        }
    }, 
    {
        "pk": 433, 
        "model": "records.record", 
        "fields": {
            "status": "1", 
            "group": 146, 
            "student": 115
        }
    }, 
    {
        "pk": 434, 
        "model": "records.record", 
        "fields": {
            "status": "1", 
            "group": 146, 
            "student": 106
        }
    }, 
    {
        "pk": 435, 
        "model": "records.record", 
        "fields": {
            "status": "1", 
            "group": 140, 
            "student": 133
        }
    }, 
    {
        "pk": 436, 
        "model": "records.record", 
        "fields": {
            "status": "1", 
            "group": 140, 
            "student": 109
        }
    }, 
    {
        "pk": 437, 
        "model": "records.record", 
        "fields": {
            "status": "1", 
            "group": 140, 
            "student": 101
        }
    }, 
    {
        "pk": 438, 
        "model": "records.record", 
        "fields": {
            "status": "1", 
            "group": 140, 
            "student": 122
        }
    }, 
    {
        "pk": 439, 
        "model": "records.record", 
        "fields": {
            "status": "1", 
            "group": 112, 
            "student": 116
        }
    }, 
    {
        "pk": 440, 
        "model": "records.record", 
        "fields": {
            "status": "1", 
            "group": 112, 
            "student": 114
        }
    }, 
    {
        "pk": 441, 
        "model": "records.record", 
        "fields": {
            "status": "1", 
            "group": 112, 
            "student": 127
        }
    }, 
    {
        "pk": 442, 
        "model": "records.record", 
        "fields": {
            "status": "1", 
            "group": 111, 
            "student": 130
        }
    }, 
    {
        "pk": 443, 
        "model": "records.record", 
        "fields": {
            "status": "1", 
            "group": 112, 
            "student": 139
        }
    }, 
    {
        "pk": 444, 
        "model": "records.record", 
        "fields": {
            "status": "1", 
            "group": 112, 
            "student": 134
        }
    }, 
    {
        "pk": 445, 
        "model": "records.record", 
        "fields": {
            "status": "1", 
            "group": 100, 
            "student": 124
        }
    }, 
    {
        "pk": 446, 
        "model": "records.record", 
        "fields": {
            "status": "1", 
            "group": 100, 
            "student": 125
        }
    }, 
    {
        "pk": 447, 
        "model": "records.record", 
        "fields": {
            "status": "1", 
            "group": 100, 
            "student": 112
        }
    }, 
    {
        "pk": 448, 
        "model": "records.record", 
        "fields": {
            "status": "1", 
            "group": 100, 
            "student": 116
        }
    }, 
    {
        "pk": 449, 
        "model": "records.record", 
        "fields": {
            "status": "1", 
            "group": 109, 
            "student": 109
        }
    }, 
    {
        "pk": 450, 
        "model": "records.record", 
        "fields": {
            "status": "1", 
            "group": 109, 
            "student": 113
        }
    }, 
    {
        "pk": 451, 
        "model": "records.record", 
        "fields": {
            "status": "1", 
            "group": 109, 
            "student": 130
        }
    }, 
    {
        "pk": 452, 
        "model": "records.record", 
        "fields": {
            "status": "1", 
            "group": 196, 
            "student": 140
        }
    }, 
    {
        "pk": 453, 
        "model": "records.record", 
        "fields": {
            "status": "1", 
            "group": 195, 
            "student": 140
        }
    }, 
    {
        "pk": 454, 
        "model": "records.record", 
        "fields": {
            "status": "1", 
            "group": 188, 
            "student": 140
        }
    }, 
    {
        "pk": 455, 
        "model": "records.record", 
        "fields": {
            "status": "1", 
            "group": 187, 
            "student": 140
        }
    }, 
    {
        "pk": 456, 
        "model": "records.record", 
        "fields": {
            "status": "1", 
            "group": 185, 
            "student": 140
        }
    }, 
    {
        "pk": 457, 
        "model": "records.record", 
        "fields": {
            "status": "1", 
            "group": 120, 
            "student": 140
        }
    }, 
    {
        "pk": 458, 
        "model": "records.record", 
        "fields": {
            "status": "1", 
            "group": 178, 
            "student": 140
        }
    }, 
    {
        "pk": 459, 
        "model": "records.record", 
        "fields": {
            "status": "1", 
            "group": 179, 
            "student": 140
        }
    }, 
    {
        "pk": 460, 
        "model": "records.record", 
        "fields": {
            "status": "1", 
            "group": 164, 
            "student": 140
        }
    }, 
    {
        "pk": 461, 
        "model": "records.record", 
        "fields": {
            "status": "1", 
            "group": 157, 
            "student": 140
        }
    }, 
    {
        "pk": 462, 
        "model": "records.record", 
        "fields": {
            "status": "1", 
            "group": 159, 
            "student": 140
        }
    }, 
    {
        "pk": 463, 
        "model": "records.record", 
        "fields": {
            "status": "2", 
            "group": 184, 
            "student": 140
        }
    }, 
    {
        "pk": 1, 
        "model": "records.queue", 
        "fields": {
            "status": "1", 
            "priority": 1, 
            "group": 184, 
            "student": 140, 
            "time": "2011-01-23 12:27:37"
        }
    }, 
    {
        "pk": 10, 
        "model": "news.news", 
        "fields": {
            "body": "[b] [/b] Koniec zapis\u00f3w zostanie przesuni\u0119ty do ko\u0144ca tego tygodnia (czyli niedzielnego wieczoru, 14-go marca).\n\n Bardzo prosz\u0119, by osoby kt\u00f3re nie zamierzaj\u0105 chodzi\u0107 na zaj\u0119cia wypisa\u0142y si\u0119 z nich mo\u017cliwie jak najszybciej. Po zamkni\u0119ciu zapis\u00f3w [b]nie b\u0119d\u0119[/b] wypisywa\u0142 nikogo z grup, kt\u00f3re by\u0142y pe\u0142ne w momencie zamkni\u0119cia zapis\u00f3w (wy\u0142\u0105czywszy trudne do przewidzenia przypadki losowe), zatem zapisanych do grup zape\u0142nionych prosz\u0119 o szczeg\u00f3ln\u0105 uwag\u0119 przy ustalaniu ostatecznego planu na obecny semestr.", 
            "date": "2010-03-09 23:15:24", 
            "author": 1, 
            "category": "enrollment", 
            "title": "Sprawy ostateczne (koniec zapis\u00f3w)"
        }
    }, 
    {
        "pk": 9, 
        "model": "news.news", 
        "fields": {
            "body": "[b] [/b] Dzisiaj nieznacznie zwi\u0119kszona zostanie liczba miejsc na kursie WWW. Niestety nie powstanie pi\u0105ta grupa z tego przedmiotu.", 
            "date": "2010-03-09 23:15:10", 
            "author": 1, 
            "category": "enrollment", 
            "title": "Kurs WWW"
        }
    }, 
    {
        "pk": 8, 
        "model": "news.news", 
        "fields": {
            "body": "[b] [/b] Do ko\u0144ca tygodnia b\u0119dzie dzia\u0142a\u0107 te\u017c Ocena zaj\u0119\u0107, kt\u00f3ra mia\u0142a ostatnio przerw\u0119 (z powod\u00f3w technicznych)", 
            "date": "2010-03-09 23:14:58", 
            "author": 1, 
            "category": "offer", 
            "title": "Ocena zaj\u0119\u0107"
        }
    }, 
    {
        "pk": 7, 
        "model": "news.news", 
        "fields": {
            "body": "[b] [/b] Niestety, uwzgl\u0119dniaj\u0105c ograniczenia zwi\u0105zane z terminami i salami, \u017caden z prowadz\u0105cych nie mo\u017ce prowadzi\u0107 dodatkowej grupy CCNA.\n\n Poniewa\u017c, jak pokazuje sytuacja z grupami oczekuj\u0105cymi na zapis, s\u0105 ch\u0119tni zar\u00f3wno \"zamawiani\", jak i \"niezamawiani\", nie b\u0119dzie si\u0119 zmienia\u0142 podzia\u0142 12+4.\n\n W przysz\u0142ym semestrze planujemy otwarcie dw\u00f3ch grup CCNA 1, podobnie w jeszcze przy\u015blejszym.\n\n Bardzo prosz\u0119, by osoby, kt\u00f3re s\u0105 zapisane na CCNA 1, a zdecydowa\u0142y ju\u017c, \u017ce nie chc\u0105 chodzi\u0107 na te zaj\u0119cia, wypisa\u0142y si\u0119 z nich jak najszybciej, zwalniaj\u0105c tym samym miejsca dla rzeczywistych ch\u0119tnych.", 
            "date": "2010-03-08 23:14:32", 
            "author": 1, 
            "category": "enrollment", 
            "title": "CCNA 1"
        }
    }, 
    {
        "pk": 6, 
        "model": "news.news", 
        "fields": {
            "body": "[b] [/b] Grupa oczekuj\u0105cych na zapis zosta\u0142a przekszta\u0142cona w normaln\u0105 grup\u0119, kt\u00f3r\u0105 poprowadzi dr Mieczys\u0142aw Wodecki.", 
            "date": "2010-03-04 23:14:19", 
            "author": 1, 
            "category": "enrollment", 
            "title": "Obliczenia R\u00f3wnoleg\u0142e i Rozproszone"
        }
    }, 
    {
        "pk": 5, 
        "model": "news.news", 
        "fields": {
            "body": "[b] [/b] Niestety ze wzgl\u0119du na inne obowi\u0105zku p. Jakuba Michaliszyna jego (pusta) grupa z kursu WWW zosta\u0142a usuni\u0119ta. Najp\u00f3\u017aniej do pocz\u0105tku przysz\u0142ego tygodnia oka\u017ce si\u0119, czy b\u0119dzie mo\u017cliwe (i potrzebne) utworzenie nowej grupy. \n\n Wszystkich zainteresowanych prosz\u0119 zatem o cierpliwo\u015b\u0107.", 
            "date": "2010-03-02 23:14:05", 
            "author": 1, 
            "category": "enrollment", 
            "title": "Kurs WWW"
        }
    }, 
    {
        "pk": 4, 
        "model": "news.news", 
        "fields": {
            "body": "[b] [/b] Utworzona zosta\u0142a grupa oczekuj\u0105cych na zapis. Je\u017celi si\u0119 oka\u017ce, \u017ce jest du\u017ce zainteresowanie, b\u0119d\u0119 pr\u00f3bowa\u0142 otworzy\u0107 now\u0105 grup\u0119 c+p.", 
            "date": "2010-03-02 23:13:51", 
            "author": 1, 
            "category": "enrollment", 
            "title": "Obliczenia R\u00f3wnoleg\u0142e i Rozproszone"
        }
    }, 
    {
        "pk": 3, 
        "model": "news.news", 
        "fields": {
            "body": "Zwi\u0119kszona zosta\u0142a liczba miejsc na przedmiocie Sztuka wojny", 
            "date": "2010-03-01 23:13:36", 
            "author": 1, 
            "category": "enrollment", 
            "title": "Sztuka wojny"
        }
    }, 
    {
        "pk": 2, 
        "model": "news.news", 
        "fields": {
            "body": "[b] [/b] Od pierwszego marca (godzina 9.00) mo\u017cna zapisywa\u0107 si\u0119 na zaj\u0119cia bez limitu 40 punkt\u00f3w.\n\n Zapisy potrwaj\u0105 do 11.03, do p\u00f3\u0142nocy.", 
            "date": "2010-02-28 23:13:22", 
            "author": 1, 
            "category": "enrollment", 
            "title": "Terminy w systemie zapis\u00f3w"
        }
    }, 
    {
        "pk": 1, 
        "model": "news.news", 
        "fields": {
            "body": "[b] [/b] Kryptografia (jako przedmiot zaawansowany/I.2) oczywi\u015bcie ko\u0144czy si\u0119 egzaminem, w Systemie Zapis\u00f3w parametr \"czy egzamin\" by\u0142 ustawiony b\u0142\u0119dnie", 
            "date": "2010-02-28 23:13:04", 
            "author": 1, 
            "category": "enrollment", 
            "title": "Kryptografia: przedmiot z egzaminem"
        }
    }, 
    {
        "pk": 1, 
        "model": "proposal.proposaltag", 
        "fields": {
            "name": "offer"
        }
    }, 
    {
        "pk": 2, 
        "model": "proposal.proposaltag", 
        "fields": {
            "name": "vote"
        }
    }, 
    {
        "pk": 3, 
        "model": "proposal.proposaltag", 
        "fields": {
            "name": "summer"
        }
    }, 
    {
        "pk": 4, 
        "model": "proposal.proposaltag", 
        "fields": {
            "name": "winter"
        }
    }, 
    {
        "pk": 5, 
        "model": "proposal.proposaltag", 
        "fields": {
            "name": "exam"
        }
    }, 
    {
        "pk": 1, 
        "model": "proposal.proposal", 
        "fields": {
            "name": "J\u0119zyki formalne i z\u0142o\u017cono\u015b\u0107 obliczeniowa", 
            "tags": [
                1, 
                2, 
                4
            ], 
            "deleted": false, 
            "fans": [], 
            "helpers": [], 
            "teachers": [], 
            "owner": null, 
            "slug": "jezyki-formalne-i-zlozonosc-obliczeniowa"
        }
    }, 
    {
        "pk": 2, 
        "model": "proposal.proposal", 
        "fields": {
            "name": "Programowanie", 
            "tags": [
                1, 
                3, 
                2
            ], 
            "deleted": false, 
            "fans": [], 
            "helpers": [], 
            "teachers": [], 
            "owner": null, 
            "slug": "programowanie"
        }
    }, 
    {
        "pk": 3, 
        "model": "proposal.proposal", 
        "fields": {
            "name": "Programowanie obiektowe", 
            "tags": [
                1, 
                2
            ], 
            "deleted": false, 
            "fans": [], 
            "helpers": [], 
            "teachers": [], 
            "owner": null, 
            "slug": "programowanie-obiektowe"
        }
    }, 
    {
        "pk": 4, 
        "model": "proposal.proposal", 
        "fields": {
            "name": "Projektowanie obiektowe oprogramowania", 
            "tags": [
                1, 
                3, 
                2
            ], 
            "deleted": false, 
            "fans": [], 
            "helpers": [], 
            "teachers": [], 
            "owner": null, 
            "slug": "projektowanie-obiektowe-oprogramowania"
        }
    }, 
    {
        "pk": 5, 
        "model": "proposal.proposal", 
        "fields": {
            "name": "Sieci komputerowe", 
            "tags": [
                1, 
                2, 
                4
            ], 
            "deleted": false, 
            "fans": [], 
            "helpers": [], 
            "teachers": [], 
            "owner": null, 
            "slug": "sieci-komputerowe"
        }
    }, 
    {
        "pk": 6, 
        "model": "proposal.proposal", 
        "fields": {
            "name": "Teoretyczne podstawy j\u0119zyk\u00f3w programowania", 
            "tags": [
                3, 
                2
            ], 
            "deleted": false, 
            "fans": [], 
            "helpers": [], 
            "teachers": [], 
            "owner": null, 
            "slug": "teoretyczne-podstawy-jezykow-programowania"
        }
    }, 
    {
        "pk": 7, 
        "model": "proposal.proposal", 
        "fields": {
            "name": "Teoria graf\u00f3w", 
            "tags": [
                3, 
                2
            ], 
            "deleted": false, 
            "fans": [], 
            "helpers": [], 
            "teachers": [], 
            "owner": null, 
            "slug": "teoria-grafow"
        }
    }, 
    {
        "pk": 8, 
        "model": "proposal.proposal", 
        "fields": {
            "name": "Wnioskowanie statystyczne", 
            "tags": [
                1, 
                2
            ], 
            "deleted": false, 
            "fans": [], 
            "helpers": [], 
            "teachers": [], 
            "owner": null, 
            "slug": "wnioskowanie-statystyczne"
        }
    }, 
    {
        "pk": 9, 
        "model": "proposal.proposal", 
        "fields": {
            "name": "Algebra", 
            "tags": [
                1, 
                2, 
                4
            ], 
            "deleted": false, 
            "fans": [], 
            "helpers": [], 
            "teachers": [], 
            "owner": null, 
            "slug": "algebra"
        }
    }, 
    {
        "pk": 10, 
        "model": "proposal.proposal", 
        "fields": {
            "name": "Kurs WWW", 
            "tags": [], 
            "deleted": false, 
            "fans": [], 
            "helpers": [], 
            "teachers": [], 
            "owner": null, 
            "slug": "kurs-www"
        }
    }, 
    {
        "pk": 11, 
        "model": "proposal.proposal", 
        "fields": {
            "name": "Kurs system\u00f3w wspomagaj\u0105cych obliczenia: Maple i Matlab", 
            "tags": [
                1
            ], 
            "deleted": false, 
            "fans": [], 
            "helpers": [], 
            "teachers": [], 
            "owner": null, 
            "slug": "kurs-systemow-wspomagajacych-obliczenia-maple-i-matlab"
        }
    }, 
    {
        "pk": 12, 
        "model": "proposal.proposal", 
        "fields": {
            "name": "Zastosowanie teorii kategorii do konstruowania program\u00f3w", 
            "tags": [
                1
            ], 
            "deleted": false, 
            "fans": [], 
            "helpers": [], 
            "teachers": [], 
            "owner": null, 
            "slug": "zastosowanie-teorii-kategorii-do-konstruowania-programow"
        }
    }, 
    {
        "pk": 13, 
        "model": "proposal.proposal", 
        "fields": {
            "name": "Fizyka dla informatyk\u00f3w", 
            "tags": [
                1, 
                2, 
                5, 
                4
            ], 
            "deleted": false, 
            "fans": [], 
            "helpers": [], 
            "teachers": [], 
            "owner": null, 
            "slug": "fizyka-dla-informatykow"
        }
    }, 
    {
        "pk": 1, 
        "model": "proposal.proposaldescription", 
        "fields": {
            "lectures": 60, 
            "requirements": "Logika dla informatyk\u00f3w, Matematyka dyskretna oraz Algorytmy i struktury danych", 
            "description": "Wyra\u017cenia i j\u0119zyki regularne. Automaty sko\u0144czone, r\u00f3wnowa\u017cno\u015b\u0107 deterministycznych automat\u00f3w sko\u0144czonych, niedeterministycznych automat\u00f3w sko\u0144czonych i wyra\u017ce\u0144 regularnych. (4 godz.)\n\nLemat o pompowaniu. Twierdzenie Myhilla-Nerode'a i minimalizacja automatu. (4 godz.)\n\nGramatyki i j\u0119zyki bezkontekstowe. Posta\u0107 normalna Greibach i Chomsky'ego.\n\nAutomaty ze stosem. R\u00f3wnowa\u017cno\u015b\u0107 gramatyk bezkontekstowych i automat\u00f3w ze stosem. (10 godz.)\n\nLemat o pompowaniu i lemat Ogdena. (4 godz.)\n\nJ\u0119zyki deterministyczne i jednoznaczne. (4 godz.)\n\nTeoretyczne modele maszyn obliczaj\u0105cych. Modele oblicze\u0144 sekwencyjnych: maszyna Turinga i jej modyfikacje, RAM. Niedeterministyczna maszyna Turinga.\n\nPrzyk\u0142adowe symulacje pomi\u0119dzy r\u00f3\u017cnymi modelami. Definicja Kleene'go. Teza Churcha. (6 godz.)\n\nPoj\u0119cie zbioru rekurencyjnego i rekurencyjnie przeliczalnego. Kodowanie i numeracja maszyn Turinga, maszyna uniwersalna. Nierozstrzygalno\u015b\u0107 problemu stopu. Inne przyk\u0142ady problem\u00f3w nierozstrzygalnych. Twierdzenie Rice'a. (4 godz.)\n\nNierozstrzygalno\u015b\u0107 problem\u00f3w Posta i problemu s\u0142\u00f3w w p\u00f3\u0142grupie. Informacja o nierozstrzygalno\u015bci arytmetyki. (4 godz.)\n\nCzasowa i pami\u0119ciowa z\u0142o\u017cono\u015b\u0107 obliczeniowa dla modelu maszyny Turinga.\n\nZale\u017cno\u015bci pomi\u0119dzy nimi. Poj\u0119cie klasy z\u0142o\u017cono\u015bci i najwa\u017cniejsze przyk\u0142ady (LOGSPACE, NLOGSPACE, PTIME, UP, NP, PSPACE, EXPTIME). Przyk\u0142ad problemu wymagaj\u0105cego wyk\u0142adniczego czasu i pami\u0119ci. (8 godz.)\n\nNP-zupe\u0142no\u015b\u0107, sens poj\u0119cia, przyk\u0142ady, tw. Cooka, redukcje pomi\u0119dzy problemami, hipoteza P\u00b9 NP. (6 godz.)\n\nZagadnienie z\u0142o\u017cono\u015bci dla modeli r\u00f3wnoleg\u0142ych, klasa PSPACE jako pu\u0142ap z\u0142o\u017cono\u015bci dla oblicze\u0144 r\u00f3wnoleg\u0142ych w czasie wielomianowym, informacja o klasie NC, jej podklasach i strukturze. (4 godz.)", 
            "author": 1, 
            "deleted": false, 
            "ects": 9, 
            "comments": "", 
            "repetitories": 30, 
            "exercises": 30, 
            "web_page": null, 
            "date": "2010-06-08 23:46:11", 
            "proposal": 1, 
            "laboratories": 0, 
            "tags": []
        }
    }, 
    {
        "pk": 2, 
        "model": "proposal.proposaldescription", 
        "fields": {
            "lectures": 60, 
            "requirements": "Logika dla informatyk\u00f3w\r\nKurs Pascala lub C", 
            "description": "Celem zaj\u0119\u0107 jest przedstawienie studentom mo\u017cliwie szerokiego kr\u0119gu zagadnie\u0144 zwi\u0105zanych z programowaniem komputer\u00f3w, ze szczeg\u00f3lnym uwzgl\u0119dnieniem podstawowych konstrukcji wyst\u0119puj\u0105cych w j\u0119zykach programowania i zwi\u0105zanych z nimi technik tworzenia program\u00f3w.\r\n\r\n Istniej\u0105 dwa sposoby wyk\u0142adania podstaw j\u0119zyk\u00f3w programowania. Jeden, spopularyzowany przez Abelsona i Sussman\u00f3w [1], polega na prezentowaniu konstrukcji j\u0119zykowych jako zdefiniowanych przez u\u017cytkownika idiom\u00f3w w prostym j\u0119zyku programowania (takim jak Lisp). Zalet\u0105 takiego podej\u015bcia jest uproszczenie i ujednolicenie sk\u0142adni, wad\u0105 za\u015b - nieunikniona sztuczno\u015b\u0107 prezentacji.\r\n\r\n Wyk\u0142ad reprezentuje komplementarne podej\u015bcie: r\u00f3\u017cne koncepcje i konstrukcje j\u0119zykowe przedstawiane s\u0105 na przyk\u0142adzie u\u017cywanych w praktyce j\u0119zyk\u00f3w programowania. Dzi\u0119ki temu konstrukcje te s\u0105 prezentowane w dostosowanym do nich formalizmie. Takie podej\u015bcie zmusza student\u00f3w do wi\u0119kszego wysi\u0142ku zwi\u0105zanego z opanowaniem zmieniaj\u0105cej si\u0119 w czasie wyk\u0142adu sk\u0142adni. Rozwija to jednak u s\u0142uchaczy umiej\u0119tno\u015b\u0107 abstrahowania istotnych koncepcji od ma\u0142o wa\u017cnych detali sk\u0142adniowych.\r\n\r\n Wyk\u0142ad ilustrowany jest przyk\u0142adami z wielu j\u0119zyk\u00f3w programowania. Nie zak\u0142ada jednak znajomo\u015bci \u017cadnego z nich. Nie ma tak\u017ce na celu nauczenia student\u00f3w \u017cadnego z nich. Powinien da\u0107 natomiast zrozumienie i umiej\u0119tno\u015b\u0107 \u015bwiadomego korzystania z mechanizm\u00f3w spotykanych w j\u0119zykach programowania, kt\u00f3re studenci opanuj\u0105 samodzielnie lub w ramach Kurs\u00f3w Narz\u0119dzi Informatyki. W szczeg\u00f3lno\u015bci wyk\u0142ad przedstawia koncepcj\u0119 j\u0119zyka programowania jako sp\u00f3jnej ca\u0142o\u015bci, konflikty pomi\u0119dzy r\u00f3\u017cnymi za\u0142o\u017ceniami konstrukcyjnymi, m.in. zale\u017cno\u015b\u0107 mi\u0119dzy konstrukcjami wysokiego poziomu i efektywno\u015bci\u0105 implementacji j\u0119zyka oraz techniki programowania indukowane przez struktur\u0119 j\u0119zyk\u00f3w programowania, tj. idiomatyk\u0119, styl i metody programowania w r\u00f3\u017cnych j\u0119zykach.\r\n\r\n Wyk\u0142ad zajmuje centralne miejsce w zestawie przedmiot\u00f3w informatycznych i zapewnia podstawy do studiowania wielu przedmiot\u00f3w zwi\u0105zanych z programowaniem komputer\u00f3w.", 
            "author": 1, 
            "deleted": false, 
            "ects": 12, 
            "comments": "", 
            "repetitories": 30, 
            "exercises": 30, 
            "web_page": null, 
            "date": "2010-06-08 23:57:25", 
            "proposal": 2, 
            "laboratories": 15, 
            "tags": []
        }
    }, 
    {
        "pk": 3, 
        "model": "proposal.proposaldescription", 
        "fields": {
            "lectures": 30, 
            "requirements": "Programowanie (lic lub mgr) lub znajomo\u015b\u0107 podstawowych struktur danych (listy, stosy), znajomo\u015b\u0107 j\u0119zyka C w stopniu elementarnym", 
            "description": "Jednym z najwa\u017cniejszych narz\u0119dzi u\u017cywanych obecnie w in\u017cynierii oprogramowania jest paradygmat programowania obiektowego. Podstawowym poj\u0119ciem w tym paradygmacie jest obiekt: swego rodzaju czarna skrzynka posiadaj\u0105ca pewn\u0105 wewn\u0119trzn\u0105 struktur\u0119 oraz \u015bci\u015ble wyspecyfikowany interfejs za pomoc\u0105 kt\u00f3rego mo\u017cna modyfikowa\u0107 t\u0119 struktur\u0119. Dzi\u0119ki temu projektowanie aplikacji rozumiane jako odzwierciedlenie pewnego fragmentu rzeczywisto\u015bci sta\u0142o si\u0119 bardziej naturalne. Nie by\u0142oby jednak programowania obiektowego bez obiektowych j\u0119zyk\u00f3w programowania, dlatego do podstawowego warsztatu ka\u017cdego programisty nale\u017cy znajomo\u015b\u0107 przynajmnniej jednego z takich j\u0119zyk\u00f3w: C++, Java czy C#.\n\n Podczas zaj\u0119\u0107 przedstawiane s\u0105 zar\u00f3wno podstawowe zagadnienia programownia obiektowego, jak r\u00f3wnie\u017c prezentowane s\u0105 techniki implementacji popularnych struktur danych w wybranych obiektowych j\u0119zykach programowania. Pracownia przypisana do zaj\u0119\u0107 daje zar\u00f3wno mo\u017cliwo\u015bc praktycznego zg\u0142\u0119biania wyk\u0142adanych zagadnie\u0144 w powszechnie stosowanych j\u0119zykach takich jak C# czy Java, jak i samodzielnego przygotowania analizy i projeku wybranego zagadnienia.", 
            "author": 1, 
            "deleted": false, 
            "ects": 6, 
            "comments": "", 
            "repetitories": 0, 
            "exercises": 0, 
            "web_page": null, 
            "date": "2010-06-08 23:59:09", 
            "proposal": 3, 
            "laboratories": 30, 
            "tags": []
        }
    }, 
    {
        "pk": 4, 
        "model": "proposal.proposaldescription", 
        "fields": {
            "lectures": 30, 
            "requirements": "Efektywne tworzenie oprogramowania i/lub In\u017cynieria Oprogramowania\r\nDobra znajomo\u015b\u0107: podstaw baz danych i jednego z j\u0119zyk\u00f3w OOP", 
            "description": "Na \u0107wiczenia sk\u0142ada si\u0119 (przyrostowe) wykonywanie przyk\u0142ad\u00f3w zwi\u0105zanych bezpo\u015brednio z wyk\u0142adem i pracowni\u0105. Na pracowni jest kontynuowane tworzenie systemu, kt\u00f3rego realizacj\u0119 rozpocz\u0119to na zaj\u0119ciach z Efektywnego tworzenia oprogramowania.\r\n\r\n [b]Uwagi:[/b] zalecane jest jednoczesne ucz\u0119szczanie na seminarium o tym samym tytule co wyk\u0142ad.", 
            "author": 1, 
            "deleted": false, 
            "ects": 6, 
            "comments": "", 
            "repetitories": 0, 
            "exercises": 0, 
            "web_page": null, 
            "date": "2010-06-09 00:01:32", 
            "proposal": 4, 
            "laboratories": 30, 
            "tags": []
        }
    }, 
    {
        "pk": 5, 
        "model": "proposal.proposaldescription", 
        "fields": {
            "lectures": 30, 
            "requirements": "Matematyka dyskretna\r\nAlgebra\r\nRachunek prawdopodobie\u0144stwa", 
            "description": "Wyk\u0142ad jest wst\u0119pem do szerokiej tematyki sieci komputerowych. Przedstawione b\u0119d\u0105 na nim podstawowe zasady dzia\u0142ania sieci komputerowych, ze szczeg\u00f3lnym uwzgl\u0119dnieniem sieci opartych na protokole TCP/IP, oraz przegl\u0105d zastosowa\u0144 sieciowych spotykanych w Internecie. Nacisk po\u0142o\u017cony b\u0119dzie na przedstawienie s\u0142uchaczowi mechanizm\u00f3w, protoko\u0142\u00f3w i algorytmicznych podstaw stoj\u0105cych za problemami komunikacji w sieciach, a tak\u017ce na praktyczne wykorzystanie element\u00f3w tej wiedzy.", 
            "author": 1, 
            "deleted": false, 
            "ects": 6, 
            "comments": "", 
            "repetitories": 0, 
            "exercises": 30, 
            "web_page": null, 
            "date": "2010-06-09 00:07:43", 
            "proposal": 5, 
            "laboratories": 0, 
            "tags": []
        }
    }, 
    {
        "pk": 6, 
        "model": "proposal.proposaldescription", 
        "fields": {
            "lectures": 30, 
            "requirements": "Programowanie\r\nLogika dla informatyk\u00f3w\r\nWskazane zaliczenie programowania funkcyjnego", 
            "description": "Programy i j\u0119zyki programowania b\u0119d\u0105 rozpatrywane jakoobiekty matematyczne, kt\u00f3rych w\u0142asno\u015bci mog\u0105 by\u0107 \u015bci\u015ble formu\u0142owane i dowodzone. B\u0119d\u0105 omawiane sposoby formalnego definiowania mechanizm\u00f3wj\u0119zykowych, systemy typ\u00f3w, polimorfizm, podtypowanie, teoretycznepodstawy j\u0119zyk\u00f3w obiektowych.", 
            "author": 1, 
            "deleted": false, 
            "ects": 6, 
            "comments": "", 
            "repetitories": 0, 
            "exercises": 30, 
            "web_page": null, 
            "date": "2010-06-09 00:09:34", 
            "proposal": 6, 
            "laboratories": 0, 
            "tags": []
        }
    }, 
    {
        "pk": 7, 
        "model": "proposal.proposaldescription", 
        "fields": {
            "lectures": 30, 
            "requirements": "Matematyka Dyskretna", 
            "description": "Wyk\u0142ad stanowi wprowadzenie do kilku dzia\u0142\u00f3w wsp\u00f3\u0142czesnej teorii graf\u00f3w. Pomijam w nim tematy omawiane na matematyce dyskretnej (cykle Hamiltona, Eulera, drzewa i algorytmy grafowe). W programie klasyczne tematyka (planarno\u015b\u0107 i zanurzanie graf\u00f3w na r\u00f3\u017cnego rodzaju powierzchniach, kolorowanie i komputerowy dow\u00f3d twierdzenia o czterech barwach) oraz wybrane bardziej zaawansowane zagadnienia. Wyk\u0142ad dost\u0119pny jest w zasadzie ju\u017c dla student\u00f3w II roku. Korzystne jest wcze\u015bniejsze zaliczenie \"Wst\u0119pu do matematyki dyskretnej\", ale kolejno\u015b\u0107 t\u0119 mo\u017cna odwr\u00f3ci\u0107.\r\n\r\n Po wyk\u0142adzie mo\u017cna uzyska\u0107 temat na prace magistersk\u0105 z zakresu pogranicza informatyki i teorii graf\u00f3w (o charakterze przegladowym lub badawczym). Terminy \u0107wicze\u0144 i wyk\u0142adu mo\u017cemy jeszcze przedyskutowa\u0107.", 
            "author": 1, 
            "deleted": false, 
            "ects": 6, 
            "comments": "", 
            "repetitories": 0, 
            "exercises": 30, 
            "web_page": null, 
            "date": "2010-06-09 00:11:28", 
            "proposal": 7, 
            "laboratories": 0, 
            "tags": []
        }
    }, 
    {
        "pk": 8, 
        "model": "proposal.proposaldescription", 
        "fields": {
            "lectures": 30, 
            "requirements": "Analiza matematyczna.\r\nRachunek prawdopodobie\u0144stwa i statystyka.", 
            "description": "Kontynuacja wyk\u0142adu \"Rachunek prawdopodobie\u0144stwa i statystyka\". W por\u00f3wnaniu z tym pierwszym wyk\u0142ad ma o wiele bardziej praktyczny charakter. Po cz\u0119\u015bci przegl\u0105dowy charakter wyk\u0142adu zak\u0142ada pewne obeznanie z podstawami rachunku prawdopodobie\u0144stwa, st\u0105d wymagania wst\u0119pne takie jak podano powy\u017cej.", 
            "author": 1, 
            "deleted": false, 
            "ects": 6, 
            "comments": "", 
            "repetitories": 0, 
            "exercises": 30, 
            "web_page": null, 
            "date": "2010-06-09 00:12:38", 
            "proposal": 8, 
            "laboratories": 0, 
            "tags": []
        }
    }, 
    {
        "pk": 9, 
        "model": "proposal.proposaldescription", 
        "fields": {
            "lectures": 30, 
            "requirements": "Matematyka w zakresie szko\u0142y \u015bredniej", 
            "description": "1. Grupy i grupy permutacji. Podstawowe poj\u0119cia: rz\u0105d grupy, rz\u0105d elementu grupy, podgrupa. Grupy permutacji. Rozk\u0142ad permutacji na cykle. Znak permutacji.\r\n 2. Homomorfizmy grup. Kongruencje, dzielniki normalne, grupy ilorazowe, wzmianka o algebrach pocz\u0105tkowych.\r\n 3. Zagadnienia kombinatoryczne. Twierdzenie Lagrange'a, orbity i stabilizatory, dzia\u0142anie grupy na zbiorze, lemat Bernsteina.\r\n 4. Arytmetyka modularna. Relacja podzielno\u015bci. Pier\u015bcienie i pier\u015bcienie Z_n. Algorytm Euklidesa, chi\u0144skie twierdzenie o resztach, w\u0142asno\u015bci grup cyklicznych.\r\n 5. Wielomiany. Pier\u015bcienie wielomian\u00f3w. Podzielno\u015b\u0107 wielomian\u00f3w. Przyk\u0142ad konstrukcji cia\u0142a sko\u0144czonego. Cykliczno\u015b\u0107 grupy multiplikatywnej cia\u0142a sko\u0144czonego.\r\n 6. Przestrzenie liniowe i moduly. Zbiory liniowo niezale\u017cne. Bazy. Macierze i przekszta\u0142cenia liniowe. Rz\u0105d macierzy. Algorytm eliminacji Gaussa.\r\n 7. Wyznaczniki. W\u0142asno\u015bci wyznacznik\u00f3w. Rozwiniecie Laplace'a.\r\n 8. R\u00f3wnania liniowe. Zbi\u00f3r rozwiaz\u0105\u0144 uk\u0142adu r\u00f3wna\u0144 liniowych. Dope\u0142nienie ortogonalne podprzestrzeni. Wzory Cramera.\r\n 9. Elementy geometrii. Iloczyn skalarny. Odleg\u0142o\u015b\u0107 punkt\u00f3w. R\u00f3wnania prostych i p\u0142aszczyzn. Izometrie i przekszta\u0142cenia ortogonalne. Wielomian charakterystyczny. Obroty. Wzmianka o kwaternionach.\r\n 10. Nier\u00f3wnosci liniowe. Lemat Farkasa. Zbi\u00f3r rozwiaza\u0144 uk\u0142adu nier\u00f3wno\u015bci liniowych a uwypukleniem zbioru rozwi\u0105za\u0144 bazowych.\r\n 11. Formy dwuliniowe i kwadratowe. R\u00f3wnowazne formy kwadratowe (w pe\u0142nej grupie przekszta\u0142ce\u0144 i grupie ortogonalnej). Metoda Lagrange'a sprowadzania formy kwadratowej do postaci kanonicznej. Sprowadzanie formy kwadratowej do postaci kanonicznej w grupie ortogonalnej.", 
            "author": 1, 
            "deleted": false, 
            "ects": 7, 
            "comments": "", 
            "repetitories": 30, 
            "exercises": 30, 
            "web_page": null, 
            "date": "2010-06-09 00:14:08", 
            "proposal": 9, 
            "laboratories": 0, 
            "tags": []
        }
    }, 
    {
        "pk": 10, 
        "model": "proposal.proposaldescription", 
        "fields": {
            "lectures": 15, 
            "requirements": "Podstawy sieci komputerowych.\r\nPodstawy bazy danych, j\u0119zyk SQL.\r\nPodstawowa znajomo\u015b\u0107 j\u0119zyk\u00f3w Java i C#.", 
            "description": "Celem wyk\u0142adu jest zapoznanie s\u0142uchaczy z technologiami panuj\u0105cymi w \u015bwiecie Internetu. Przedstawione zostan\u0105 technologie wyst\u0119puj\u0105ce zar\u00f3wno po stronie klienta, jak i te po stronie serwera. Om\u00f3wiona zostanie konfiguracja serwer\u00f3w WWW z punktu widzenia bezpiecze\u0144stwa i wydajno\u015bci. Poniewa\u017c era notatnika, czy vi-a odchodzi w zapomnienie, przedstawione zostan\u0105 tak\u017ce \u015brodowiska zintegrowane wspieraj\u0105ce tworzenie serwis\u00f3w WWW.", 
            "author": 1, 
            "deleted": false, 
            "ects": 5, 
            "comments": "", 
            "repetitories": 0, 
            "exercises": 0, 
            "web_page": null, 
            "date": "2010-06-09 00:15:36", 
            "proposal": 10, 
            "laboratories": 30, 
            "tags": []
        }
    }, 
    {
        "pk": 11, 
        "model": "proposal.proposaldescription", 
        "fields": {
            "lectures": 15, 
            "requirements": "Algebra\r\nAnaliza matematyczna", 
            "description": "Rozwi\u0105zywanie mniej lub bardziej skomplikowanych problem\u00f3w z zakresu matematyki jest w dzisiejszych czasach nieod\u0142\u0105cznym elementem pracy ka\u017cdego programisty. R\u0119czne rozwi\u0105zywanie tego typu problem\u00f3w cz\u0119sto bywa czasoch\u0142onne i jest obarczone ryzykiem pope\u0142nienia b\u0142\u0119du. W trakcie tego kursu przedstawione zostan\u0105 dwa popularne systemy wspomagania oblicze\u0144 matematycznych: Maple i Matlab. J\u0119zyk Maple dzi\u0119ki zaawansowanemu mechanizmowi oblicze\u0144 symbolicznych pozwala prosto i szybko rozwi\u0105zywa\u0107 problemy mi\u0119dzy innymi z zakresu matematyki dyskretnej oraz analizy matematycznej. J\u0119zyk Matlab zosta\u0142 natomiast stworzony z my\u015bl\u0105 o \u0142atwym i skutecznym rozwi\u0105zywaniu problem\u00f3w obliczeniowych g\u0142ownie z zakresu algebry. Oba omawiane j\u0119zyki programowania s\u0105 \u0142atwe do opanowania, posiadaj\u0105 bardzo intuicyjn\u0105 sk\u0142adni\u0119, dzi\u0119ki czemu ich u\u017cytkownik mo\u017ce koncentrowa\u0107 si\u0119 na rozwi\u0105zywaniu problemu, a nie na zawi\u0142o\u015bciach zwi\u0105zanych z tworzeniem samego programu. Bogaty zestaw narz\u0119dzi wizualizacyjnych daje mo\u017cliwo\u015b\u0107 tworzenia atrakcyjnych graficznych prezentacji obliczanych rozwi\u0105za\u0144.", 
            "author": 1, 
            "deleted": false, 
            "ects": 5, 
            "comments": "", 
            "repetitories": 0, 
            "exercises": 0, 
            "web_page": null, 
            "date": "2010-06-12 11:04:23", 
            "proposal": 11, 
            "laboratories": 45, 
            "tags": []
        }
    }, 
    {
        "pk": 12, 
        "model": "proposal.proposaldescription", 
        "fields": {
            "lectures": 30, 
            "requirements": "Programowanie", 
            "description": "Application of category theory to program construction", 
            "author": 1, 
            "deleted": false, 
            "ects": 9, 
            "comments": "", 
            "repetitories": 0, 
            "exercises": 30, 
            "web_page": null, 
            "date": "2010-06-12 11:05:37", 
            "proposal": 12, 
            "laboratories": 0, 
            "tags": []
        }
    }, 
    {
        "pk": 13, 
        "model": "proposal.proposaldescription", 
        "fields": {
            "lectures": 30, 
            "requirements": "analiza matematyczna", 
            "description": "Przedmiot obowi\u0105zkowy dla studi\u00f3w in\u017cynierskich \r\n\r\n Tre\u015bci kszta\u0142cenia: Elementy mechaniki klasycznej. Grawitacja. Elementy elektryczno\u015bci, optyki i akustyki. Wprowadzenie do mechaniki kwantowej. Podstawy oblicze\u0144 kwantowych. \r\n\r\n Umiej\u0119tno\u015bci: Analizowania i wyja\u015bniania obserwowanych zjawisk; tworzenia i wery\u001ckacji modeli \u015bwiata rzeczywistego oraz pos\u0142ugiwania si\u0119 nimi w celu predykcji zdarze\u0144 i stan\u00f3w.", 
            "author": 1, 
            "deleted": false, 
            "ects": 6, 
            "comments": "", 
            "repetitories": 0, 
            "exercises": 30, 
            "web_page": "", 
            "date": "2010-06-30 19:25:15", 
            "proposal": 13, 
            "laboratories": 0, 
            "tags": []
        }
    }, 
    {
        "pk": 1, 
        "model": "proposal.book", 
        "fields": {
            "proposal": 1, 
            "name": "A.V. Aho, J.E. Hopcroft, J.D. Ullman, Projektowanie i analiza algorytm\u00f3w komputerowych, PWN, Warszawa 1983", 
            "order": 0
        }
    }, 
    {
        "pk": 4, 
        "model": "proposal.book", 
        "fields": {
            "proposal": 2, 
            "name": "H. Abelson, G. J. Sussman, J. Sussman, Structure and Interpretation of Computer Programs, MIT Press, 1985.", 
            "order": 0
        }
    }, 
    {
        "pk": 12, 
        "model": "proposal.book", 
        "fields": {
            "proposal": 3, 
            "name": "G. Booch, Object Oriented Design, Benjamin/Cummings, 1991.", 
            "order": 0
        }
    }, 
    {
        "pk": 18, 
        "model": "proposal.book", 
        "fields": {
            "proposal": 4, 
            "name": "E. J. Braude, Software Design: From Programming to Architecture, JohnWiley & Sons, 2004.", 
            "order": 0
        }
    }, 
    {
        "pk": 23, 
        "model": "proposal.book", 
        "fields": {
            "proposal": 5, 
            "name": "Andrew S. Tanenbaum, Computer Networks, 3th Edition, Prentice-Hall, 1996. ", 
            "order": 0
        }
    }, 
    {
        "pk": 26, 
        "model": "proposal.book", 
        "fields": {
            "proposal": 7, 
            "name": "B. Bollob'as, Modern graph theory, Springer 1998. ", 
            "order": 0
        }
    }, 
    {
        "pk": 30, 
        "model": "proposal.book", 
        "fields": {
            "proposal": 8, 
            "name": "S. Brandt, Analiza danych, PWN 1998.", 
            "order": 0
        }
    }, 
    {
        "pk": 32, 
        "model": "proposal.book", 
        "fields": {
            "proposal": 9, 
            "name": "A. Bia\u0142ynicki-Birula, Algebra, PWN, Warszawa 1980.", 
            "order": 0
        }
    }, 
    {
        "pk": 35, 
        "model": "proposal.book", 
        "fields": {
            "proposal": 11, 
            "name": "Martha L. Abell, James Braselton, Maple V by example, Boston 1994", 
            "order": 0
        }
    }, 
    {
        "pk": 2, 
        "model": "proposal.book", 
        "fields": {
            "proposal": 1, 
            "name": "J.E. Hopcroft, J.D. Ullman, Wprowadzenie do teorii automat\u00f3w, j\u0119zyk\u00f3w i oblicze\u0144, WNT, Warszawa 1994", 
            "order": 1
        }
    }, 
    {
        "pk": 5, 
        "model": "proposal.book", 
        "fields": {
            "proposal": 2, 
            "name": "M.A. Arbib, Projektowanie program\u00f3w poprawnych i dobrze zbudowanych, WNT, Warszawa 1982.", 
            "order": 1
        }
    }, 
    {
        "pk": 13, 
        "model": "proposal.book", 
        "fields": {
            "proposal": 3, 
            "name": "P. Coad, E. Yourdon, Object-oriented analysis, Prentice-Hall, 1991.", 
            "order": 1
        }
    }, 
    {
        "pk": 19, 
        "model": "proposal.book", 
        "fields": {
            "proposal": 4, 
            "name": "F. Buschmann, R. Meunier, H. Rohnet, P. Sommerlad, M. Stal, Pattern-Oriented Software Architecture, John Wiley & Sons, 1996.", 
            "order": 1
        }
    }, 
    {
        "pk": 24, 
        "model": "proposal.book", 
        "fields": {
            "proposal": 5, 
            "name": "Douglas E. Comer, Sieci komputerowe TCP/IP, tom 1 i 2, PWN 1997. ", 
            "order": 1
        }
    }, 
    {
        "pk": 27, 
        "model": "proposal.book", 
        "fields": {
            "proposal": 7, 
            "name": "P. J. Cameron, Combinatorics, Cambridge Univ. Press 1994. ", 
            "order": 1
        }
    }, 
    {
        "pk": 31, 
        "model": "proposal.book", 
        "fields": {
            "proposal": 8, 
            "name": "M. Fisz, Rachunek prawdopodobie\u0144stwa i statystyka matematyczna. PWN 1958.", 
            "order": 1
        }
    }, 
    {
        "pk": 33, 
        "model": "proposal.book", 
        "fields": {
            "proposal": 9, 
            "name": "G. Birkhoff, S. Mac Lane, Przegl\u0105d algebry wsp\u00f3\u0142czesnej, PWN, Warszawa 1963.", 
            "order": 1
        }
    }, 
    {
        "pk": 36, 
        "model": "proposal.book", 
        "fields": {
            "proposal": 11, 
            "name": "First Leaves: a tutorial introduction to Maple, Waterloo Maple Publ.", 
            "order": 1
        }
    }, 
    {
        "pk": 3, 
        "model": "proposal.book", 
        "fields": {
            "proposal": 1, 
            "name": "N.D. Jones, Computability and Complexity from a Programming Perspective, w druku", 
            "order": 2
        }
    }, 
    {
        "pk": 6, 
        "model": "proposal.book", 
        "fields": {
            "proposal": 2, 
            "name": "M. Ben-Ari, Podstawy programowania wspo\u0142bie\u017cnego, WNT, Warszawa 1989.", 
            "order": 2
        }
    }, 
    {
        "pk": 14, 
        "model": "proposal.book", 
        "fields": {
            "proposal": 3, 
            "name": "A. Goldberg, D. Robson, Smalltalk-80: the Language, Addison-Wesley, 1989.", 
            "order": 2
        }
    }, 
    {
        "pk": 20, 
        "model": "proposal.book", 
        "fields": {
            "proposal": 4, 
            "name": "J. W. Cooper, Java. Wzorce projektowe, Helion, 2001.", 
            "order": 2
        }
    }, 
    {
        "pk": 25, 
        "model": "proposal.book", 
        "fields": {
            "proposal": 5, 
            "name": "W. Richard Stevens, Unix programowanie us\u0142ug sieciowych, tom 1, WNT 2000", 
            "order": 2
        }
    }, 
    {
        "pk": 28, 
        "model": "proposal.book", 
        "fields": {
            "proposal": 7, 
            "name": "R. Diestel, Graph Theory, Springer 2000.(dost\u0119pna na sieci!) ", 
            "order": 2
        }
    }, 
    {
        "pk": 34, 
        "model": "proposal.book", 
        "fields": {
            "proposal": 9, 
            "name": "L. Garding, T. Tambour, Algebra for Computer Science, Springer-Verlag, 1988.", 
            "order": 2
        }
    }, 
    {
        "pk": 37, 
        "model": "proposal.book", 
        "fields": {
            "proposal": 11, 
            "name": "Maple V language reference manual", 
            "order": 2
        }
    }, 
    {
        "pk": 7, 
        "model": "proposal.book", 
        "fields": {
            "proposal": 2, 
            "name": "E. W. Dijkstra, Umiejetno\u015b\u0107 programowania, WNT, Warszawa 1985.C.B. Jones, Konstruowanie oprogramowania metod\u0105 systematyczn\u0105, WNT, Warszawa 1984.", 
            "order": 3
        }
    }, 
    {
        "pk": 15, 
        "model": "proposal.book", 
        "fields": {
            "proposal": 3, 
            "name": "H. Oktaba, W. Ratajczak, Simula 67, WNT, Warszawa 1980.", 
            "order": 3
        }
    }, 
    {
        "pk": 21, 
        "model": "proposal.book", 
        "fields": {
            "proposal": 4, 
            "name": "M. Fowler, K. Beck, J. Brant, W. Opdyke, D. Roberts, Refaktoryzacja. Ulepszaie struktury isniejacego kodu, WNT, 2006.", 
            "order": 3
        }
    }, 
    {
        "pk": 29, 
        "model": "proposal.book", 
        "fields": {
            "proposal": 7, 
            "name": "H.P. Yap, Some topics in graph theory, Cambridge Univ. Press 1986.", 
            "order": 3
        }
    }, 
    {
        "pk": 38, 
        "model": "proposal.book", 
        "fields": {
            "proposal": 11, 
            "name": "Desmond J. Higham, Nicholas J. Higham, Matlab guide, Philadelphia 2000", 
            "order": 3
        }
    }, 
    {
        "pk": 8, 
        "model": "proposal.book", 
        "fields": {
            "proposal": 2, 
            "name": "M. Marcotty, H. Ledgard, W kregu jezyk\u00f3w programowania, WNT, Warszawa 1991.", 
            "order": 4
        }
    }, 
    {
        "pk": 16, 
        "model": "proposal.book", 
        "fields": {
            "proposal": 3, 
            "name": "B. Stroustrup, The C++ Programming Language, Addison-Wesley, 1991.", 
            "order": 4
        }
    }, 
    {
        "pk": 22, 
        "model": "proposal.book", 
        "fields": {
            "proposal": 4, 
            "name": "E. Freeman, E. Freeman, Head First Design Patterns, O'Reilly (HelionS.A.), 2005.", 
            "order": 4
        }
    }, 
    {
        "pk": 39, 
        "model": "proposal.book", 
        "fields": {
            "proposal": 11, 
            "name": "Bogumi\u0142a Mrozek, Zbigniew Mrozek, Matlab: uniwersalne \u015brodowisko do oblicze\u0144 naukowo-technicznych, Krak\u00f3w, 1995", 
            "order": 4
        }
    }, 
    {
        "pk": 9, 
        "model": "proposal.book", 
        "fields": {
            "proposal": 2, 
            "name": "R. Sethi, Programming Languages: Concepts and Constructs, Addison-Wesley, 1996.", 
            "order": 5
        }
    }, 
    {
        "pk": 17, 
        "model": "proposal.book", 
        "fields": {
            "proposal": 3, 
            "name": "I. Graham, Metody obiektowe w teorii i praktyce, WNT Warszawa 2004", 
            "order": 5
        }
    }, 
    {
        "pk": 40, 
        "model": "proposal.book", 
        "fields": {
            "proposal": 11, 
            "name": "Patrick Marchand, Graphics and GUIs with Matlab, CRC Press 1999", 
            "order": 5
        }
    }, 
    {
        "pk": 10, 
        "model": "proposal.book", 
        "fields": {
            "proposal": 2, 
            "name": "W.M. Turski, Metodologia programowania, WNT, Warszawa 1982.", 
            "order": 6
        }
    }, 
    {
        "pk": 11, 
        "model": "proposal.book", 
        "fields": {
            "proposal": 2, 
            "name": "N. Wirth, Algorytmy + struktury danych = programy, WNT, Warszawa 1989.", 
            "order": 7
        }
    }, 
    {
        "pk": 1, 
        "model": "proposal.types", 
        "fields": {
            "meta_type": true, 
            "group": null, 
            "name": "Obowi\u0105zkowy"
        }
    }, 
    {
        "pk": 2, 
        "model": "proposal.types", 
        "fields": {
            "meta_type": true, 
            "group": null, 
            "name": "Informatyczny"
        }
    }, 
    {
        "pk": 3, 
        "model": "proposal.types", 
        "fields": {
            "meta_type": false, 
            "group": 1, 
            "name": "Obowi\u0105zkowy 1"
        }
    }, 
    {
        "pk": 4, 
        "model": "proposal.types", 
        "fields": {
            "meta_type": false, 
            "group": 1, 
            "name": "Obowi\u0105zkowy 2"
        }
    }, 
    {
        "pk": 5, 
        "model": "proposal.types", 
        "fields": {
            "meta_type": false, 
            "group": 1, 
            "name": "Obowi\u0105zkowy 3"
        }
    }, 
    {
        "pk": 6, 
        "model": "proposal.types", 
        "fields": {
            "meta_type": false, 
            "group": 2, 
            "name": "Informatyczny 1"
        }
    }, 
    {
        "pk": 7, 
        "model": "proposal.types", 
        "fields": {
            "meta_type": false, 
            "group": 2, 
            "name": "Informatyczny 2"
        }
    }, 
    {
        "pk": 8, 
        "model": "proposal.types", 
        "fields": {
            "meta_type": true, 
            "group": null, 
            "name": "Kurs"
        }
    }, 
    {
        "pk": 9, 
        "model": "proposal.types", 
        "fields": {
            "meta_type": false, 
            "group": 8, 
            "name": "Kurs"
        }
    }, 
    {
        "pk": 10, 
        "model": "proposal.types", 
        "fields": {
            "meta_type": false, 
            "group": 8, 
            "name": "Projekt"
        }
    }, 
    {
        "pk": 11, 
        "model": "proposal.types", 
        "fields": {
            "meta_type": false, 
            "group": null, 
            "name": "Seminarium"
        }
    }, 
    {
        "pk": 12, 
        "model": "proposal.types", 
        "fields": {
            "meta_type": false, 
            "group": null, 
            "name": "Nieinformatyczny"
        }
    }, 
    {
        "pk": 1, 
        "model": "proposal.descriptiontypes", 
        "fields": {
            "lecture_type": 5, 
            "description": 1
        }
    }, 
    {
        "pk": 2, 
        "model": "proposal.descriptiontypes", 
        "fields": {
            "lecture_type": 3, 
            "description": 2
        }
    }, 
    {
        "pk": 3, 
        "model": "proposal.descriptiontypes", 
        "fields": {
            "lecture_type": 7, 
            "description": 3
        }
    }, 
    {
        "pk": 4, 
        "model": "proposal.descriptiontypes", 
        "fields": {
            "lecture_type": 7, 
            "description": 4
        }
    }, 
    {
        "pk": 5, 
        "model": "proposal.descriptiontypes", 
        "fields": {
            "lecture_type": 6, 
            "description": 5
        }
    }, 
    {
        "pk": 6, 
        "model": "proposal.descriptiontypes", 
        "fields": {
            "lecture_type": 7, 
            "description": 6
        }
    }, 
    {
        "pk": 7, 
        "model": "proposal.descriptiontypes", 
        "fields": {
            "lecture_type": 7, 
            "description": 7
        }
    }, 
    {
        "pk": 8, 
        "model": "proposal.descriptiontypes", 
        "fields": {
            "lecture_type": 7, 
            "description": 8
        }
    }, 
    {
        "pk": 9, 
        "model": "proposal.descriptiontypes", 
        "fields": {
            "lecture_type": 3, 
            "description": 9
        }
    }, 
    {
        "pk": 10, 
        "model": "proposal.descriptiontypes", 
        "fields": {
            "lecture_type": 9, 
            "description": 10
        }
    }, 
    {
        "pk": 11, 
        "model": "proposal.descriptiontypes", 
        "fields": {
            "lecture_type": 9, 
            "description": 11
        }
    }, 
    {
        "pk": 12, 
        "model": "proposal.descriptiontypes", 
        "fields": {
            "lecture_type": 7, 
            "description": 12
        }
    }, 
    {
        "pk": 13, 
        "model": "proposal.descriptiontypes", 
        "fields": {
            "lecture_type": 3, 
            "description": 13
        }
    }, 
    {
        "pk": 14, 
        "model": "proposal.descriptiontypes", 
        "fields": {
            "lecture_type": 12, 
            "description": 13
        }
    }, 
    {
        "pk": 1000, 
        "model": "users.employee", 
        "fields": {
            "consultations": "pn 10:00 - 12:00", 
            "receive_mass_mail_offer": true, 
            "user": 1000, 
            "receive_mass_mail_enrollment": true
        }
    }, 
    {
        "pk": 1001, 
        "model": "users.employee", 
        "fields": {
            "consultations": "pn 10:00 - 12:00", 
            "receive_mass_mail_offer": true, 
            "user": 1001, 
            "receive_mass_mail_enrollment": true
        }
    }, 
    {
        "pk": 1002, 
        "model": "users.employee", 
        "fields": {
            "consultations": "pn 10:00 - 12:00", 
            "receive_mass_mail_offer": true, 
            "user": 1002, 
            "receive_mass_mail_enrollment": true
        }
    }, 
    {
        "pk": 1003, 
        "model": "users.employee", 
        "fields": {
            "consultations": "pn 10:00 - 12:00", 
            "receive_mass_mail_offer": true, 
            "user": 1003, 
            "receive_mass_mail_enrollment": true
        }
    }, 
    {
        "pk": 1004, 
        "model": "users.employee", 
        "fields": {
            "consultations": "pn 10:00 - 12:00", 
            "receive_mass_mail_offer": true, 
            "user": 1004, 
            "receive_mass_mail_enrollment": true
        }
    }, 
    {
        "pk": 1005, 
        "model": "users.employee", 
        "fields": {
            "consultations": "pn 10:00 - 12:00", 
            "receive_mass_mail_offer": true, 
            "user": 1005, 
            "receive_mass_mail_enrollment": true
        }
    }, 
    {
        "pk": 1006, 
        "model": "users.employee", 
        "fields": {
            "consultations": "pn 10:00 - 12:00", 
            "receive_mass_mail_offer": true, 
            "user": 1006, 
            "receive_mass_mail_enrollment": true
        }
    }, 
    {
        "pk": 1007, 
        "model": "users.employee", 
        "fields": {
            "consultations": "pn 10:00 - 12:00", 
            "receive_mass_mail_offer": true, 
            "user": 1007, 
            "receive_mass_mail_enrollment": true
        }
    }, 
    {
        "pk": 1008, 
        "model": "users.employee", 
        "fields": {
            "consultations": "pn 10:00 - 12:00", 
            "receive_mass_mail_offer": true, 
            "user": 1008, 
            "receive_mass_mail_enrollment": true
        }
    }, 
    {
        "pk": 1009, 
        "model": "users.employee", 
        "fields": {
            "consultations": "pn 10:00 - 12:00", 
            "receive_mass_mail_offer": true, 
            "user": 1009, 
            "receive_mass_mail_enrollment": true
        }
    }, 
    {
        "pk": 1010, 
        "model": "users.employee", 
        "fields": {
            "consultations": "pn 10:00 - 12:00", 
            "receive_mass_mail_offer": true, 
            "user": 1010, 
            "receive_mass_mail_enrollment": true
        }
    }, 
    {
        "pk": 1011, 
        "model": "users.employee", 
        "fields": {
            "consultations": "pn 10:00 - 12:00", 
            "receive_mass_mail_offer": true, 
            "user": 1011, 
            "receive_mass_mail_enrollment": true
        }
    }, 
    {
        "pk": 1012, 
        "model": "users.employee", 
        "fields": {
            "consultations": "pn 10:00 - 12:00", 
            "receive_mass_mail_offer": true, 
            "user": 1012, 
            "receive_mass_mail_enrollment": true
        }
    }, 
    {
        "pk": 1013, 
        "model": "users.employee", 
        "fields": {
            "consultations": "pn 10:00 - 12:00", 
            "receive_mass_mail_offer": true, 
            "user": 1013, 
            "receive_mass_mail_enrollment": true
        }
    }, 
    {
        "pk": 1014, 
        "model": "users.employee", 
        "fields": {
            "consultations": "pn 10:00 - 12:00", 
            "receive_mass_mail_offer": true, 
            "user": 1014, 
            "receive_mass_mail_enrollment": true
        }
    }, 
    {
        "pk": 1015, 
        "model": "users.employee", 
        "fields": {
            "consultations": "pn 10:00 - 12:00", 
            "receive_mass_mail_offer": true, 
            "user": 1015, 
            "receive_mass_mail_enrollment": true
        }
    }, 
    {
        "pk": 1016, 
        "model": "users.employee", 
        "fields": {
            "consultations": "pn 10:00 - 12:00", 
            "receive_mass_mail_offer": true, 
            "user": 1016, 
            "receive_mass_mail_enrollment": true
        }
    }, 
    {
        "pk": 1017, 
        "model": "users.employee", 
        "fields": {
            "consultations": "pn 10:00 - 12:00", 
            "receive_mass_mail_offer": true, 
            "user": 1017, 
            "receive_mass_mail_enrollment": true
        }
    }, 
    {
        "pk": 1018, 
        "model": "users.employee", 
        "fields": {
            "consultations": "pn 10:00 - 12:00", 
            "receive_mass_mail_offer": true, 
            "user": 1018, 
            "receive_mass_mail_enrollment": true
        }
    }, 
    {
        "pk": 1019, 
        "model": "users.employee", 
        "fields": {
            "consultations": "pn 10:00 - 12:00", 
            "receive_mass_mail_offer": true, 
            "user": 1019, 
            "receive_mass_mail_enrollment": true
        }
    }, 
    {
        "pk": 1020, 
        "model": "users.employee", 
        "fields": {
            "consultations": "brak", 
            "receive_mass_mail_offer": true, 
            "user": 1, 
            "receive_mass_mail_enrollment": true
        }
    }, 
    {
        "pk": 100, 
        "model": "users.student", 
        "fields": {
            "ects": 134, 
            "records_opening_delay_hours": 0, 
            "receive_mass_mail_offer": true, 
            "user": 100, 
            "matricula": "1000000", 
            "type": 1, 
            "receive_mass_mail_enrollment": true
        }
    }, 
    {
        "pk": 101, 
        "model": "users.student", 
        "fields": {
            "ects": 122, 
            "records_opening_delay_hours": 0, 
            "receive_mass_mail_offer": true, 
            "user": 101, 
            "matricula": "1000001", 
            "type": 1, 
            "receive_mass_mail_enrollment": true
        }
    }, 
    {
        "pk": 102, 
        "model": "users.student", 
        "fields": {
            "ects": 92, 
            "records_opening_delay_hours": 0, 
            "receive_mass_mail_offer": true, 
            "user": 102, 
            "matricula": "1000002", 
            "type": 1, 
            "receive_mass_mail_enrollment": true
        }
    }, 
    {
        "pk": 103, 
        "model": "users.student", 
        "fields": {
            "ects": 144, 
            "records_opening_delay_hours": 0, 
            "receive_mass_mail_offer": true, 
            "user": 103, 
            "matricula": "1000003", 
            "type": 1, 
            "receive_mass_mail_enrollment": true
        }
    }, 
    {
        "pk": 104, 
        "model": "users.student", 
        "fields": {
            "ects": 117, 
            "records_opening_delay_hours": 0, 
            "receive_mass_mail_offer": true, 
            "user": 104, 
            "matricula": "1000004", 
            "type": 1, 
            "receive_mass_mail_enrollment": true
        }
    }, 
    {
        "pk": 105, 
        "model": "users.student", 
        "fields": {
            "ects": 23, 
            "records_opening_delay_hours": 0, 
            "receive_mass_mail_offer": true, 
            "user": 105, 
            "matricula": "1000005", 
            "type": 1, 
            "receive_mass_mail_enrollment": true
        }
    }, 
    {
        "pk": 106, 
        "model": "users.student", 
        "fields": {
            "ects": 96, 
            "records_opening_delay_hours": 0, 
            "receive_mass_mail_offer": true, 
            "user": 106, 
            "matricula": "1000006", 
            "type": 1, 
            "receive_mass_mail_enrollment": true
        }
    }, 
    {
        "pk": 107, 
        "model": "users.student", 
        "fields": {
            "ects": 27, 
            "records_opening_delay_hours": 0, 
            "receive_mass_mail_offer": true, 
            "user": 107, 
            "matricula": "1000007", 
            "type": 1, 
            "receive_mass_mail_enrollment": true
        }
    }, 
    {
        "pk": 108, 
        "model": "users.student", 
        "fields": {
            "ects": 24, 
            "records_opening_delay_hours": 0, 
            "receive_mass_mail_offer": true, 
            "user": 108, 
            "matricula": "1000008", 
            "type": 1, 
            "receive_mass_mail_enrollment": true
        }
    }, 
    {
        "pk": 109, 
        "model": "users.student", 
        "fields": {
            "ects": 159, 
            "records_opening_delay_hours": 0, 
            "receive_mass_mail_offer": true, 
            "user": 109, 
            "matricula": "1000009", 
            "type": 1, 
            "receive_mass_mail_enrollment": true
        }
    }, 
    {
        "pk": 110, 
        "model": "users.student", 
        "fields": {
            "ects": 151, 
            "records_opening_delay_hours": 0, 
            "receive_mass_mail_offer": true, 
            "user": 110, 
            "matricula": "1000010", 
            "type": 1, 
            "receive_mass_mail_enrollment": true
        }
    }, 
    {
        "pk": 111, 
        "model": "users.student", 
        "fields": {
            "ects": 138, 
            "records_opening_delay_hours": 0, 
            "receive_mass_mail_offer": true, 
            "user": 111, 
            "matricula": "1000011", 
            "type": 1, 
            "receive_mass_mail_enrollment": true
        }
    }, 
    {
        "pk": 112, 
        "model": "users.student", 
        "fields": {
            "ects": 77, 
            "records_opening_delay_hours": 0, 
            "receive_mass_mail_offer": true, 
            "user": 112, 
            "matricula": "1000012", 
            "type": 1, 
            "receive_mass_mail_enrollment": true
        }
    }, 
    {
        "pk": 113, 
        "model": "users.student", 
        "fields": {
            "ects": 33, 
            "records_opening_delay_hours": 0, 
            "receive_mass_mail_offer": true, 
            "user": 113, 
            "matricula": "1000013", 
            "type": 1, 
            "receive_mass_mail_enrollment": true
        }
    }, 
    {
        "pk": 114, 
        "model": "users.student", 
        "fields": {
            "ects": 96, 
            "records_opening_delay_hours": 0, 
            "receive_mass_mail_offer": true, 
            "user": 114, 
            "matricula": "1000014", 
            "type": 1, 
            "receive_mass_mail_enrollment": true
        }
    }, 
    {
        "pk": 115, 
        "model": "users.student", 
        "fields": {
            "ects": 8, 
            "records_opening_delay_hours": 0, 
            "receive_mass_mail_offer": true, 
            "user": 115, 
            "matricula": "1000015", 
            "type": 1, 
            "receive_mass_mail_enrollment": true
        }
    }, 
    {
        "pk": 116, 
        "model": "users.student", 
        "fields": {
            "ects": 77, 
            "records_opening_delay_hours": 0, 
            "receive_mass_mail_offer": true, 
            "user": 116, 
            "matricula": "1000016", 
            "type": 1, 
            "receive_mass_mail_enrollment": true
        }
    }, 
    {
        "pk": 117, 
        "model": "users.student", 
        "fields": {
            "ects": 160, 
            "records_opening_delay_hours": 0, 
            "receive_mass_mail_offer": true, 
            "user": 117, 
            "matricula": "1000017", 
            "type": 1, 
            "receive_mass_mail_enrollment": true
        }
    }, 
    {
        "pk": 118, 
        "model": "users.student", 
        "fields": {
            "ects": 165, 
            "records_opening_delay_hours": 0, 
            "receive_mass_mail_offer": true, 
            "user": 118, 
            "matricula": "1000018", 
            "type": 1, 
            "receive_mass_mail_enrollment": true
        }
    }, 
    {
        "pk": 119, 
        "model": "users.student", 
        "fields": {
            "ects": 70, 
            "records_opening_delay_hours": 0, 
            "receive_mass_mail_offer": true, 
            "user": 119, 
            "matricula": "1000019", 
            "type": 1, 
            "receive_mass_mail_enrollment": true
        }
    }, 
    {
        "pk": 120, 
        "model": "users.student", 
        "fields": {
            "ects": 37, 
            "records_opening_delay_hours": 0, 
            "receive_mass_mail_offer": true, 
            "user": 120, 
            "matricula": "1000020", 
            "type": 1, 
            "receive_mass_mail_enrollment": true
        }
    }, 
    {
        "pk": 121, 
        "model": "users.student", 
        "fields": {
            "ects": 141, 
            "records_opening_delay_hours": 0, 
            "receive_mass_mail_offer": true, 
            "user": 121, 
            "matricula": "1000021", 
            "type": 1, 
            "receive_mass_mail_enrollment": true
        }
    }, 
    {
        "pk": 122, 
        "model": "users.student", 
        "fields": {
            "ects": 165, 
            "records_opening_delay_hours": 0, 
            "receive_mass_mail_offer": true, 
            "user": 122, 
            "matricula": "1000022", 
            "type": 1, 
            "receive_mass_mail_enrollment": true
        }
    }, 
    {
        "pk": 123, 
        "model": "users.student", 
        "fields": {
            "ects": 179, 
            "records_opening_delay_hours": 0, 
            "receive_mass_mail_offer": true, 
            "user": 123, 
            "matricula": "1000023", 
            "type": 1, 
            "receive_mass_mail_enrollment": true
        }
    }, 
    {
        "pk": 124, 
        "model": "users.student", 
        "fields": {
            "ects": 2, 
            "records_opening_delay_hours": 0, 
            "receive_mass_mail_offer": true, 
            "user": 124, 
            "matricula": "1000024", 
            "type": 1, 
            "receive_mass_mail_enrollment": true
        }
    }, 
    {
        "pk": 125, 
        "model": "users.student", 
        "fields": {
            "ects": 15, 
            "records_opening_delay_hours": 0, 
            "receive_mass_mail_offer": true, 
            "user": 125, 
            "matricula": "1000025", 
            "type": 1, 
            "receive_mass_mail_enrollment": true
        }
    }, 
    {
        "pk": 126, 
        "model": "users.student", 
        "fields": {
            "ects": 158, 
            "records_opening_delay_hours": 0, 
            "receive_mass_mail_offer": true, 
            "user": 126, 
            "matricula": "1000026", 
            "type": 1, 
            "receive_mass_mail_enrollment": true
        }
    }, 
    {
        "pk": 127, 
        "model": "users.student", 
        "fields": {
            "ects": 6, 
            "records_opening_delay_hours": 0, 
            "receive_mass_mail_offer": true, 
            "user": 127, 
            "matricula": "1000027", 
            "type": 1, 
            "receive_mass_mail_enrollment": true
        }
    }, 
    {
        "pk": 128, 
        "model": "users.student", 
        "fields": {
            "ects": 22, 
            "records_opening_delay_hours": 0, 
            "receive_mass_mail_offer": true, 
            "user": 128, 
            "matricula": "1000028", 
            "type": 1, 
            "receive_mass_mail_enrollment": true
        }
    }, 
    {
        "pk": 129, 
        "model": "users.student", 
        "fields": {
            "ects": 59, 
            "records_opening_delay_hours": 0, 
            "receive_mass_mail_offer": true, 
            "user": 129, 
            "matricula": "1000029", 
            "type": 1, 
            "receive_mass_mail_enrollment": true
        }
    }, 
    {
        "pk": 130, 
        "model": "users.student", 
        "fields": {
            "ects": 71, 
            "records_opening_delay_hours": 0, 
            "receive_mass_mail_offer": true, 
            "user": 130, 
            "matricula": "1000030", 
            "type": 1, 
            "receive_mass_mail_enrollment": true
        }
    }, 
    {
        "pk": 131, 
        "model": "users.student", 
        "fields": {
            "ects": 28, 
            "records_opening_delay_hours": 0, 
            "receive_mass_mail_offer": true, 
            "user": 131, 
            "matricula": "1000031", 
            "type": 1, 
            "receive_mass_mail_enrollment": true
        }
    }, 
    {
        "pk": 132, 
        "model": "users.student", 
        "fields": {
            "ects": 53, 
            "records_opening_delay_hours": 0, 
            "receive_mass_mail_offer": true, 
            "user": 132, 
            "matricula": "1000032", 
            "type": 1, 
            "receive_mass_mail_enrollment": true
        }
    }, 
    {
        "pk": 133, 
        "model": "users.student", 
        "fields": {
            "ects": 35, 
            "records_opening_delay_hours": 0, 
            "receive_mass_mail_offer": true, 
            "user": 133, 
            "matricula": "1000033", 
            "type": 1, 
            "receive_mass_mail_enrollment": true
        }
    }, 
    {
        "pk": 134, 
        "model": "users.student", 
        "fields": {
            "ects": 44, 
            "records_opening_delay_hours": 0, 
            "receive_mass_mail_offer": true, 
            "user": 134, 
            "matricula": "1000034", 
            "type": 1, 
            "receive_mass_mail_enrollment": true
        }
    }, 
    {
        "pk": 135, 
        "model": "users.student", 
        "fields": {
            "ects": 42, 
            "records_opening_delay_hours": 0, 
            "receive_mass_mail_offer": true, 
            "user": 135, 
            "matricula": "1000035", 
            "type": 1, 
            "receive_mass_mail_enrollment": true
        }
    }, 
    {
        "pk": 136, 
        "model": "users.student", 
        "fields": {
            "ects": 59, 
            "records_opening_delay_hours": 0, 
            "receive_mass_mail_offer": true, 
            "user": 136, 
            "matricula": "1000036", 
            "type": 1, 
            "receive_mass_mail_enrollment": true
        }
    }, 
    {
        "pk": 137, 
        "model": "users.student", 
        "fields": {
            "ects": 141, 
            "records_opening_delay_hours": 0, 
            "receive_mass_mail_offer": true, 
            "user": 137, 
            "matricula": "1000037", 
            "type": 1, 
            "receive_mass_mail_enrollment": true
        }
    }, 
    {
        "pk": 138, 
        "model": "users.student", 
        "fields": {
            "ects": 70, 
            "records_opening_delay_hours": 0, 
            "receive_mass_mail_offer": true, 
            "user": 138, 
            "matricula": "1000038", 
            "type": 1, 
            "receive_mass_mail_enrollment": true
        }
    }, 
    {
        "pk": 139, 
        "model": "users.student", 
        "fields": {
            "ects": 83, 
            "records_opening_delay_hours": 0, 
            "receive_mass_mail_offer": true, 
            "user": 139, 
            "matricula": "1000039", 
            "type": 1, 
            "receive_mass_mail_enrollment": true
        }
    }, 
    {
        "pk": 140, 
        "model": "users.student", 
        "fields": {
            "ects": 0, 
            "records_opening_delay_hours": 0, 
            "receive_mass_mail_offer": true, 
            "user": 1020, 
            "matricula": "665544", 
            "type": 2, 
            "receive_mass_mail_enrollment": true
        }
    }, 
    {
        "pk": 0, 
        "model": "users.type", 
        "fields": {
            "name": "in\u017cynierskie"
        }
    }, 
    {
        "pk": 1, 
        "model": "users.type", 
        "fields": {
            "name": "magisterskie"
        }
    }, 
    {
        "pk": 2, 
        "model": "users.type", 
        "fields": {
            "name": "licencjackie"
        }
    }, 
    {
        "pk": 3, 
        "model": "users.type", 
        "fields": {
            "name": "doktoranckie"
        }
    }, 
    {
        "pk": 1, 
        "model": "ticket_create.privatekey", 
        "fields": {
            "private_key": "-----BEGIN RSA PRIVATE KEY-----\nMIICXgIBAAKBgQCnV3y4foQ/dA3dUoQfor6aVcoT8As8I5hyAz1BBzjhfaTlrOpS\nZcFM7c+Z9Ev4ztmrwH0QL6CML8m+r89T3pjB7lv4kUsx8WKIO6WU2XaHFURElzvm\nzQjHZ27DHSC5NdrCo+Dbsjv3dlwCq9Evq9NpgQVgeJJVekVzLGJCvjG9AwIDAQAB\nAoGBAJu9N2z5ChmH59NgFWjf7KX0S7KMh9g7hIgvbZWUpCJv7cR3TkjLPMBc3wX4\nL7BqyngnF/21ZaSyYP8f3kO++ciZFM4H77l7wBAyGJZectgq/zqm7A1iWG32lhiv\nsDFqFh7Ic9hDxQaZwm+HDRBALz74bXj2sAAZyZKTu+fRZHUpAkEA2/39DwzMXb8j\nmPzzU/w+Ibjm23LkDc0WNFqPeOiiOLcn3cWXn+y0YJmxeH7SZw07Dqk4eFomwuM2\nVTjRQqCvDwJBAMK7XZTp9s5sByz0CTNXeqr6L7Xn+fXpMeK9cLDR0gCe2g+iec0x\nbC5DHZTLi3H66hi9TIL7xNJhq2S9auVhks0CQQDaOR73+OgY7mvvbKwrWYKAjRxj\n/5n9nr0x/ctoUsvomrbvJPx9ZZ6gXJVRQ+yO0O8OYgpkSHk+xYi2DQB3qVE9AkAw\nAr353w1Iq33BaZFzJRhLW0+0C7OnG41/F7HXBoQ+PuwIesiI/KxtY4LBksWYnoJl\nAxcAHE7Uh9wYBFN8pmfpAkEAlWRs7cXd/1QQ4Dd4J3mUDtj9roqnn70AX7AuygLz\neqiJykaCVChUpRzMm6RFtE9Whu0p725T+PAQfkk+gT1lAg==\n-----END RSA PRIVATE KEY-----", 
            "poll": 1
        }
    }, 
    {
        "pk": 2, 
        "model": "ticket_create.privatekey", 
        "fields": {
            "private_key": "-----BEGIN RSA PRIVATE KEY-----\nMIICXgIBAAKBgQDFPlUMFrt79tnCXOHDHPUDCavOX6QKUYLV66LBk0MrR5nggK13\nNdvErF4W3uTeY8kTSTRlaa6TtFq2PMqVZOMXbKEaCcMa6O5A+eoBacrEoy3WVXgo\nAYtf1A9ebZ3+PUDjRxWgcqQuFn5w8oGYJ6//HJs4RyiyKN8WWcmLtfJmKwIDAQAB\nAoGBAK/XhAaE9ZvsU/Ic0AAb/qo4ovwW861nQZbovW6JlKYu7RXiYcMXNte9Oxx0\nleFVYFtbNeT7NHHlpcE1rP1GtdQHXB27ZsDQVA2MtCg8W7/l5xFHqkqXAgD9SXGM\nnNsd17mYxAZa3u2HsS8HQMWRqb4aODiUGOb8V+tL20a5/IvxAkEA+Y6LDLKvJ/D8\n8izdw3tujdiUxmTF1zY5CLlhCywA2K7Y+FEteoZ1buGAy3ox97Ae8lpIO0Hw7i+i\nyA/7H4k3/wJBAMpWBZVU7kt6vzGp0iz7sLAUGujtSeKzDuiqHPDPkI8w64C4Krrj\n/weKeIhWKw0mtN27VsADn/ekivWSDILxMdUCQQCrN6UnHSEXYjvpW+b6y6DaKRJJ\n27HxKf6PgcCXDaW3BJ9QH0H4om/Hl2fqMvg9W9SfqlmMbn2CraQdZvmAdYC5AkBb\n26vTPOimWcadTGS/yVBQz//biYbGpdX56OkUppcRevsfx/yWNlYc3U+VTdFjuhPY\nqmla6QphylDP5gtKEyg1AkEA5E+RX83p/hbt1s3RCkl1Z4HYDSYfjQ9KSisCpf/u\n2ZtzfgS+hR7Q04q8g6nd8YNAYWKKQTBvk2AyWyZaQd6IHA==\n-----END RSA PRIVATE KEY-----", 
            "poll": 2
        }
    }, 
    {
        "pk": 3, 
        "model": "ticket_create.privatekey", 
        "fields": {
            "private_key": "-----BEGIN RSA PRIVATE KEY-----\nMIICXAIBAAKBgQDCRQfeK8l8A+fiRyiKL/I6alr1qwfOAI6hfHF6DXlLA6egVGMk\nxdU+m3E6NGkQIpwymJZRJXq3ZK3/ST7wNPdlP8Nx50jceCLNSoHBf7J1lfINuGz2\nqukRWWUwabeac7sfO8fDSgRaJbAdEYToSiHUYXGN89cZR/xH/H+hgXb9gwIDAQAB\nAoGAO3OUrNEJoAIx/HV6Wo/BuU7C91uXz9sryw+iSo/FBsffjJlGngJM+BPp2r4f\nSOjOlE1N8xddLrKI7Q8lS61p5/Gec/D9VJ1IhOTbIKuVPBXf2VG/kWmnBtsSYHnP\n1uP+E5BecUVHZhJcBXC7548laZbPooN4EVpihWX3MEVHO0ECQQDrzFLcCLDfCtHQ\n2mavvXj2j2b406e0gHZYf8TWOaxU2OrRe2sUt1fpzfxR80U8EeS9jORUFUTNvanI\nVg6+xqG3AkEA0ungqMvkmGpcUBfQXLJppAhKarsRX0YvwcYgxnFcdQEmplDREFO0\nmtKb8HbhGfI2JaoiYqj0aG1jlYVLU2QSlQJABQP5lziQGo5uXBTpLj/HfOcb95r4\n7Dv3SHafRzc+1ScwB3iqlGw58H0zKsMT6+0tgmKm0KsLJZ0tKVe7RI+RDQJAUfV2\nSsGonB3Ar5MBcfQWnxplqKH29znz9u3B8Ls+fW0sErcW9qxAY2VyGXhossdviSVa\n5VHYX/gaGZFJmycpHQJBAOIN04QWPBb6GIDNu8q7KWgXOWjBrOA7XTCJBAzNO76i\nin2k07VdstBWtyOo3ZppmTWpgqhj/SOwBZOEm8tSWw8=\n-----END RSA PRIVATE KEY-----", 
            "poll": 3
        }
    }, 
    {
        "pk": 4, 
        "model": "ticket_create.privatekey", 
        "fields": {
            "private_key": "-----BEGIN RSA PRIVATE KEY-----\nMIICWwIBAAKBgQDSDElc2efe1o5yc8/4Lcxr+I2hI4RAUWxWeurJSisWIEy4MIGY\nOCDYSGrH/l9XGbolzKcK7rs1zHhRk9dN8u3PggUBPEqSfKi4j4hQEnTBeb+Qb2Cr\nny2cx7DyXLCefUOugnPZpsvBoIK13N2sBcn3lGGOtLWGDEqH5i+Lc6i4vQIDAQAB\nAoGAc/lWtE6YKMB8TBNHu7bFzMOip1rt1XlfgOxDIDq0SXYyBey6USqEcAaj9qKr\nT3MkBWTWwkGH2i94K0qesSo1RMJXyFw6mPctAe0U6JoIxMggaLqCOR6uqOTPEP50\nSe/F1ZpnLpW4L9lH0AbtfWEkgje5t7D31TzWzmfIPMLCzgECQQDte0WES8OV+lif\n8ure4cvDgrMeiSWONBzb1aGPlVTP8Qa5XxE8VWgGYECicPYPQ94a8dI+Kbz2BdO/\nX9DIThI9AkEA4m1faEGOoOj9Bemky/1t2VkxXxysy0+heTtXuURYzzvZzzPORkMs\nnhPf6tgaeDRyfL2nktPDOW354iALhtgogQJAH1c6aGg7Sqq8UXeUiY+Q/Z9dFjWR\nUEAOYvDBnppdlAfCFGq4cpbu4JCJVybDQmZ5hGLPlUaa2nkQZdw2SIkNHQJAM3Rh\nYwLK07w+i5Jt1cFwrhy7wH52sfkVm8Qlij+C4w0Z0SFXtdXcFMw1bVvQoBJjFf/P\nTel7ith4Ga/ojqsegQJAKxCQ7hZZ+IiMH1DxCP5VhR9/X3O3ozf1MhnyfbTm8qw3\n3378NV9U5kefxLExmfqsJi+1lpguRS+Gze7iM7CxYA==\n-----END RSA PRIVATE KEY-----", 
            "poll": 4
        }
    }, 
    {
        "pk": 5, 
        "model": "ticket_create.privatekey", 
        "fields": {
            "private_key": "-----BEGIN RSA PRIVATE KEY-----\nMIICXwIBAAKBgQD+HjAyn7PkQU5SLb+FETSu1GGAdZ9Of1d0yv1zr8QqCbNV/8Cd\nslEOeevl+tJF5CQqGsWWvc2I/zV/Kl3sABpSYFptTcxVzf2vOK4GdpWuDGi0xLMW\nP8rwJehIjFwyLnh5NivY5Os36Re0cp6jfsu3MQIi1YQ66gv1L/acXCN/jwIDAQAB\nAoGBALX0S7KT460WjcwN8cqIDV75t27RyeXdDHQWPPCu9BjdpUl4vSStX5ir+BtO\nQ23D85kqXjyXXyovAtExNtsbH7xa+zHNRZwaDI5Ya6yvt3Xk5hdE1tFYZVgRTPfe\nwHbPM08VH3oOMa+3vHGPw9eUawBJCb/Fp+nI/e/V2wEji0XhAkEA/2N75Acf9SCk\ntE3qaDl5ko3m5oIrNJP4whoRU5GPTVovZKS++Lu87q+bynC4Z1KutMvyB7TH0XLQ\nNfpcYCx25wJBAP657PK3B5vpgo1mBzKucRgroWP0+/AhXxJXAkX1hKAk1VJQ0xSi\nGUk5r4T2ay7Z+MM1QkDo+RYtc0uavBdvpRkCQQCXyWHt4gotX4xkmVZzQY2u++W7\nJKxXIIcdne6kU4PvPmWilIPoQ3SEDB000Y/X4P1y+S/NQrXsFygGnNlgU60LAkEA\ng2xAAVZHmbyXvAZ5DkAMX7EbGqxqVBGTsK2toZSz8cAvQ8IptcqQi0Q097//uvOB\nMo5G+aB562RVyRszkk/q+QJBANv85xNGZhi6L1wohOSUAdld2f/jHcLJFmMxaI3T\nYbcR7i2gMP+/TGMpxTOjxY7d8sQEj+RxQMwGb8fpqJXIPgY=\n-----END RSA PRIVATE KEY-----", 
            "poll": 5
        }
    }, 
    {
        "pk": 6, 
        "model": "ticket_create.privatekey", 
        "fields": {
            "private_key": "-----BEGIN RSA PRIVATE KEY-----\nMIICXQIBAAKBgQDeNYcwN9KZKlzKr+NoaR9unL59QksKBtHUkySfnaXQs/PyopD+\nqX03/pSJ97PppRf+eH4MuRzVzPGskIsK8znTYBPxcSHXffC2Dfb8la+EWgNA6RLh\nfuTC4OiG+yyv+ajIjRbPbNzgroTWZNy2C7GzsSDrfFDwu5Vp4dqvK3nqKwIDAQAB\nAoGBAJHW5exipuj54b7xo7pSTFvnqipByUhCY5M2I7JS4JJSmUhlI+7QRKvsfYbz\nuPQe89mDMY+eKuuzv+Y3U9qS+h6ky1QWpyT+LisOGAAwA3tn0tgAe2IUCTSjrJV3\nPYOk1bYivpLx1a1tSXksrJBJATADGJyBkra/JBAekKflG1ZRAkEA9vAgahW7z7bE\nRk+fQb9neCu543BbC6I3sUQl/kjGZARcDK8OcC3MARIJDhsN/kEQv7xn2iP+kG4j\nbGp/23HnyQJBAOZdFZjYLQEGeQxfI57GxRfMZhhneaPDtxMXLJifTtm3MI81eEpq\nS6jRkW8r/trAqa22VyM4Ah0vmZ+4aWoXpFMCQCqkOqS3DhCHWgteMn0TBVYODvKE\nc2Rl5cIZp4nqnT+mNRMHo7GhZuoEaEXkTB1MtQy3ByP3NT1Rl5JgLaYCXGkCQDrv\nr7nV/NWZUVjf8l4J3pzzF1/BAXbreKgysp8tit/apVrORENNpKPBUiMOL3rJ9d9S\nmkKRbsEGz5f0d0vEVq8CQQCanOEZxvEOT9aiJy6s3cDaQueGQ0s6ZMjXNpggUl/t\nHOp0GI/dB4OUHTpObfSi22Ehl7ZluVMynAJLdzqC9Pz5\n-----END RSA PRIVATE KEY-----", 
            "poll": 6
        }
    }, 
    {
        "pk": 7, 
        "model": "ticket_create.privatekey", 
        "fields": {
            "private_key": "-----BEGIN RSA PRIVATE KEY-----\nMIICWwIBAAKBgQCruyD8AM4glIp3v2jIDW5iYSUlMCKlJUYT/1DzQax/1USZxecT\nKdmBsurWOAa1ZHj9X5XvAmmZ2tni/+N9HFCSab0PuEDLxWDeLS6MitWKSmNEFp59\nLRisMWZCcBz2FIiPeUL2EW8lKZoTo0DFbP7O0RmDKAvqnTajZXhDT1kOHQIDAQAB\nAoGAb/XdSE6iFH2jVPTWtG6FQ+B/3iHmxHJroMf5F87+To1VX0e2IjlLlBJ4plb6\nkLJDazUxRBT3khYrraIUx1F5eRm7OzCW/6ZGi75a9gpK2OqBaZN40LKvim+5zZqp\nhYYSdH209Ls7QTgIPdBaUIz4X730ymOr74Py+AQNMh3ZACECQQDWsIH9AOxn2dQy\nt4v63OmPzGkoiCVxRdmSLdPxuG5JIx3EOAy7ehzcpRhwVTw13UmELDIbOsd5QF2G\nGyFfzRGFAkEAzMaB1VXiSyZ6uj/akxftJIeNZn2cldeAW0+fcpzTYtUOlRfWq8kv\nCLwTG4dDKqzNLcq2pUgJuylKf3M9g7RhuQJAQGIyuXM7cnGLB6Kv4g26JZvBtZwO\nzoeKFiKUOxt6R4i2do/wkZCvcyQ3zghhxC2WzIKMjEn2ZFB/O6aLPbW8GQJAGJJZ\nUfgUR2A+qcqvt6bPVerOFNZNy80oIczUHTSkSN+3+Dv8DnD9q9allFAOxzglBrGk\naQDT6hlyTwjNANjMQQJAOucjrERdiIak5VJNZ5ZeBx/ujBsX0CaXdRiECnlCc2TE\nvAXQhTY+B1mD2To4kqnZyCNR90jcAW8/pMXd+DnCWg==\n-----END RSA PRIVATE KEY-----", 
            "poll": 7
        }
    }, 
    {
        "pk": 8, 
        "model": "ticket_create.privatekey", 
        "fields": {
            "private_key": "-----BEGIN RSA PRIVATE KEY-----\nMIICXAIBAAKBgQC2YWXXfTPpVsi1fAa84eK2BYUvtFHog7LbMQL4bTbIYjyzXPmW\ngMXwqRGGynqseUpOSmpjh8elG+d+axGdJwYEYxawUBXBf4g7dt0ZQLpYaiyYxI4a\nHW96fisGRyJJfd31kKHiIwIBf64YSob0okuMqsV5bW7gJy5esq7WhfWv1QIDAQAB\nAoGAQ7InYTMh/6ys12BwB9A4nKOz6h8egBXSX7Xzik7PlNWR/mm2YvztfATlcojZ\nvAdRY3oPv1345vpSlQQdB54ihwHOm93mXr+M3r1fsAdUl4rLxpv71TwbaW+859mj\nnA3yO4JsddPqQ8PMDmDp0rbL+dx3BCePB8F9HRMUNfgP/oECQQDg9Sj7APxw4V3i\ne9Si8Hc+rymfYPG5VMIeeP4KYza9MT/c+oNWTGmM5/HuZnCueE71a65x3UlEHr94\nW+eihfWlAkEAz4wojOV9ifOkv7uxscxVO13usfqm8y2VYYB9p7x3csEGuj3w6DJC\nyizmzrUHs/BdIKmTxOrGTSbqYt5sr6OacQJBAIplaVvaxHOxwq+2nR/NLp9q5gF+\ng9gQFAjpSOkdFq0YYoDRwgFSq1Eb1VRkw4gizfjg0YaNrChzfjpO2Fe9cF0CQDd5\nYflO+cAetGFfHL7GO93TXJKLyYXkIDJgcrWbxV2RxGeRWMvnazy4xbRoZLeuvmWV\njd6rVfeXODzW8Lv9gbECQDkWysRYz4SQ4u43WKpppAuCCLRhqnA58oq+nhDUNc6+\nCBwykZ0rdOmZ6zZaDshyV7ubXjKFd1/vsD5M6WdleRU=\n-----END RSA PRIVATE KEY-----", 
            "poll": 8
        }
    }, 
    {
        "pk": 9, 
        "model": "ticket_create.privatekey", 
        "fields": {
            "private_key": "-----BEGIN RSA PRIVATE KEY-----\nMIICXQIBAAKBgQCh6uwo0DEfyYoz33vP7GrPQB3E3XrbudNjvKtyFDnr223f0NWm\n+V3Bqr8x51MzUzWj1mAw3J2r+VsXQCOWozQlO6h3ARwSDIa4s++ipF79k0BksKlX\nDGlo23H4M/Ol9JOSwi6PiY79pJ6TmCEyY1YPtFkljfDIuZmoGGuu98W5zwIDAQAB\nAoGAD679qQZhe7690EB5ca5ouiJvv73kRJw/SY3g3W/wHFRo1CEaUM4esr+jPWY2\nvOX2cCQ3tQPpkdrZY+smh1TPnBQ2JmX5Et8kzy9jaTH3Alu6VlF2zzY3ylRWGCYd\n8KKiigiZc/DyerXlLD05m6+LtYfJIwUJFA90lAo0Vkr1PiECQQDMVB84/+JRSLwg\nW57tMJIsNNEBTZcAYem8jognGsxDPD5duafv8f6gh3F3AOvUvA4IHNs2QpNxVYH5\nafKTAJndAkEAyt0wvVLWMfrJmCbIntCvXX/17mKoxt4EhPshe76bZ1U0piF8O09r\nZtEzIbJi5rOcjSgDcIS1BNAGjaaTSbBFmwJBALOdNx0aAs5FS+p938TNL5FglGG6\n3QRfDeLMwG7vpaNs773gF/pbFePzbBCaZLTK4uLKywB1obq82dZwBeanXpkCQQCb\ncgYo7FKpFYxoBD/yQeI+eRDPy9WcHP/FjlFH6vRVp9qh+kKhh+e6b08I4RIbyUGK\ngECydV3oBCchX6S48FNFAkBUe9++72DSeza0mKh+DNvlSWcpM6oCSNVK0PC3OS88\nhZztalXhnO7KrnrrE6Q/UQ694YsdH8bKwef89rv2HN+Y\n-----END RSA PRIVATE KEY-----", 
            "poll": 9
        }
    }, 
    {
        "pk": 10, 
        "model": "ticket_create.privatekey", 
        "fields": {
            "private_key": "-----BEGIN RSA PRIVATE KEY-----\nMIICXQIBAAKBgQDVO+TYgLc8tggdEsRgDE6dMS7kFGVWKHOMtexhyya+Z/YZqu8G\nXFAY/EpTBJ/FZvnqzj4sP4aKULaWqS/6ZkuUKfhDx37usJ/wtZYnddiEWJ5XccNv\nJYvYioxhUjWIJzvRMpVX1Z8sAy6+bEiWhmEDHCTARMB29pzbD2Laois3swIDAQAB\nAoGBAMFRg7AlQfrwrXpuQUsy3TL2HCT7uMPb+KZhaOVgYMfPSPcMWZfSqWt9j4Sk\ndJVrPrj6MrO7BCbx9hexW6YQiAMsOymTphxH0b7XPmfvjmUtM2iBmzbCx6pbQreA\n8eRZJqTsqIox+hioVbTV4GuDi9fivBHJGdVSaDSrSIFuCOjBAkEA7MQ840TIiyxd\nPt/ZLM3Jq5hupLp+oKZbK7A9IaiPxFvEm9ZpqcmVusqwDiYRt/MqtcMDuEPZW+kC\nkGEFtHKOzwJBAOaORphUAD1P+bp9XeiSIwgwzGlVxNsTRtQINxATNBuL2aEzZ80G\nzBQBWX6MIBJEOgWThkXGjt4rLkYlUHie4d0CQAZWMjL68ksXQt+d6hgS4eTfzYZH\nH4B5M1N2AgzWkBJ3SknJcUaECKfZKOEYD71WmrwGniDeYADfuZvXnOl5b20CQQCq\nf1KjeZNHxCnoiKd2wwNXHkc8KmpOnD3HtV+K6rihGlXRiSNdEoa+0JSvKc7Z00yZ\nLRSh6wliMMqioxuUZ+KdAkB8E0qeEVb1ACfkpkElHeHrN7K1BTpxMMln4m4NUdjv\n3xbabzBGksfdhMGyCGJQnS0g2F+IyxdyrZGPdLl9EFf2\n-----END RSA PRIVATE KEY-----", 
            "poll": 10
        }
    }, 
    {
        "pk": 11, 
        "model": "ticket_create.privatekey", 
        "fields": {
            "private_key": "-----BEGIN RSA PRIVATE KEY-----\nMIICXQIBAAKBgQCYQ13Evsu8TBQE81ZLZAwehIHU535NoQqfGYAEvWW2AJy36w0k\nE8/2uf+WDht0M6MqFO6xuZl9gAU0XpGc8Y6USap5H1jKPnmrxKiSiDHj3xc+b/0C\nGxcgTEVLMHX0dtfnaAP4VP1a/ocwWp4PD4SG3o+Ks2vMGquT3lXFCNXQGQIDAQAB\nAoGADJ2YSVLdoo5TIk3fGoQBlQ25jCBaEKiFLsV4G+xtXvUSBxMMla6mjnS+vnoQ\nwEH/BN+TH1qXYxSWWc50FiLVg0cUjbBlcc4GHRaVbDwLcEIw9Dram2Tw5lvNq98O\nTkj7fNmDmoWJkRZivH4fKU2TqRYwRU2gOZ7755J9owMPaZkCQQDLBGvkc38OS+uE\nc7nXYgqwL+nPLHjLeQO0cJ5s22qHDLr2Fpw0wwApx1c3TXkGSoD6WrDJdBv7ssFa\nx0LcpaerAkEAwAAQM91dIOhM5mrWK3/4OO+DmBmxyHwbDSCYLKKtzQLQLmS7Beqm\nRB2IMiKBQdmgWN/rRLKbsnclYISJfpQTSwJACnoB71oedmhokP8/2eOPVaRDVpOe\n8DEghdFB+7AfATUg+M4V5YsimQVWdN4knrR9j23araq2PvjsjXi29Jf/3QJBAJ4o\n7y/qL+cFtSMx6s7WkcFE/B/1OpAuO5JqwTAzqfvxT1CIRc+v5drCgQjbh6KZBQ9x\nFTr37m3q2+1QAHs2u1UCQQDKw/aLpv2yGW/GPPh+FeUUsv6Womisu3CGYZoBcp/L\n+3l+d903f12GrLMKVlqHGLSyhdJg42Dx+7sFKBBPniMk\n-----END RSA PRIVATE KEY-----", 
            "poll": 12
        }
    }, 
    {
        "pk": 12, 
        "model": "ticket_create.privatekey", 
        "fields": {
            "private_key": "-----BEGIN RSA PRIVATE KEY-----\nMIICXQIBAAKBgQC3392nXA5tggtymEbnw8e7tz0FqulftDDwQ7X6fmOza9ZQNr9H\nvEyvvdDmL47dNZ9T63Q/RmY1aUWqzWHEve7xu3Vpdpv77iC/P8X4L5fqOnm4lFPG\nLy22S3uYKR+pUKoJ0TPk9pMD0ccTf6GaXj5E1UJRdKiiSME/9OsyqOq4QQIDAQAB\nAoGBAIzomuU5T7kt8nXkKlpMF5FMMBBa1LNJ1EMbsKaBGwiReFBKVDW2IJKBBUiR\nY4s0H6BhDNm8qnD99qyY7famkygPzR3yizJUAe3CuuoBaUtNMnK29nfbpuUFQ+SD\nk6YYXsvBY67r56HchlBGLeHigFHP9sW/oYlQAjC6dB9wwlRtAkEA9Ll4fl2OSIUp\nmrNd8Mzbfk7fexyGl+db8dOyM2OO75Dpghw18HjyDm3fxhBW5Ct0XiLsp+qCiK08\nr7h3sbcOkwJBAMBYqw/7KQv+x03a4Wv+hWGv5GmO2IilnMBhqgdpSMowZQOZikEW\n9MYtMXrEsIfpWf+RgKtpApnytBdYCvkRjlsCQGERrCybWVOEljMJkGpyJ2HbUSOY\n9f4Mw9iQ+q8Nf2Wg2i5EmFSQ9JoqlMcQNhb88YRhX/NevnYOGPMuPTPdg0cCQQCe\n42ADpozkvMT0mj+mTyztYjgDvp0+W9gdz09+KcmYQ9vd2mKrnAP9BO4fpQTScMAI\nbrBkaC1e8G817WO7FXaLAkAwaC8XbNQuXnDrObLoCoi87fRtScL0uIiK2EIWZY5t\n+Cu428NpzgIANfj3fufK39YpA9sS1IIMebXdKHP53opb\n-----END RSA PRIVATE KEY-----", 
            "poll": 13
        }
    }, 
    {
        "pk": 13, 
        "model": "ticket_create.privatekey", 
        "fields": {
            "private_key": "-----BEGIN RSA PRIVATE KEY-----\nMIICXAIBAAKBgQCvUDmRueq3gBEgmUxapJkT4LA1CZwTDczid94HOaAZl1jqKNFw\nl/3RpqXV7vE0qvumR7VwnF3u7XVXJNoIuigZtGCwom9nSA00YNBoshnq5lYeQh0Y\n0x1AVRDi2UD042OPJBM+Wdo2H3ssqt9bJQ7yjNU4eur2ow0uoF9gOliGdwIDAQAB\nAoGAeqnYTgVWnGQoF7YLPZTTYpwgzktV/+L1CzQxjr6cLau+08ARowVF3A4NFJ3l\n+SL1hse/xPYzpzxQkNPBFsAh04mT1hz/IuciA5HWxEe6QOYwTz1UL1WZt05XEFzJ\n3Xjag21RW3HuZD3AeWO3V4iKJwsTR5y+gwfTuwpbUS9x6nECQQDewVLuqO+wy7Dc\nzXOUKIQ/1X7aNSs6HhmB4eZ9jzTqBN6VeAzA+dIlOtDqOC26CNZjGbMOfa8JkVPF\nRgLF+oBvAkEAyXpR99V/JJRrkmE9SfGZNLZa2dZzQF6EkNAeYAZ8Aq6eBeap3ypC\n6lHThQZEoz0uZS0wZapXFwgP/htfMTBOeQJAbbNBd11lJWk6wZLAj79gWdt3bFjw\n399A6pDopP8orPMW9v83MLYXQtRzXFWsV0jQ498dKk7FK+4RFj8DUKKsKwJAUvV7\n1Mli7cPzOzWwz8acJ9lCNVoY4JNKkHoxV6az30LZLGLa5Vn4bZU9vBNlpbVmaiCe\nQe5Op9wZAa9xlcZnOQJBAMeWNisSFG+/JYOXNAAXLinTDWYdRfC24dY6N/miT/Wr\nBeL4ht/LfcojqG7DfCYCtduo86NiOa+MmjN2P8ZhP48=\n-----END RSA PRIVATE KEY-----", 
            "poll": 14
        }
    }, 
    {
        "pk": 14, 
        "model": "ticket_create.privatekey", 
        "fields": {
            "private_key": "-----BEGIN RSA PRIVATE KEY-----\nMIICXQIBAAKBgQDaKr6kznXP1mRal+jhOmbyCMq7X7jfvo/8n+bqxstA5x3JjxAl\npUXmG12RrczM2DQKBH6/cy9d/boD7TiLpIaLqmixtNc2vdGEWbOyDAUCaOtTtmVn\n07Ie08jHZVPuVhYWQFZ3PAv6S/Ca2lmdmXmoeU9Smb7JnwV0WrcrNgPUAQIDAQAB\nAoGALMAl2OJsshQ1A4wzfbegFDePdj3dSy/okxYtpKzgVlDSAF0zH7W2D8w/Njmj\nT8VtbzyazySOa8Y22MVZGvPFkRF2CQeOlaebHHD9e88TB8dhOR+vflwsC2DdldQX\nzWEtQhwcEBDQzCSmRwWbMSVrup7EHsTiM0ALdnyRfFKWD0ECQQD3fMPxQ0D9mo+Z\n4IwBITv9JGBL5hZRJufdynKOTwL5QpOS5RxHjhXe5cyZT+a04+EHv07dGdA6HwYt\npYn9XkvZAkEA4avM5yOoPZ6lc2e6kfeovl5Chh4VA/lQHnE50tFSaBtWKokPmk4T\nPr1hsKWlcAEC8df4I7BNbYhANGuN/HF4aQJBAIRHrp+E1/b1Ju4TZCGydtLuH35R\n4/nKNsKIU8SWnLtIB4LLbNseKbhy0XHckC59Yqj2axuokXCPZoj9Yw0G2rkCQQCh\n25P6UEPR9mCallJlcSkRaQ/zm83c7Ms/GlyrzUB6tOinV2jedpMtE63mgdhXrhIL\nnag3CLNwFSJftqi+4C/JAkBUAT42JcoptQ2sWOLgTdISMjdxuiUocFAflTF7wDTO\nOZLINUUJxGPnjqhc56nJF2IwWTciV8X6PdfNwz4pfrEP\n-----END RSA PRIVATE KEY-----", 
            "poll": 15
        }
    }, 
    {
        "pk": 15, 
        "model": "ticket_create.privatekey", 
        "fields": {
            "private_key": "-----BEGIN RSA PRIVATE KEY-----\nMIICXgIBAAKBgQDFGHDD/GxEYUU6yp16e1LwiexIup7w+bY39z95jBKQ/PkIpnV2\nOlj2sf1Nxk16VQqiZRBchp40wrTx3tW0QSejc12b9uQ7I2rjLvkZa98636g7NbJj\nArXu3d3wg78HaaWJqpmRuJgWZYzEBomKiEiB5WsdRn6PQ7ISszQZmKoDnQIDAQAB\nAoGBAJ4KngmZdBtUwBWHeMVI9FWq0svy0RY7tfCkksJdHloib3KPP6sA2Gtgh9QA\nigno/TEAxyDaVSvLYRp9a3ExuZy/2jEHG7XVkBgdbThsMNj70M3vvG/v8Pac8BAe\na9/OqQCIyDM4j7ylgBGwHEr0KRKEyLlfAfoHj6S3Sg+RqGGFAkEA4ns+k/3XhXRl\nSH/jemIEYikWA0rpkM/D0yiP/VVRdfwK0ByJiQQfTX/VO8KLHJCxow5bq6hY1Ujz\ndzPfRAMfRwJBAN7ItRhw5Quk4v7ATjX+v7sHce3xmy7LlPZhqSf4UlKwyEM04Xu4\nFggLVsIEv37LZfl1s8asXxm40BaPWNyJX/sCQQCCrGNl1f9lA8xwcUGZ2jX3QQdv\nbOioYgf1rKCvpWtz7LF8dAqy4IsDFy+75DqJh77GesFPoLlojkfTTj2Sq05/AkB5\nMa5ysVeo0fY6p9rkPMWItTAhRUIqXs2WiuI+wDPokAshpG7Vovs5PRHhUjvqejPr\nVUCLX9IMaCGrZCfvMTxpAkEAxUGaO9JyqS4budaMvXM5AMHje6TKZZ6aFGvHOerE\nxdanj6jG3J44ONkaBBdF+GZZSL+O4tAq/TEVFZp1Fn/puA==\n-----END RSA PRIVATE KEY-----", 
            "poll": 16
        }
    }, 
    {
        "pk": 16, 
        "model": "ticket_create.privatekey", 
        "fields": {
            "private_key": "-----BEGIN RSA PRIVATE KEY-----\nMIICXwIBAAKBgQDMC1F+c7zLetNkMb+za+MPtzrjxw2tNvaBbIwkEvkqHxKPkPSa\nI0xHuIWZQ2oRNtstdv5wjX3OvE+1LPhfeJMbOZ7ATwBAnKcaiBojFlV0l7Ce5EZo\nRISilmvcbeM1Pc1bWXHbFMZVkl+pEnQzpVxiwStx1a9dafLeHMSuT+EFcQIDAQAB\nAoGBAJWIBeUBtG36SUi4HKDEg9ZUlVev3JoAGY6nmdwl+2ue8d88f8Ul8RTuaRn0\niZqr9NvQxI5/Yp9K6a8AkdSFbGfMJWVFzaD1dzzagkbBQewuOJyjnTUF29pihSc3\n/rL0T4a6/62Rf0FOap/zabmE3nZJLsmaqB9fq5LMKPVPnQbxAkEA61AYpeAZqIcf\nPr0/qu4zg6f7BnWLdPBlwJGNcMOGVrex0UKrSl0VcnSh203MWvv7b0GFiutURHEz\npSmSC5u3nwJBAN37fvEnR6opZJ+yH2BbAiNhbSflaZkDo1VllrTFkL0njjpOvRP2\nvgl3sNrdPxuvFQtmW7UVeIG0I/9r2wAYaO8CQQCGFqlE9HOKjhzm4m6CV6QxNKqd\nnqOuKkLBPe/MPw6xIZIJPaVgBbTv+Lg2wJlfi1FWr46Kf9kP+zXDuvGG/d/fAkEA\nvQMXLMmQePBz8JKfqtDzOiML6cuqpZJ2chFlSJlsy9MxhK5kyunvGGqk2UdIJA9p\ncOKANemJSY+UkzlIKYWfWwJBANMq1dwFE3Xsc7Es0642cZVN1VD9KpgGKFgSeKR6\nahtDtvn64eQlZeupGbcOfANSbgXBVfZzeQc7CyezmCAYhCQ=\n-----END RSA PRIVATE KEY-----", 
            "poll": 17
        }
    }, 
    {
        "pk": 17, 
        "model": "ticket_create.privatekey", 
        "fields": {
            "private_key": "-----BEGIN RSA PRIVATE KEY-----\nMIICXQIBAAKBgQCwBkpicL5QfC5fJ8RP74MexpafARm/227hrGSavKIxa//LVc5Z\nardl5TGGXOYWmoQ8a6Guzsqw7ytAbh8l9fsrIxRj4g7n5pwlqQDzf89vxRwUCgBl\nrwF1hHych/tyL1ZSipSXLvR3otdQePWVy+zpilhE9thyp2j/D7wqz8LUpQIDAQAB\nAoGAM0ExqaZglDkEm6qNrCT2ziBPPW9pmwb/K3EyPihNJgznh8KtejXrvxzUpeYp\nDU3i0WEZzDfkp06NDo7CPSB6COJLQA4cytmqBaYCo44O84osExI2Xvi+fR8Rf5e0\nkVvfNdpB29fDnrTDg4QFfprQ8h9hZyZQyJHu4yOVGVjP/2ECQQDqbhOA7WR9J8+t\niPuuS2UQtHjqK+EfXAewok/+aw7mPR61mN2tjmyVOxSxN+ppDcTPuhAJK9UynO9O\naKcnpmZtAkEAwDh+UjqSvT8q7tB5IWVToJ9lYTInEeMWJwt01WJHgqsYXXIEeVfl\nui3Pa2C/i3+hAH13guCxplU3Y/Q9x1mkGQJAAZPWC8MNLw5qhldqoiSdvHwKaED9\nVdGvt4+QDD06L3Bv2Xb63uUbc/Ge1QZ0TFqsXV16KCWkXJ/TuGpZ3ZlwDQJBAJeO\ns4LwLezLFnXPqAI9208k/pFBMu72huvoK4lngQy1DHP5Ry/Jrxc5sXZvhPdffTle\ns9FcipWkURUdaWx58FkCQQCx/avRKWoOAvKM0j88bLaxoqcTpR+zTSeyOJAn4TS0\npFifzpbjJ1LOkQTTxCatUElHW9RKrZNn7C24V48nRtjH\n-----END RSA PRIVATE KEY-----", 
            "poll": 18
        }
    }, 
    {
        "pk": 18, 
        "model": "ticket_create.privatekey", 
        "fields": {
            "private_key": "-----BEGIN RSA PRIVATE KEY-----\nMIICXQIBAAKBgQDEgzbcTueHmtx0VMml7ma0JNL63OxRfO0cWU4P90tE8aKS9cOC\nJYPpwnVdVbHrQVyt7m9hhWwjF/ET3Ya6tzGmlCNyyVP/urUE2nxv2b/DDNbbTpD8\nxvxaWEjTFq1r4+UcNhPwHrrCbnsR1ibnA5VcyMPSf1wanGxqEQRCLVTmEwIDAQAB\nAoGBAL4NxUYmzceZn3Km+esP+aZqIt5aQffBobSULmpEmjhQlhIZvH8ndz/iQQ4G\nri8/pLnW60Pe/SmnoxG6Yu479LhZ7jcT6PFWD13PaKHFlNoZn8V2HEJh1KNPH8EZ\nDoPXJsGgurOCH2rFxlnq/qtOxOCNH9Ni5MQb4D3oLIjSm7KZAkEA9PZrkVVX/O3a\n31X7l1nzVxF1LK3Bojjjgf425PgyFP9W9OTghsxwv0wXfPUWwyE++Ak2GjfLHgOo\n2z3uhCTwfwJBAM1d74ekfCYoTx2vdU35jY7zB9DJcL9+wuUw2lmjb0j66Dzp0P+s\n5px9pUNDyyo8ERvdITFE5pRsjV1UjdElgG0CQHmFxddTf1L6rJofDbEH7rBC+N4x\nVN4lWrgiZRkyB6ZjBcB3yusUgNpl5UEYVTJ4S8TAzRY0l49MQXiCQNFNggECQQC8\nhuZ0bCB4Wvq+MquKSHSWbS6YkcRKV1ENW3qnXWy033lBKhhuDkiqEoIbLOoePIQs\nQyTMeQb/7GMd8Zg7DqVFAkBs6ZUuVfFZscUkBLdSgQ36QPkRTB1EYav7/hZCW3FK\nXl7Zn2shBcOmuD0dveE1L1a4dpgAaPoaMQg/hcVC1GHR\n-----END RSA PRIVATE KEY-----", 
            "poll": 19
        }
    }, 
    {
        "pk": 19, 
        "model": "ticket_create.privatekey", 
        "fields": {
            "private_key": "-----BEGIN RSA PRIVATE KEY-----\nMIICXAIBAAKBgQDDkvVHP2NzARrEUmuHG82Z4/TTlzbPNWiAuUTqIhvWCLfxpUh2\nKqz2EM4xp03w/14lF2yLxKSZJrCBjO9uFDyFRWM3nWFwx9trUvabvPKievZgfi71\n7d16PjJ0G47YpXxPKcdo1NiZrQcpzRq7b1OzQY/SgC+dHS0oftkWc+NgWwIDAQAB\nAoGAeqiduuyvo75KmlyS4e73GRBWSapqDrURcMJBzZJM4QUg0KZ39ty3E7DgkVW7\n1W1kD2FMi7BuBzuzsdzBgcmhVl4fSS52P/j5Z65WW8hcRhaIZXvkUyEuGcE/iYvA\nwOENWiyry5Q+iBT70sP+LcjzXWTyEH576dHSt6wgqGgB/KECQQD5nSxXe+25Wo4Q\nXvQBGDBnN/L3utPFCLfSIlTbCRN3LZC3ggIFWz1w1/1N+/TsDSJITyPgYk4F/NOI\nijuvbhDxAkEAyJPa1/vbMPlzowFsNkzrDLvq8RnsWbcZ1WGG030j4fqXsaswPQAb\nqEa32tzekl2jzLrwpxyGNMBAV2LDUfMGCwJASpsTmcJMt029kF8RBxK3xOIQGMMa\ncJW+e2wPeLgpvUE9M9wDxp4Sqxujdh+MgNEcIgilbHd1YozCnNjUJgb7wQJAenOZ\npUZDGPERobBaqgPnc8y9sBfNbTAVe2mg8Dhz0aA1P+hs+LC6Mc+KqvkwgFbeizyN\nctg9LrM4FKFc8QjW5QJBAJUiPL9d9SMmdyAZ+jE/o9VtlxQT1h52+5b+pf7gsI0X\nRuHBi9XHAayUwjMfWGJM0EA70RxAVHPGNXz6SzRPp24=\n-----END RSA PRIVATE KEY-----", 
            "poll": 20
        }
    }, 
    {
        "pk": 20, 
        "model": "ticket_create.privatekey", 
        "fields": {
            "private_key": "-----BEGIN RSA PRIVATE KEY-----\nMIICXQIBAAKBgQDWS/foycCSqb23XxupnFfML667C4KcaKeVlN9XX4mca4O+yeMi\nQvb1dozSymh7gqTI/TpH27dWEx0Gut3HBuMP2F/5IM72oKzygHW2Gf6nshtAXKQI\n86GPgjCT1r6jtBxF6k+EFNxhyl512nD4Zet32CGJPAL5hB+t+XbsQIlOIwIDAQAB\nAoGBALAp5VNtvywR886xlbj5uEc3j4ld7fIMKm/R4UQfWq3GyJfnuRtqN0AUQ7Hp\nCLk37aT4XpfB7FYLAlqM9VHuvGrBkabtuPTzTzJTYgMvrmfxs7EyoGaMKcJ7KhSV\n3ZQ5MOvGLJF7adT7My/eAawjvszqO3S0HG5JE0gd08CmHwI5AkEA9uRBbYedsQnS\nZdJ0yR4hpiIVGXdOO+bMuy817t19457n/Zi23OzxuBnLYmoz8hs/I5HOJT171lBB\niDSFKePIbQJBAN4z36fpv8p9/gbNZn64Ea+Gcr3GukmQULPkI9qhf2tIHnqeUBOm\nRzJdjOmAC5zK65C+7h60yptyY2xQPgPYds8CQGiV1KmDU2eVk40Sk+pGW1a3BV0e\nTwPNB1kb7KrdJODxhbDFqmD39oVYV/G+r3aV2C9HKp5X50eoA7qhFO/j0BkCQG4m\nePDcR18yJgNpPy4CQYIpvCenpCFjkR4cMknnVSrxjWproHadLx4gkgIOn7MSRMR0\nYcaHCQkWI4NGI/f0DrECQQCOR1H/dZHH0azIUNw7tRMUbsNcWaArfQLjPBsSfHBA\npEpHPEMpFG52JkX3qnsJ+ygpP6q+ROeZvWrnQq4bn25o\n-----END RSA PRIVATE KEY-----", 
            "poll": 21
        }
    }, 
    {
        "pk": 21, 
        "model": "ticket_create.privatekey", 
        "fields": {
            "private_key": "-----BEGIN RSA PRIVATE KEY-----\nMIICXgIBAAKBgQCwGJTwn/8CU6u7WOfBYDs41BMqWgszLcCKtzVqg0zbp8XjL6Jk\n8IJUfb7bLzJxxAIld6HjtNk+VbGf18MPZ/HsWYy1UO9Fej0jou+lhgrurFQEKZda\n8cPfBqs+cUyx0i3EEK8U0GLlMs1q8sxN78vTFk1da7RK6GpNkmK7wCPGAwIDAQAB\nAoGAE/QVHFbkzFyyvt3KFO1UiJHvQgNF9ZyfjphH4zPRh6oxEBcbrZhbDDvbXnaw\nnpd5LsmpfGXHn/qRz+zg22QJ02/nSfXZE+5wlCTk3H6CKXiFXdTzNHP5O/k5SY4Q\nm/pNKD1XH5uryKGtLvTKGRbt1ovTzg2/QcAgjWhSd4JEuBECQQDlaTRN+MfKp/Y3\nMIRkqgZx2rKKwKszlByEqyhrA+VlgDPqd2gRtGkhSPTJn4MwviF9LmRBobKpr2wW\nPZ2Wj23/AkEAxIF7u39/AzKh0k4T2Gj5grORHBRYfAIeZfbjpYvQQRB7uU2i26kH\nA99P08hFgWIIsI0ER75b3maTIY2UCU3v/QJBALw/sg3xgXDIlv/+rgU0iAlRXoUB\nSPsQJL6w/H+kOM8rfm5+AUXV9xa7GTOB01NiEXT5Zod8unEHY/h0IyZzF90CQQC/\nAn4bi5sSqKzTmEGCIsgmXBW5ja1VHVofExXFXVpZZIRfYy/jBTJkeTVHT20AjyKT\nOv/mHQt/64UpIE29nZyhAkEA3Qf+VdohoAM+smsMsb9Uid8AHBBYtD6AsHI5ioSk\n/iIBvKAdw7Ggl1C0Lzq9Jl/XorI6idpu8phbKfXRiTcPDw==\n-----END RSA PRIVATE KEY-----", 
            "poll": 22
        }
    }, 
    {
        "pk": 22, 
        "model": "ticket_create.privatekey", 
        "fields": {
            "private_key": "-----BEGIN RSA PRIVATE KEY-----\nMIICXQIBAAKBgQDOkArH+2iOxy59b9qu/WrjyMr8aSTYptncq0eSFwUanAisELg9\nEFXXL604zluz6gqnw9DukJvK904nrA+nq78A6nVJTKwsRmWQSRdA9mwtqTHhhKSu\nutOu8x9mR3kVZD2L2l/xot2ZYoBo2rxVKg4ELViS55CVLYN1xZN+wEkpjQIDAQAB\nAoGBAJkYPzVbC3KPA9DqXx1FK7zprDCJyUpd16jqtV/8ecbwEKletv5jJgwYBP3O\nTD87XmxbAHZgbWdwBdf3eZ7e9u9k7pCpM0wAGHfzqId4GcrvvyyO+lkA4h4/eOuS\nDj6okko6QhotIJF3aVD7T8adVFvzHQCL/rAbPxELn8AMc3GBAkEA6TRj4JZP+OlV\n41DowUBLc/fbbB9FhdHtf59H2rGOB7Qm6ccYqbTlbvBbt641B5SjfEMeHfLPKmCy\nZYWuuJrwbQJBAOLA+YkNRMq6n9TTQaRH7r5PRGrss2G3FW1JJ0eDZPD7yi6BxXi1\nsFH5C+fWifAQDraSEQTBIdbOLpZyHEKgqaECQAj6TloID14axYaxx7Qg4Ia/ZQAd\nmBSVx1nhbOe7bCdZxSG823M1FpwVvsIsf7gh/cU75D3s6hLMlDGaWuaaeGUCQQCT\nr/aXIjJFDGpflrzxP/yqrTw1nDd1lGZ7SKMxu825+3UC93jjlwrhSSFM/fnXhs3e\ncaJuA1CD9MR5LpdjefshAkBw6I6uL0Kd4QS/j00GznRWj+gyfRhYqJ/8zxkrN6wJ\n11e8nXG7auKqsXW77mlGF+iLbZUzzyrQ+MPXN2xQ/tdq\n-----END RSA PRIVATE KEY-----", 
            "poll": 23
        }
    }, 
    {
        "pk": 23, 
        "model": "ticket_create.privatekey", 
        "fields": {
            "private_key": "-----BEGIN RSA PRIVATE KEY-----\nMIICXQIBAAKBgQDBw4UJY4wRQGJrQVbLzsC1U3NEcB/v+riG7WsrtutQUx8dTqGT\nfI/5TyP8C3a6Plh0/44t278xEtFvWR2I3HKX++MA1rq8eUDKdFLYF3pW18GdDyES\nwspykvy7plHzTQk3OHP79LuzWkIW0q79PIMPW8FG8wYPucVDOWu5iY56owIDAQAB\nAoGAeGohiywqJ65ze2QnpJDggc9Smv1zW5fchT2WlJwgsNJ3S6dKEnYeozjjjAcz\nyZplLpCCs00VDFI9hY1EJYGaVHQwsLquUN2LR7kjSRx8S7jdFm368mreBgFSMMJl\n/TwIkDxIRWMl3TkUsouot4DJCUzU/+245AlAQ2SbuDsxocECQQDqPorCrNClC0Gm\nE3eHVYIT9t5rEXbG0TRufA+9f8y2yB0VhQ527iD9emyTAa5zZhbv8lnOm6lujTdd\nmNeSmxMtAkEA08KAKhXLK3o9miIyp4rocav5ji2tWKVP2NKfaPRYwiqy0iw24sEm\nJ/gEJ98roIepYwTm/YpRw5/BNJUAfo6nDwJAI9iQSXxCrY8Ma8q81uP59O4pWT8h\n6wjmuiWYDwq4nBwBf2KONRr5x3Btnw150cUEq5FtttVRV06a82LJUnESvQJBAIEl\nUQbZrcQBVEqJar01gVe6G4OzpdG3WEATDDd1NiCM6+w0HPEj/QJJRzeN6syHkC2c\nkse0MPOOncVUzi1hEM8CQQCQxUAFJVsNJr9FwcEWT9QJklIiS9JSAI0fULI/4LQY\nupnuj2VADB0IpgUiMdECzCRIM3FvdZzbkRwNsBN4xGOu\n-----END RSA PRIVATE KEY-----", 
            "poll": 24
        }
    }, 
    {
        "pk": 24, 
        "model": "ticket_create.privatekey", 
        "fields": {
            "private_key": "-----BEGIN RSA PRIVATE KEY-----\nMIICWwIBAAKBgQCrKDpLlK2kcy2IolHmPMZzLATWTxKnl6/7mK8AypMpNAwXD2wS\nSnJFyiAxe6UNf9WkGB6uYuw/4acy0w+aY+NKMODjqR0QoE8j39FsImCRwSON3d1h\n5CBB2pt/lR24vIi+1P1d5bW3Bv7Zeot/Q/p5a0EEnlcAYYeYCA1p7qSQAwIDAQAB\nAoGAL1aK+QiAFjG88ENkv3cjtAsCs3tfP3cWt1F9ZYyhsw2wIlijnVN105OZ39XA\nysEGh8IcCkNV8D0rD0WM1Ti3TgPqvNokPJ5ltLiS8r4liPJl1RFzYgqyIEsBryW/\nvixcEbUsi/Z9bTn4UupGQ0PAKtMKkNMn9Kbnc/jYUGfw8RECQQDX11GgCQDXQfbF\nXazzeJuleJCgabEnHy85Uxt9Z6Me8FeePn93jb3HTEf0UThdmjY8jq/h74A1vwe0\nCWvMAB+3AkEAywCTvwAGJO72806ON1kS8uzXAQ3XAvDRI1v2urXjR0xVdRUeSA9Y\ns/elvZMXVQ3/92Xs7uX9/3250YMAIyG6FQJAEBQYHoXNLDvbuCQcSB7J6W+rxmdZ\nLQLjr6+DMrpPqnRY8o7RTAShCIGkMo0CV+au95/hdkEzGc3bMwwonY+8zQJAO/MN\nrsg5CEsxzqSSRzIc8HSVAhCuQIYRnRmZgYYZeoLGce8spCc0EOG/pn5703hw8QS+\ntcZh/kOIzqCbN8TMCQJAJT6vVMrnHFsXBrNuKlq5LfZxJ7AfKtmXULCLDkiRWaSq\n6w1xjGCooF3gGHyiFraTDbbvszW1wliDThEy9+9KwA==\n-----END RSA PRIVATE KEY-----", 
            "poll": 25
        }
    }, 
    {
        "pk": 25, 
        "model": "ticket_create.privatekey", 
        "fields": {
            "private_key": "-----BEGIN RSA PRIVATE KEY-----\nMIICXQIBAAKBgQDSQAfPVfgUqZUW35SRrzbNn7g4I1qxnzXMfiutCs9Ghq1hC3t1\nKNLdZOvp8Mo3Bbxz0GG+EIqMNYeCIGMr3yn2n5Bnkrvu/Sxka+OE8DB3yjnEbvC/\nB4rleXZ8A6BW0f+fX1NRLb8ygjB6ZCkStJbIUML2GT9uV/uChNnsEvlobQIDAQAB\nAoGBAIaLiTPqbOY0G39WtomAGc7+XfI21awDGXdyalrDJx+Xwc3vfiLcbAxXsAy2\nFYGefxmSCWqKxU6yVrQ0K6KAniXVfxUGkhuceYb7wZTRmbxjfGsdZ5Q+uNrGvKH1\nj2M90Rg5P/Vuy4V/dUtglNagrwugWZQ6+/Ds9Y451uJWVJjVAkEA/q/+dPUycDTP\nhiAB1dV462UXk/YsQnFWdfuJn4RXsWXq8hELeO1XuxPN+bpq4g/i7T2mv/qWcRfm\n8QzcJzd43wJBANNVaS+CBxJ0+CYEps+TqPjdrmN7Ctw3KRb6+eXeR3pgpLTlQPiW\neNsara+oVosE9MM4OUqIVkUJLWbnmHyaLDMCQEyCwoaQQp7CvrUkWGjMwI62x+aD\nRbiQI9E9x5JMR6vbWkFuLWweoQRqZq5m+kT/UMTEiJuTxC4laBNyMZD2cTECQB8c\ng8+qpL/i2GVAag5E/qskd3fNtVuWA0aOzBs7DerGL3kyBs6R2FjpJIinj5YHtMDI\nliaSy6B+KWDs11YAnGECQQDLo7d8hAWCT9R/JekhUx3UXO0bnJwOZZ+Z6Bl6k0qn\ndWU/aHQJawViTnkDYqWHrBCdQSKeGLfHad1rNIvn1TqU\n-----END RSA PRIVATE KEY-----", 
            "poll": 26
        }
    }, 
    {
        "pk": 26, 
        "model": "ticket_create.privatekey", 
        "fields": {
            "private_key": "-----BEGIN RSA PRIVATE KEY-----\nMIICWwIBAAKBgQC63nCv/fYEgtbZ7UHqMqOXTLrLpaFhv+kUIZiRwR85bwP8yo5U\nPJuSjgvoa18Psy+M/d7kDxWwmMuw5qveINGNOHYh5DAXhoNOSpdmOkTrT6QB/7yR\nXYBLWDSJgZUNPody5z3uZ+8C3nA5ARiO3w0cicoSqMhwb7vwVVJfd6ZzSwIDAQAB\nAoGALRL6m3jmnq/woyBXheYxD42ygOyywKFJ11FDO+UZYwEkNRWmvyrfW7pnpOhB\nRcgy8A9MdDYvRSmV+FWrnyjLYprpiWb7XY47gRuNGuGE0LoQ2G8HIxb8FXlKLoLX\nXY3ATkaQR/nGcu6c4jhtESdmGMalupVv9eDkszWuAb2hKgECQQDyXSwXCJDqlXMI\norsvWEMvDkTMYSoOKobzNjz39vvdZFwOWoRoQVDYiC1bM2d+ANikFYk7sSkB7Qlt\nbFOfoeH/AkEAxWH1iKwdxgRo4EzrlUsx/da8Ko3lRHc/5xJiF4Oh4Sv2mz5ilLEd\n/VvalyMvVtNCIuEVbGbmxHBCuLiU+7pWtQJAWHpFHz+ET+8xKITn2tfY5vPJj+ck\nyDkkPOOfDFMBDYiWxrKqxbiagAHutO2mKWy7qeMmz0DUnJxhJa43NP6PFwJAJ3de\n0OUZTu6yyaaXtFJEvKyjEx8sKHRvopRaaLk5NPzFYmUm8PQ5Ot+S5YVzgbjcEH1Q\n+0vX+I85yBWgNHUdwQJAXfJJFfFMzoko9oTdirZEj60ssgDEBXLcMX2Au7l2zTas\nfpxCBmAx037glS0BfLAacC4w90G0MhUCf5/VKk45RQ==\n-----END RSA PRIVATE KEY-----", 
            "poll": 27
        }
    }, 
    {
        "pk": 27, 
        "model": "ticket_create.privatekey", 
        "fields": {
            "private_key": "-----BEGIN RSA PRIVATE KEY-----\nMIICXAIBAAKBgQCgke7nfLTQ9ItwTCkCkHJXWdisIZs4odg/KekwxPoVQtc5nSiy\nDunlGeEW0T1f5pqbseFFWE/oSS5yhZWN74zgNiiGvmBH5/yVlmuCQ9NNHWwYrL9o\nRxL+R6her5HkThBiFJyJZAndCjowYsYbpxX5MmfXhym9D6vwMMVJsgJpyQIDAQAB\nAoGAIXNldto2/RUE+4cSQBOBjosMJYf2w0yMNVRw3RUcGFPNbJY+BSIwPecvSkaa\n56Ct8uOSz5R/SR/9yiPkLSaLjVGgQNzTU+K1aWCgQCnXC97YoMfytjUx4SMBF8TB\ngbIdUWxX3WQOSV6uvjVQDkXf2A/CnUADYNJpZOpl3y7xLAECQQDMyr9tdxEwkR6K\n+LgGjU+Dc8D5v4eMOFT9sw51eevAcB/n+UjAyuifYEwAfxbXGUxxnpWRkhZ67hfM\n1nLBgrpJAkEAyLhtiZJBKOkl0SkCyf3c8K5906wd268/bQ4H3yrhtBoIWrPCBG+C\nrXz3hu37C3YV0b4eo/W5j3f5lSNeE9YzgQJBAJ1gNUlu1bPn4XvUdL78Ox1+h86l\nRAoahB3OSw82GVhyEeLXa/RUOf24J8+92pSD6X3q62/JvyLK81lDdz6EMpkCQBji\nbIoavMNSrGKTAAqE06hvKaBdfVIoFufxTl6HlXXbqF9+W7ZrELtre9CZnn8cQ7Y+\nKNRQ+ZFk4Wdw/A/fhYECQBejWRbRrqHivTbUpx5hY+OeJyrGkkYRABslb34hKLwN\neCM/gwrhi9yOMFNby3M5MI/lg8xgM/+FPozeJE3QSyg=\n-----END RSA PRIVATE KEY-----", 
            "poll": 28
        }
    }, 
    {
        "pk": 28, 
        "model": "ticket_create.privatekey", 
        "fields": {
            "private_key": "-----BEGIN RSA PRIVATE KEY-----\nMIICXQIBAAKBgQDCioZox09WBcC5X29mkrbRK0+eQwhSLoeMKnTbDllUC+MLkSpr\nC7QTL/vNliaB/GiTgMnMd4D65XQqhgSG02BgZrQH11QmZj/Y7qo65aj2k2ayJK5L\n9686gsRMS86uNuUMoakQ5MdbZV8o8/THloDeO0j+9tHqwBZJxO18f9M5eQIDAQAB\nAoGBAJCwhM1TR798Id39jBZnEk+5/cqAoqS09J2cSjNOlcO7348P1dOt7a3Dp209\nusA84e6q/+vyCd0RYXfrG1zHw8pCN4Z/MLYlAK9SLDnX3akNxftstIDmWnGFeCEl\nogQUJQ4TNNiE7EwnUZg1vKNJ3rtzfoWyf7xWXsL9Na2l4CMtAkEA8ZGCu2ymm/15\nImkJxHe6syuvN4YOj7xbBb8plF1c5yIswWdbWNrYBQt/zkHSIrHBeD/QbpuqlpKJ\njkSVR+1qpwJBAM4pyk+y40U4iRMJ6gWYcSvZYVq5vTW4wS8/7yXoahBGHyq7II7b\nAKOsy6bCFaOybeY9iybQ3b5jatuJ6AuWXt8CQEOAXqCSzsed/6Be64zLzA7O8So5\nuo3tmx2y+iJsKE6p3Qm6IOtmU6CtQuxWtipds2svocWWmAd1MRzhCznLHNcCQQC1\nywgJK1dZLLdCwJVKBdiVsAQ2+l4sRxSi05/QL5eHbi4Bgiz9i4SOz8ps6+wlAywB\nwPc5bSh7wDL0EDE8NobFAkAJ4VF5cZeEjX2MSHI3g/rSJILBSfE/u6JIVcOETJ4N\nXYOJasqoPjwFQpIyczyRxkfyjO4SxqQBwaCiY9glW/d9\n-----END RSA PRIVATE KEY-----", 
            "poll": 29
        }
    }, 
    {
        "pk": 29, 
        "model": "ticket_create.privatekey", 
        "fields": {
            "private_key": "-----BEGIN RSA PRIVATE KEY-----\nMIICXAIBAAKBgQC1fCldb77JkyzkZ6jLNnRDxMaOUqWvsWv4yrXmFJICQ75SLEMz\no8FpJ3L9xmSxmNK32zL0ORMr+yFu4r1M28gwrXsSuH82cLRMG1Zdg51DtWgLcSya\neBN9iJF/QcvJelDWcB7mDhUSj7oRA5skRoguJ1Pmk3VmpaRCo+jxsCkvxQIDAQAB\nAoGAe+K61faO9UkLLwt31OhiK1Sq+cJ/KdTiUJ4H13yZQwR9adifMyQIxkBQpd2F\nJRqeVTVDriU76hzu8KPE9y9ckn+BPeEdaIIugMWugtC+qggwpBaiLPyM3ywZiu+3\nUwNGpvYd8Q9vEJoEWx3Q7ksKtTYO9CMG88S3qnc1jWNByWECQQDgu4WDGcArr1Sp\n1jB/i96sDUHgfwNq2QQHbPbMsxIokFB8QaAIoohTP475Evs6jaaTzzeA4yUW/1dl\ncjIPeyopAkEAzrxCUYC2wcWb8qtWKHKis4QLNc5ReDyiL0fYaIpOUpJ/RqToU87u\nvLL4LvXA+wjoiuHh5Idm6KSACWxnpduEPQJAYrP5v8rfjFBFbxKT2nEkK4znEiK2\n7YbDLj+9ZcqAfzBjKS/pieFY3rdbpCmiDeWI9AJe7kzVTXR4fiXZttLxgQJAZoIS\noDciZ5KEcR9j6UpuQnUG2fcjjmsCQE9vjuaFT4w0b+L1EBlbZ1WWmjJhLhiMtdCr\nIZXCATkQA5wtCKCAQQJBAN14Vs9fY8jVZQkXmNakGnTtj/MjnaFBPFy9jtyqQA5H\nWvGH53CszFk9LAUGwjMkTAoWzUqZ9D8xbMY8LFIu50w=\n-----END RSA PRIVATE KEY-----", 
            "poll": 30
        }
    }, 
    {
        "pk": 30, 
        "model": "ticket_create.privatekey", 
        "fields": {
            "private_key": "-----BEGIN RSA PRIVATE KEY-----\nMIICXgIBAAKBgQC8WeApQBYkM8Js+kKUnDyWV9CcLjDu4fQzjOmDbofvwCi82hcp\nKmLxyeblYU+wkXmbyeVoAsPckTcBF1jt1m4C4qjiNfnKg0SgyWoaSoKt0AeT0Qw9\neFf4DEor1uJB9iWjXUVyUloCcLgQltt1A/sNTQS0bVxqRGtylkXoZj3hewIDAQAB\nAoGBAKv8mX6xQUaPaNLf9loDDCPwTdG/L/mBo95KppPYIxKecdR4hLuXM8A7L7Z2\nlDDTtaq2wd6m37gRdZtueUq8CbjRn1eUzlZmfYETPta36wgRY/WJN53t9poWglyP\niC2fLc+t+u0YLvIIm3Ak7i7kdAxOWacW+OsJpzyNI1cwPR+BAkEA4TO/ih8YCuQw\nun+ZeNgw1TF/S+2xOqHgc9YYMN0BuaQCQt70tUlA8VTo8bZiwuGaoCGKeMhk1n1f\nGhXeasSAuwJBANYb++RRb9SYTvYm4HXN5E9LPy2VyLOs4J/h1EkJvfT1EWbyH751\nUIi4N4b3plWAMuux8OG79Hpj5WTSi4JZdkECQQDR9JjigNK9dLkpZsUCsSv110vC\n0julWj4UQMoU5DcziADDr3GdgkoVtP/oOg4heovaNusOaGX6wq/jdfgCumj5AkEA\nrktdhIGezaunK85+Dqgq4TnaFlvGZC2pNb36t/JMRmpxXiJgIQUTKBj+asqTBysz\nSJc0Bi6hWDiV9rtGgjgdgQJAY6Hz9mXTEutKZDOsBenI0fS6r3Aa6ODfzyfjcntt\nJm7RJaH4m+pFz3xGX8bGcnpiImWo6Fvu5AMl7dcfw7I6gQ==\n-----END RSA PRIVATE KEY-----", 
            "poll": 31
        }
    }, 
    {
        "pk": 31, 
        "model": "ticket_create.privatekey", 
        "fields": {
            "private_key": "-----BEGIN RSA PRIVATE KEY-----\nMIICXgIBAAKBgQDm2ZEl8diosKaYotf88wW8aFGGF+1qqnfmYIEoMvX3JNViWMCc\ndKGlPSH8DfOLuF4RHN7o+O6QUvADnG3LtaPeI0uv43tmO07l6oMyu2ifoXfop9Hu\nOpcE/0//Vr0Abk7R9Jkv4DgTEhD9yjWan3GlhHkizs42jn/6uOGaGMMRawIDAQAB\nAoGBAJdk8BAWf6SB1YAcq9Gz/3sEXxK19noRufhYKdwXL8AZY+fPlOIGi0w2v2by\nL1reWrKWYIohVzNHcSitGkSSpxf06XXW5gA5arER7EgVkFSJ9ToOy8heV4OwboLn\nY9kpQQx/RISYeQ5sj7fN7c0CNR/XGchJtAYzacjZkURYbw5BAkEA8xp75qS7GQ+i\nazv5Y0FD78wNAeO+PojqbCvz4AqyXDPSg8pp3hLNE/FJldHiOWL48CkIDmi5mvtL\nEEgIdBQnkwJBAPMYq7TRANwWvwzWqZ7pYHIGLbmroBGX95mVkzUW/Hy7r+9D06Fh\n3faCykG+7cpfMMh65dzv3U2Tt9u3PldBZckCQQCXMgmNUTbsR0UE3LAmgxj1szsD\nydkwm4bw8AUleoGjxrdPMDzX2Wmi1Zamj3rbpiqdc2eHTqrhMRlmbuaTC1XxAkAf\n2CZ+DDbpnc0vGFul5nps1WReAx53z4luxApBlR5EFK4KUL9DT7es2Bs4m5M4xFl2\nmarM01sRE32tOYbgFUAJAkEA1YFKNoQCPZhJcIjvE7aQhSi2nP+0cvFiaxvT2Q6K\ne/FOxOWgunS1XknfXN29eLT5GcYGfejV0B9q0WS1B6i4vg==\n-----END RSA PRIVATE KEY-----", 
            "poll": 32
        }
    }, 
    {
        "pk": 32, 
        "model": "ticket_create.privatekey", 
        "fields": {
            "private_key": "-----BEGIN RSA PRIVATE KEY-----\nMIICXgIBAAKBgQDoJiFnpHcNBPXr7YVdgKU1rssJeMxRLjopYHt9WMuaQsLq9NIZ\nDSfenRpp8+R/CAJq8s3n421DZXjsq4d0x0IyxnN57ONGHtVCyoqQc8DxVABW/IUD\nwf1Z6dgW0k+kosZhUrcv/aXZkYB0f66hj/3PjIxzDUMh1IyObMrddlzIiwIDAQAB\nAoGBAIXpWOOcL0BHWERbos6o4qPwzBYOpG0/qTUs/o7zpZ66XA2EY50nxZPYM+Bi\nW7AbQqnGnZfhzKlP401CNMTcHAZsl/dznaepHrLSNTWOb/9AtnPJUHDuDJ6yu0sX\nkPVWBNJeZOcFhJeo1Z2YPg68aZAEzTtPWwGmSvYgFUUMJPIhAkEA/S12f7pyVXVG\nbcPFxN3ERm+z55n6+UZCvENLJyPS4aXbdyrlL003Un9ErN/zBkgFpz2ZUEdA6LIg\nufHXpObstQJBAOq8p4zDOoJWLkAsIEfdXi8kND4ygH34sL015a4Rs4g6xIPtHnK2\nl0Qkfe4WHgnpRz0dqN6AhGj9zSjzlmZDaD8CQQCdZyt6I8e7m8rqqUGGsL27cO0v\nu4rOecE53LiXn+0W/w/gGdodO2t+rcNbm2wzZomlPWXZBEO1qDEyicohKrTVAkBy\nzG6YrcXIhkM6SRpEayOrpGYUYPhsIxq0fk5kce2+WxdOecGhUmDqB3q63IA2Uqrv\nXbj/kBSxkCYst+w++QpbAkEAhMORRgnWUP/4+ntpX/Ki0zRiA12yhM9t/SB/LXJK\nbWxSF93K13jYAI0fhpnv/DqfRogVJx2P+CkWkMCMhsbTEA==\n-----END RSA PRIVATE KEY-----", 
            "poll": 33
        }
    }, 
    {
        "pk": 33, 
        "model": "ticket_create.privatekey", 
        "fields": {
            "private_key": "-----BEGIN RSA PRIVATE KEY-----\nMIICWwIBAAKBgQC2muP0p2x0/0rPg9yY0G8q7hf1w8x8nUt6Ueyburue3uX80hr3\nfCITpvfMP4voygPPKxjSas0nmRfxFgjy3HgajWUwqnyx+zw/ha5vflzdORPH5YET\nEQ0LGFWJvGgrWCTNE092IKN9Utomjf4QkqcVDT6g5TO49cJ2Q39LuMYw1wIDAQAB\nAoGAMqhTlvqfXvG3ykvVddtVC77TjM2NvABTARMbJbSu+gryGKoc6w1X0sXeNp5m\nbOUmG2HkV/NjCJozByHKx70b4CGH7txMfDSwV2VrbTkW2Qnc4FK13UJ8Fe9AXZsx\nne/nc2DGbmMVFoPr+aKCidbll1Y3T+Dcnb2fvJvPJxOEEIECQQDpv6D1Mj72ABde\nXpE21SKmlHuqlL2WjwvfHvMjOQJ6tnnhiStorYbfsi/3yedVORuf9Og5wcc0a0db\nkeJyQPCXAkEAx/zpf0Iw4ZpwiAjLVW1BYmKK4Xdd0sl2mCebxa0GSif5Yo11zFCQ\nKwACNePIrtQ15FEHI31XV/fsqbj2ZXCJwQJAU+qf9mcbg2V0/kQlDfJmhjc4Tn0n\nsy2XrXqG/1YwNa3dA8Mi+mmRyi1GW0b47feam0ppNJME2STKcW1mRm5Z8QJAJlL6\nMA/wLBubewYsaReB0yfNM33bdfxzhJ76g/wvW2CjstYm/9tkdUkQI2GeYJp8JV+9\nvXhUl6AEM1YlqbTSQQJAIbgMI4AHvg1bZF379IX6K0lvp5GUvGLUYikPytkUVG6v\nVc6NyYOTP01kmPQHQgyd++VddZBSC4r3RE50+f+TzA==\n-----END RSA PRIVATE KEY-----", 
            "poll": 35
        }
    }, 
    {
        "pk": 34, 
        "model": "ticket_create.privatekey", 
        "fields": {
            "private_key": "-----BEGIN RSA PRIVATE KEY-----\nMIICXQIBAAKBgQC4Dxiap1TnCFy6UW1gvxgWtf0JbhDuykEccta3kx5WLiE9jfUi\nThq0S2+LS07iwzjgJzyMwQIG8DcI2JsoKFkPfvc/Kp/kqIj7o9K1LDvWCmv4zZ+i\nxXI/RTsxsuPEwa3LQS0ck7R9QU39EPz65n9T9MWTkaCvVthcK53Wq6Mu4QIDAQAB\nAoGBAImEVeiunsOivs1CK0t+WvwU6sJR5vrSSEV+E6jClYbkHlfEKWOBIXiVZ/iV\nwpGwNF1dU2MCjYYrkaLdW0dspeSmpTTc2eG+voScEEspKkJfd+c6ZaDNCTUl0Uq5\n0V5oSy3Iweo9Wg4RsfJCSbrUc48TfziKvuxli3lkQGIUK9txAkEA2a9miLA/CGqh\n3Eu6M7v8ySxbQK9RxwYFUdU7LZTvXrL21veUZwwpeAzrt/KTDEtfRVDR2nFH43NE\nllIlvuGShQJBANh0i31kZTSKjrJKbQb5YukD+onFbElz9TxwhBMHZ4Rr89I3Oyqh\n9lvtO8IIrgOhHk0/YFcOfd9GVbYsAvaV760CQDzJs0tGVEPIayy2ZOfffga7gTv9\n+UsnjkK81cqzxWhfd3iuKF3iUo44pXZ3ocKUJaWYnRFwAtAsNyH3DJ1SJnUCQQCA\nV+JZsEyd8cYYiy7IYti2B2jnhcrmZr4zXxfA3LQRfZztuVf4uF4GNc0oCNN9TWxV\nK03pcKtL1z19Le133oFlAkAVXOksJ3KRnSHNT1XqLPDo5hUZavPv/6lTCMshfoBM\nL6CnOM7liBHNmUA6MCGPJ/cI4NPWWU63bW2QV8MpQ2J2\n-----END RSA PRIVATE KEY-----", 
            "poll": 36
        }
    }, 
    {
        "pk": 35, 
        "model": "ticket_create.privatekey", 
        "fields": {
            "private_key": "-----BEGIN RSA PRIVATE KEY-----\nMIICXAIBAAKBgQDhuI2Zq9M3tdTQd+JKzc9m5aDiwNeT/Kx+WuuzDUL7iJyyJR5M\n4+h1SBoJPds4j9n67CKJEYhGk/3c+Xj7tuTDeBpYQiy7sXsZIflvzDaFDUjCU6wG\nvLzw1L+fR+qrvOo8Cts1PTiQjUbfvPkM/mw8yPgEazXv4cUlnadvB1bNVwIDAQAB\nAoGAZ0Uog8Y5PKPUWgx/W/oNieZFVXklKG/R+31dmO3YV3yJNHgHBObA0+fJAbFr\nOtWVxVeD9XIwBxpua0s4LvHedzPldbP+JSySZ29vTl810BCW9++AMwDWOvGM/Pt/\n11NYLlXre5pTHqlGezl/gi0YpbD8saoFRdUxVXHEwDez/gECQQDxSd14Tx9DPYpE\n4lfK0lcESVlWrUr+yxqubPO7p4rRGysXZPlqFkeSDQDeK3MUky6UBxe/NtAixWyb\nZBuMLYufAkEA73uzrDBz51hvbbLX8yYHuxJ2UggATzb+yrqj01MWYBCfco7yR/Fw\noL+0y7klsMpqMnY6wNaNn+2ZkBwaaPTjSQJAZbBfqiiOYGQ7NbS+kzf6fE/9Ws5F\n4QPwBrrcLaX6lw4AJyfjBZbGKwNX7koZgf5VjwU+ONP8++qATyztfzJiuQJAcHi9\nQmIjHQSomHGFADndKZubHB2L36gpc5bCOA5ulMFZ0RiXavhWd/hw9bjHnccCpx5l\nq4lYTELvewHn2WEhmQJBAKrqeYpPaIwP6x+XJfaXe/fSmhpKiDqDNhdae+/S8J4S\nciQbFOoMdfOwe+EV8/IucmYNehNvMHkbe6KTrGBwKDA=\n-----END RSA PRIVATE KEY-----", 
            "poll": 37
        }
    }, 
    {
        "pk": 36, 
        "model": "ticket_create.privatekey", 
        "fields": {
            "private_key": "-----BEGIN RSA PRIVATE KEY-----\nMIICXQIBAAKBgQCxTML+AnRaGk0lOeb+7h1ibvMb1QrETF3nivh1ob19Hy0o/OMZ\nJNSY5gmOOrMOhxX8WcA2LAFvAY1cfRlR+4MVFLVL3w1zbGrhwZxbexut+PvThozz\nJvliU7Xhqsa5ZndzW7HAyYLsgVOo6PcTuvTkHbdOBtDUj0u/m1W36cdJSQIDAQAB\nAoGBAKUzmijmDpX6FdHO7u6w3g5exQU079BSO9lIQxQQPah9SS383HoMOE+zYEn3\nZenucszsr82KGVfegWIhaltaWBraXSGkAbG5X+MgYuQ5i0l7UcMz/Z+eI0xN+D6Q\nPk8SiUQLSIWpQvhvNn0jX0FYJGqJRxLaq0efx9M368BkXeOBAkEA2CMSVJwMyuxr\nIQ5ACJlNktRzRvkVUSvNJsNPdLymC5lEW0P3y1RyFYQi62IZDR7UJHTcrk+JuVSR\nEYYQqlCWOQJBANH//ZQSOJl/Lq7Ilitl61+4zIOsUUHfEAQRCtqOeEi8KCYz77rw\neMs0qPm6RT/LcdwiJjaVv9IF4CpKb0sby5ECQG0+hNRZL6odhyRlFH6EJg5x7XZR\nDbJCZmYSUAXcGD1Ckadjmkqeey9e41t/8NON4oIuwyAjuaQAF3b5AVFkfBkCQBPG\nEf+OU6wIcMHee11sxGQIB6HiaOhV87EeVbJMtgDLTtCCFXG50PX5aGvTYU/nfToo\nMQb0xNIm4Xu59I7S+DECQQDPov5y5F2O7X09GBum6kdlMnQQePAlYsKLLXvnQ2uM\nVzIMMlQhcVsQ/jFnRbfcwWsYB+QM/fX/Md5rGXxciwZa\n-----END RSA PRIVATE KEY-----", 
            "poll": 43
        }
    }, 
    {
        "pk": 37, 
        "model": "ticket_create.privatekey", 
        "fields": {
            "private_key": "-----BEGIN RSA PRIVATE KEY-----\nMIICXAIBAAKBgQCtHoeV+nH0eMgvvjIr4RMUUNN3iqREfNmJc3eT/VPjAx+05HnU\nyFKeLKJUgykyxtwXaASQcJobaIX6Jb851J2HP+kPUrQTLvUL4uAvOzBqBMasu4BY\nhPQdzhEXftzPw8nNZE0cmY95Awp9z0fqhaHhsWKJ/3Pv8nNL7QDJhbEpHQIDAQAB\nAoGAEOXi/Cu3BdLoT2i0Qv40O45sJcX9pMW/AiCoMmTO1GDQrnqCvddT4SagLbmj\nwtYQU6SOlX64PCamtTUMBlwPiCQBkPnqI7mKoOlXIwN7zzVTnt4VtbLGR+e4xlC/\n4NpQyvNqsTg07L0G/VZC9AY4WpqihpAZxWIjw/3s0OCBtMECQQDZR3PTuGBF1Ydw\nMBk+mOOTWoSYPkYk5sCfI0iq55jLUlBCdg2Mu9LuTkiPf/Pp4yxoj4rD0+DUU/IX\nkKv/g2RRAkEAy/hy5dOnjt3eVNT4EV5kBX+tnLEh7FGb2kMWHtNBNSY9dDaEoRcp\nn+QsEyYJNc1ScEcLIijxoJ4gBN4swiTBDQJAZFU5aEAQvM6wfx7G2YASPr4i0oaX\nL30a36GUcc8GYIU/KKGI+j7VVVPy78jfIlbT7+iw5GLXxFSLS1R0CEZtMQJAYQwv\nLubLnJA4Dsjd1vXARVWAd0NYTqZtryWoSrZdGjq9lqOx6yuoJGleByZbz3uHs+A5\njeFJRhC2T1qelSkDqQJBAIZ4pGMFncLA+f747kdkxZeWwKT+P2UODjETyKOJiStv\nU/O0P7LjR5aPbcv76tldPU3OlNHu/AtfEtm5Tmr807M=\n-----END RSA PRIVATE KEY-----", 
            "poll": 44
        }
    }, 
    {
        "pk": 38, 
        "model": "ticket_create.privatekey", 
        "fields": {
            "private_key": "-----BEGIN RSA PRIVATE KEY-----\nMIICXQIBAAKBgQDEzY5AEKqrTZWdZH1VJ+ZGYt/6CJcX7bEbH5+NYcqyBHvtYFfi\nuNiIJLsHaQucZdUOqF3HEKdHay7hUuBpoVJv2wcJXhWN8SXx7ilnr5Jjwm2KO6y0\nVkpni8hw155egjhC4mcS9msUcwkIxhHPGJdMj6GNcn9pJwMTrVuobAX6FwIDAQAB\nAoGBAIsaBzt9DES8N83hozy3UOnbJRhjTfhZxt63AV07C7u7s6RafoP/xvyjiZZ5\nRv2qdGdB1dbIDJRMS/xzSa8fmVW7iQ6Qw4MNDI88US8LzLryoqNWTdMQYKRKilML\ncCxWBANBOxOYPBJNrvUvLxskRom2lLbDhCwd7mzuhOm7tN+xAkEA9+wubjt4mw0c\nURlmoHZ1k2+XM3uSI78+myljxVM1MTpcx7kVn+lXlQA0Qj9G9Bns/8MFEgVqogGZ\nC8pK0FU9kwJBAMs3Ab7GnrNgPyeFnLxpTDcpmRlcqf6HjYyna6dhsyh4JlZ2veh/\nW77TISrJ0fgoXT7nOVt0CeSAUbfwqe0Xw+0CQQDG41rwJZeAU4k26jixW7bA+1GC\nBIzdTovL7+1RHIpcnqRVuP5HFeuj5dEGoDqskqvVFj9YEK5VnxCHK9bOwMMvAkA3\nMly1/esTW9wrlv4oqw05moHsQqAl85m+D6eNEluAbYo0SBJzOUypO12x6pmupwAU\n2udYcN9TAouvw53UOXVNAkAz6dRBCPp5CFgXZKqz4SidJn56CO8bBS/YjG4b4Pcz\nCzowgNXAgpg6uXEIz3pqoTL81BaWW33a31++80yvWlSb\n-----END RSA PRIVATE KEY-----", 
            "poll": 45
        }
    }, 
    {
        "pk": 39, 
        "model": "ticket_create.privatekey", 
        "fields": {
            "private_key": "-----BEGIN RSA PRIVATE KEY-----\nMIICXQIBAAKBgQC9qx+9SIVm4YBmauVPPthgXQG/dDftxPBAc5gqAzeDh1HGKkvn\nmQdCgrsk8++5d2lUYXpcExiQ7RKat84OVxleLJK9hAqexet+08v5EoE55dZbYqSc\nzr0yulEaN2JKKNiQ5V3BrAulOQaVStWSyM+2oAXoO2dbQp63jL4dYyWKkQIDAQAB\nAoGAMQRNkpRwbXMvxMgxdPZv4w+GSR1W6urvkCiPlaP5L9PD7Wu27CafOrAgf19P\nf+X9YaJDhhIlUicCnNuNtCUMV9huj8TAdYIVvSjCjib1wv//ZY7DQmzNAa0HFxGi\nL7uF+H2tlTdaGCOG0R5sCV55v/oGe8SGcs62s6ddFhtOBvECQQD57E67Z1RPN/b5\ns10fophfWbNpl2j/Kf5LJETK8vq40rWYbF0UjrqZzl+CgMMNi2iMEyNkEv+lBr/f\noYv8jJU9AkEAwkfAGMnUbHb994OQJr69P+UH46L48+eRkkZ7azyjzEIS7bAorXHz\naM6MMMHiHlfAPmJCUwqMDmNRI9PUCULn5QJBANRHxbAkWlZXYO5DTYv7XZVP6bZ8\npvBlSNumWNBRhmjKgPiQwpcdjJ3rzvBYUlUE3q5r6xmrkX0ouH1JCFBhULkCQCB1\n6Iy7vDhbMVfXrZArsmcol0bbhgkKmfH8wMZMHXoVWCBKnKFONsM+L4I+As/bDY3e\n0QIa8we8ZGQ+EmFxwlkCQQCRGzVbEG1zxtw0H89FUacKYXdt9WE/1tDRqgxHm5zP\nuIqBrG+StV9HcBBwlnCOPse7QPEXIpw/0dd1ldx1/U+v\n-----END RSA PRIVATE KEY-----", 
            "poll": 46
        }
    }, 
    {
        "pk": 40, 
        "model": "ticket_create.privatekey", 
        "fields": {
            "private_key": "-----BEGIN RSA PRIVATE KEY-----\nMIICWwIBAAKBgQCsQnB0PqeFoorYhwmGriwxvLAeTpjP88UAjy7Lvg/r453akoCU\nDbRD8NWw1vQmUpmAz1b0gV6ICrxo534VbgNlCnynE0TlEE8ofcG/nFC4+0bw7FR3\nwCFGn00svnB6+QRdcnEGaFE1vvxfZZSxUHx9VzXL5MOunDZf7vwlpS2P1QIDAQAB\nAoGARQknel710mfPD3InDjPVgGVni+3h7k164XuAvKTCSr5hMAzQvQU0/pmReprb\nJFSsMmRmK/2A/jKXSc+kxz/c2cRjtYldrcWLYFHMe6rsZdqUhjDsLMB24r+GVGwz\nB9iMJI82jc9Edblspm6fUvtDlgUVS5GDohqXYYZfzJvqoa0CQQDTkoIiW2BvKGnd\nAJUsxjiblrEOFhXn7TJdezLepXOL3IA3ZrsqjaptHki1cfB1tKgt1TMVLb8n2C9+\nwEQchUEDAkEA0G6YLUgmBldfcFqTdqBWJBy+VCM2FbqVQwwsv1TvqvNbaMzmBboP\nhtP7il6GTz1d36Y9xIziYcQrQWg1q8rYRwJAKN+T/nkyvybKlOSI7TZ6Nyy8leEU\naFL9uOuVH0hNc0atCobxP75Qn3YLS+pwLv0wxHH8xWmqFVOBkXYpcm0X6wJANAPV\ngD9oFd8KFzzTXiBHPv3ZVZ/v6F5Gz5OjOyBUK0JOBopTwQwcwdX3CSHrvKyg16Zh\n9cH+4M0WylzaQAQAEwJABuW+fIDdVEs/FqjZzAojpX0QE+MWr34DijmtMBSvhlj9\nfRbQqbLRwuk8KsnGNgHsMgysl8tcTlFDYq2P3JonRQ==\n-----END RSA PRIVATE KEY-----", 
            "poll": 47
        }
    }, 
    {
        "pk": 41, 
        "model": "ticket_create.privatekey", 
        "fields": {
            "private_key": "-----BEGIN RSA PRIVATE KEY-----\nMIICXQIBAAKBgQC2qdD97fv2zJ4vTtptWH9+NWaliYT2PnVndVmBKwt2XN1dfrR9\naudd1mKnEmic9sMIq8EUvb2lQXAdjKrax7swoyJGmMyn4HjVr+1wGRof/H5Hkaw/\nl8J6pWVgmmmLZZ38dSfhiCah1Mq2FCIRugjUXCzHIJ2CrWnp/kRwnZcjRQIDAQAB\nAoGAMmOwOoyPKGsT7BsFmIqESS20DlBcdI2QV6UAtuhH9jPyARu18K8v+ivs9QfY\nAgz0iozO68jX6yGdKxml/EqC8ZWKLQX5OdQQLbI66dfD1Iu5vS6fAX9w8tBzzfS2\nsC9ICt1p60AqVOAeO8eDerSH+ykcRy1D8WkcZvfYiPYh7GECQQDclwC8FCMok1J9\nGtB9OQtQ3BLjbehaOrI5+KqkWedXGKW99I8upSX7og+SUwL3OPh2bZx8e7YxrWwN\nmGMJ6t45AkEA0/w/h9A9RtQHOKXnqPB/JXZ+tFRmhuMuvBJZfRF7rDCozy0x8z9l\n7A+aSl5TggxXTRvs1sCqTNc9PT4d77qtbQJAbYacWsY03sSnRG637jUQpUlgJ4Q+\nxe426AnL0GbDMr+OK87t+N8PCO3ihWiqJE4pL8Qk2roiMHBHIkjzg80WIQJBAIoF\n8JuOQ4eNYBJLO1WtGSwcRg1F8ueangBIdknPi1Wm7RLP23kE62jTE+OeHQNM477K\nEuAU3A1iC3aHrlg7lNUCQQCRAmdVDLWzC7CLbyLfcnpAJJBjOqAHBLrxn2al47QK\nBUI3M2bE6EU28xORzn+kV1wRNsfbGZp0SndbsdRLPi4Y\n-----END RSA PRIVATE KEY-----", 
            "poll": 48
        }
    }, 
    {
        "pk": 42, 
        "model": "ticket_create.privatekey", 
        "fields": {
            "private_key": "-----BEGIN RSA PRIVATE KEY-----\nMIICWwIBAAKBgQCmJrmZUsnmr04SfbAUxIWJ9q5nEKMiwbKTIEn1GzXwpYIIWy0H\nt8Kqj9DnCD7uPg0qu9qdjZQ2ujE1x0Kg4Srb+YviAFXT8GB+o4YTNyc0zHjVWkTN\n8k2Fe1aEtNHmZ55J/8TEyYZHkpm0PzC5Gszzq6UnGvkoaZ3l3rH8xrXEsQIDAQAB\nAoGAO1Wg+iwihgscqmXQN9pmhfpeFdhPKd5aU0g4oRtyi9nPMgS9dAAfuKFbTOYY\n8yOduCEV1SX2RAUCBd5+4M0IbKqypsLgG3OHeP/p8wuX2pRjcH40wvQtDnlhVKHU\numu93ufXz5Iuvb+9IoZxg5Qks63VRl0Yvjt78/FA9ENK2UECQQDVQItwy1Li2yEY\ngEEUu0YJ2oDrGOW3Ai13vMC/8awgvd2MoMlhC7VKqfx2C2GnQqJYFcQC5zp4qBxx\nDODMQrVdAkEAx3UbQidr4VeMzaBpjCQyiALHDLaMYiWkr9C9wLUKXKmdnBBX4W5d\ncZoGPWXPzFsyikjxOOULx0h8laAmCfKjZQJABDa9SqJJ5f+sfL50CsPUk3dE2uBo\nEaCyY05QhLpyy0bVLOU0dX10vJ/1RCPfbx2q9ZCgieolxqKTxUwa2Q5sZQJAOT2q\nbPnTRABUME7w+38H4XCqn0NkVmZnNO27ByrtplonGTq3fcKmnouNbuFhGUyy3GzC\njYluL+rllis3v3Ma4QJALNeUyEyqWUp0iDV7DLVPwuKq/E5oELUXWOz/mtpbL4Kh\nLH4iQLm18zcNJl1XenVZ1qnbCqMoWBzmfBFaTPhUfQ==\n-----END RSA PRIVATE KEY-----", 
            "poll": 49
        }
    }, 
    {
        "pk": 43, 
        "model": "ticket_create.privatekey", 
        "fields": {
            "private_key": "-----BEGIN RSA PRIVATE KEY-----\nMIICXQIBAAKBgQDQ05P/FP9GeUCFBHSywZGxTbNj1iB9wo2Ql41jk5jY5/WFWL9v\nGVkMymdEnow4tfS9PJrBY+SsVr88k9L6gpStnwox/c7GNyxm8P6w+0TP5JoqbVjE\nvJ51hiNWhddsRlFiAY0f69Kvo/jM0FBLNAkZWUo660dDAN7qILoAyfEAgQIDAQAB\nAoGAabVgqnRfkLYaUftic4aHEMCreXNQOTj93l7JRMnXSp2I7HpzVXL4YAApbFPx\n2VdKT2zZTeIaRJ8Y6TpPR15IkfwOdbeDxbgwWNqTzT1GEp/ggPYJS8LTkoTQ65FL\n7lLNBEMil3TgwDVOqPuUTi3zlXdAn16RKS+PDEUpi9sSDNECQQD7odMXFfxI5EXB\nDtZEbq1ck11LuCkx1PaZ/V74wNPP2/womHcDZG+LcKrku+DFMDBGqAUCSLKZ+914\nj4VYkJodAkEA1HOJ2Dnm7CyyVJQJCWUAdnRq6NyXOEkoTsd5PkYz2Oujv9LdL0SY\nX7gK//r40Zdog7xnYVDrCUJKKit6PfYStQJBALFVSBha7CLKjMYTmLk9bntxdyxn\nqtBtjyTSxN11t1Ajbj+Fw0nmvB1+11C/fxY4ca05t932MbgHIftW2diif5kCQGhW\nXepddXWj9ejn0xBUFEgYoLDANVwlQbB+8qKM48Wy5Ha+3nXqYFMSFgTlgvGcRG3+\nR19Z2DRx4+6V77EieskCQQCMZKGzzbG66cTQN/fVAtgdFeaR15bYkPrnVDGFsGQc\nnjVyaO55SGBQPa5vp8GsYU+OHNNvp+BpldpchIH4BzdN\n-----END RSA PRIVATE KEY-----", 
            "poll": 50
        }
    }, 
    {
        "pk": 44, 
        "model": "ticket_create.privatekey", 
        "fields": {
            "private_key": "-----BEGIN RSA PRIVATE KEY-----\nMIICXQIBAAKBgQDlrInjHIUBHKZk+zccDrq0Sog6mwbDDAIUJBRHCbBxBE3PmpG1\nmZxpA8wnmMCbUQg2wica082VPAU2LSMO2hLqQTD44LOIIhSne08cbmMxGJiakDq+\nUaIv1yGy9LZC/mNe2jZRDHZyUJ48eBL12iisXclST4WRNio7yozDrmRRmwIDAQAB\nAoGBAIptb74e1ltRNUjv0MtsZUN9GJaaEX1Fo4sYI9CdGmdDvNI/y0q1BvyUeVv0\nSUJTmKvIYWFd/y7POiTpF5RAA91ggi580sxhU88c4S0GGZ0KOFY3+ZKC9xBqHfcl\n83rAjuUFA8NW6cq8BIaJIiNoO9TETEIrU7fuT1jmXHthABshAkEA+KCEOofh8y4P\nm6RSKvJNThDJ0sIxPXbPkgmiR7JneU2uNinNnHRpXyJZH/ZjPo4Py1fKRswfLa9l\ncrqZrCbwLwJBAOx8I0EITo8hLcMY00oqBN8NrzE/wuTFIrfys0xGgPDkZe2kZm/l\nnIsJcVhrF9eSO03eIx1LvVry7C+aklfsDlUCQBonWIGHtb8NA1tOB864umUR4wkm\noGNk0iT8mnOMUtIx17ee4iApJsR5KoLwOjRkYUj0rTSRWF5H6xYMhwnS9sUCQH+E\nlNH9c7cUUgPQwCZOsB/C1kQ9OI95ibYdBffMUL0Uu63AJ4iRDK+gYOEnpkyUyqu7\na73hWHLRaPBmbiFA5Z0CQQCGrbUFwFklPSJqW8ZRH8WpAptIeGzcibWWrWnHEp/f\nEKR9XxF21zKDOO9hGrGKzE90TbqP4urZR11n4ZtM6qlC\n-----END RSA PRIVATE KEY-----", 
            "poll": 51
        }
    }, 
    {
        "pk": 45, 
        "model": "ticket_create.privatekey", 
        "fields": {
            "private_key": "-----BEGIN RSA PRIVATE KEY-----\nMIICXQIBAAKBgQDHKYTjVN3Q9FCPr5A8EuTlv5lU7YgwZx6PROd2oY+jpLseNOH4\nOhf42cROZFmtKSegNX4uhq2nJycwcwtubqPwjPjeL1UZ9/JyKbz3rry08UtLQI/+\nFtBTdIcAa2fkwFdnkSid0nCR7gz0Gv3xw5SW15mXMsRPcs4chLfz15nZ2QIDAQAB\nAoGBAI7dtbntkwDlgTTRV8IAO7qjaraFfgBauI1FfFSZKJTXAnN0s/SAl9mnPS6O\nxdV1hDtkpBN0APW7HF2g6T5al7YeXfrJ0Neor+GNgUZ64LGrw0c2Fy4TjP+7gEF5\nFZc2a3oxPyJoFMv684hDtHVkoBhuCuHGJ0qk773uAnZfiCoBAkEA8rMZCiUGZ+6j\nBx8MVwTePwFN+8Y5T9McpY+R9oXOuNINWD6F+l3JyS/F+r0ZR+Fin22G73wUhUiJ\nLGelnCU90QJBANITn1VZXc7V8k4ZdwypuJ0L9fFOydZqY0MbQcv+P4X+ECkjJCeq\n/ecM3VH0hET0XnbXfH2FQhIq1tvOuW5HtYkCQQC1xDK9qUsp7c0FmVhJl+jHcTex\nmBz2TttGl8cuxbo0K4U5EOKQx0tINVJmXtefQQr28jW8CMbpp5CsxBeBYVbxAkAR\nOEKLQHQMDEV8WWIEy7SyStSyHv80cCwKyCUwj3qthRHWDWddSQre8ZMCsMRW0qEb\npLYzo8SysIhEJEHW5FHhAkB19LwWXbq5tI6PkbU8f/enhQuOH50k/P0YRVGkspkz\ny/XWxaKyco9rXLP84lSrJGiOiITXClCy3dFVqGKgNxSF\n-----END RSA PRIVATE KEY-----", 
            "poll": 52
        }
    }, 
    {
        "pk": 46, 
        "model": "ticket_create.privatekey", 
        "fields": {
            "private_key": "-----BEGIN RSA PRIVATE KEY-----\nMIICXAIBAAKBgQC9q87Tc1vz0a25PeJ99S8k6YCQWraphpzcyhh5EHLw/+6N9sFS\ntubAHmyUURuORsCZFyx6OLH5EOt7ONBQhM7Ht6HwRcJbCPdxWeVvROkT69n+7mEk\nOqMjv/O7S3CBUDKYAb2LRbrXznkTeh25hOq7OT554JllX8UBfgtn/lJ7gwIDAQAB\nAoGABfBPNYezJVs3WUl6wf7fTwSQpfRxK7WvS6p4QbImJy2cRo2nV/OqHfHV7H7t\nofLNLP3wwpLr36SL+vu4agz+fGyFws3SqzgNKNXDrxMbN7Ba3goJ+7MxG9Tp7+FB\nAHcsyLqTxdk+VmNibDic6UmOByYMQfD/GVDxlk5anJ1TZkECQQDwPhQNzL+d+Zyj\nPT0Yrl562VzNzbTIYoazHYPNH+Pt7W6NT0/4fQutHX+x7oEZ2BnGvcY3pM12aAxl\nuqo30AkpAkEAyhyVaK4d0r3YV0dHyCNnpZSLjtuTuoKbTP2KbrwwkwTMtzzGZyrh\nX6J88nXYTDf4RKqfCyI3GGiHURb7qZB4ywJBAK8r9J9jTcy4dtgoDOZ0LfvRhfOi\nLFF4VdNAkBv/RsjzuQpcbGk5dEwUGEn7KDNZ+OGK+n8UMaRGldOPWhI8JJECQHEh\nhtBNhgwMkChqkdeJWd7pQyT3670elmeGFBLf7CCfMyfuMPBWpEiv31iodiZTvfhR\nuSy2Pji/ad8OClhjsfkCQDuwLBqVuXSBFzFzGd6rDCPK+xCapcFGD1ro15YUerIo\nZCGPV1vh8MXMgWeQimkkocpJjDiH1w7bC/av9nGWhNA=\n-----END RSA PRIVATE KEY-----", 
            "poll": 53
        }
    }, 
    {
        "pk": 47, 
        "model": "ticket_create.privatekey", 
        "fields": {
            "private_key": "-----BEGIN RSA PRIVATE KEY-----\nMIICXQIBAAKBgQCg+QJG0k3tlVlijy2wZGzTkqCi2Fx2uqzPPWvvso5EP3slx7Xr\nyJRC8OnWb4aeGi5lDKRaHG57mXZdFkQOfIjRcAPtc1qlnqPZw/UzhWM0G/oNDvd3\nHZrwmGspm3t+C+tWH0eih+zVidPm6LEg4V08bGcyOgUgxBjUGIX+bGKviQIDAQAB\nAoGATQWYn0Z1Xx68/DnCBMqof7uC/ShFZdIAadDb2n83L1SomfUrCLyapEUdviry\n4KdqV5Nq+GruOlm9luDWg4/27m08tVP05Jd1cojnqfaHBCwCby9J47/c4l7KWiW6\n4ils7+GzrNh0Q5hgAbCWZ+qkNaZCcPV26XzwcDZFzWIERtkCQQDOrqgGTn6ANq1b\nZg3zF2Djo560YREn4PZbSRFxEd9ApsKmXHWkc4qNfhmKwZWjuHMRMe1Z4Tk/FLq1\nd13TTKRHAkEAx2ImJzqd2Z8rJflE1lM/mBgInngBEuYPXozBOH6vCZTMkIxbTop8\nRf35xeiupZFSW2tq62hGxp7slAosN28FrwJBALfs46fhGF/eyHzKn+VRS66oP6ZD\nrzGu12064+OcRPFStWu4YhR7obPyoKZDSXgNv5Bwvsi6Tehd+R1d4UgVLycCQFwG\nCOYCP+i5dgjIy+S/95ITRacebCB03pMdE/EnR1J8ww3UOjA96q3DUwztH+567DAV\nm/ua3U+++iI5r77GFzECQQCrJi2MoRo+dj0KPfPKG0QyjGrGEExBZNzp87/rAr0j\nfLL0TP8aOzcP2Z7sS4w8x4XReSDhklczIyz70xeVfv8V\n-----END RSA PRIVATE KEY-----", 
            "poll": 54
        }
    }, 
    {
        "pk": 48, 
        "model": "ticket_create.privatekey", 
        "fields": {
            "private_key": "-----BEGIN RSA PRIVATE KEY-----\nMIICXQIBAAKBgQDHz7+K1uUzAtopUrSHSekvcm6SAoh76eDhmKFxwGg181BSSFpS\nU6OQ2qKsd4rx8/YWl51gdNLlZU78JW2dmSm0SZIrH8LgYvbmATEZWEgl2zJOfJCS\noee/Bw1DDrXGmZxVMkrw0Enudom/oKjamC0ddbBpdqsixrzKIVOYJBaWDQIDAQAB\nAoGAPZPLntkNN4RIgXWohw0DHQkyBDNdpnp0QHIORwUZ2I6MkV8U3sxB2zFV8rrA\nikI588pzyLcYC3QGPHS4bFo4XHjkU0HGQZ7TiN36dkOWYmFH244W/NgOwlx4IBkv\ntn7kFl2+dLr0kT97HTJYAjEzA7+FQ04C7fhlO90qxQrf820CQQDnPi1jvRxq8jWT\nEcgZv95VYM+mHUYWDzfmy6ayYdaRSQLknlNvI/jhNHw5Jd8O/RrDPUZrEPR6mvTA\n/BsVmVx3AkEA3TQce61M9faFshuP/FJik2PyO6EVHgVKiTAMau6alOktMVW7t/Tk\nJ4YN1VbXRQfX+ZufoDplHQDctc1gnjm2mwJAPe5ZGa08Pyg/UPQiM0M/uH4FHugY\nLTBGOHmyW3P4k1CKhdAhaFKqBSaZXnTWGJ2Q3Vk70tDnqS52/niGiHJaYQJBANdq\nPiq7E+2by4stiETCvjim5mjnb7cyk+mRnyYrguJtSZN32D1HAUD0LViLH0ycXNk5\nknPpKjrachWiEetEbO0CQQDbHWuUulN3QPXZOoB56/M6hbswS/mZ/XTHH/fJtK70\ngtYcmmYqz41/KHfG726yZHfFz0YtSuRDIiY/qAvvWl1u\n-----END RSA PRIVATE KEY-----", 
            "poll": 55
        }
    }, 
    {
        "pk": 49, 
        "model": "ticket_create.privatekey", 
        "fields": {
            "private_key": "-----BEGIN RSA PRIVATE KEY-----\nMIICWwIBAAKBgQDKUMyQCi1EMvTuKrwm0fcy9JHAB1uJgvBCpT2eD0lj3cj3p/1O\ngXPU84HBNwqesuB/nl/Ej7TGGZybMWkJMNxaCdxEqHcO9FcT7HOqwSaqBiNMMmzC\nUckDdf/0Xo/B2WCmctpHyxjz/hLBS8wgCUX5fJ77TVvx0HOKGSZG48964wIDAQAB\nAoGAfnOWCAl0VYYL9LidNR5TBXQ7jOyMWByREva41ovzcQn0TGahOmpK/bTdSuie\nKKbhDqLsdKzlblQfwBhX8Dir4DVUfaCQcas+GaRiYAXMQYdsKDfi6T/w1Z4cJCU0\nRPN5KXxGNFW0SR/Qbk03s4lxyB4RuM+6pFexuNh5lI+T7oECQQD5MAg8OgXj9iIQ\n19VbHjknCZ1v2j76lRyzIjZSdOZQ5RgbgJo6uCQjE6ERLugGDMQBHXo1rpJafx6w\nZG52CEgDAkEAz9i6VcbNXm0jfWnIkrdvwtQjZ3HYVMb/OqY7If0e20C9ity6846U\nW5ShX/ZY5C3jH/lOL5eMa0E//C9SNAC7oQJAUL2afYFDdVjEMvbsP8jsNdTsuVha\n/bChCv3z4gXUtrN0ezzRPGN7+g2bK8kqDwPF4qKdfZViAIad+AOiswX95wJAAkFA\nrEOO4NJgSzEFmwngbYWtqKakiS7rf/BjvdeoKQrHw6TnZlMKqv+uzIK4rikNSMCE\np6GGRXecwRimVKgZYQJAUMWQ984JS0V1/O32fhjMeo9i24+/YRA6maf9dPEs1We3\nhC+RZuYOL1cSynRSLaCd12/IJtKM/798XnnqzNFs2A==\n-----END RSA PRIVATE KEY-----", 
            "poll": 56
        }
    }, 
    {
        "pk": 50, 
        "model": "ticket_create.privatekey", 
        "fields": {
            "private_key": "-----BEGIN RSA PRIVATE KEY-----\nMIICXQIBAAKBgQDtarQbZ6X4VMgSDNVt3IlU+NbxztE8iolwRCzlKr+5yOmZvtIp\n31n5t5dWiGx4mLBkq9DtktnrN+ZDA+H2nAyrVG6gNXmzpmIWroKaGhwgnSLfLb/1\ncbCz5gUq8g8GcfVTkZLXa7+0qzIVhf75V0BJxeeHI514DEgttUmqf6/PQwIDAQAB\nAoGBALwKTlqCTmcQp2H8fjLEgJUnff8JYpnD1DVyGejsYexBIBwgkg6OE5KAgcIM\nzXT64oLpvtHcBPOTU7Hyak9Lq4+lCeR0Sae+Kq5TMMKp31mw0G0TEAo5g/+hKYhL\ngSuXfH5zL1xnL2w2ajmIgdwUndOzIXjmaDgBSqTWUcqVmWa5AkEA9p+MskZjiqZx\nUZPNn0Wbt8geW3jWP6FpTYZefnlygrQPrQLmaB+VG9455apd4QlDun2BioNF4n1c\nmXs8BXUFrQJBAPZxi5fsedaGydM+YWzJc6X0UrvuSsLdM8tzbGXOpPYQwqOlBwC3\nbfF9ahIXtxU+kqIqptoaqZYtZ6KfIpfmZq8CQFobl2N3ll0NTS/6KdG8tBVk97qC\nHv2msvvRUWsyYmVg9q1G9voqN+ezvUGtiplzMhzMSG1cY0dKeG/Xd+mihQ0CQQDr\nbuPt+oMW9+O9xF1sgTPTegrD8M1JRetiVN1ckUK0tKRNk62R+Kq2xppbuH42dHW/\nKMIHoOscRjo4eJCizwCPAkBpJqk+e72s0AVuzIHq9xF26bhovj3vIzNl7navHAZw\npEivBU/0DMscJ+JZDY9530Jlr8GqnSJZC+ym7byUhQoJ\n-----END RSA PRIVATE KEY-----", 
            "poll": 57
        }
    }, 
    {
        "pk": 51, 
        "model": "ticket_create.privatekey", 
        "fields": {
            "private_key": "-----BEGIN RSA PRIVATE KEY-----\nMIICXAIBAAKBgQDWRyX0gWjXYQiT1Qt5M7aFyjqBd+fgkS+M55UR2LkkFLC3hQ7J\nUDTDyEmAndwdQSiPR+bx49QIXb4rWwMtUwKmv070Udkf4q+xOu0gFeGoh6P7OmHL\ni0hB0MxHyfsZf/lCd+ri17zNa/NiUTsnNNiN9L6v3hS8g/Yo3GOB7338xwIDAQAB\nAoGABrqRPI5bxnerl0jXZWT0VFs3Xx1u0KR+g8Q58CeIGNP1gK3S+wtjvMorVLig\nUuLa7TTq0am/3Mtkz2O6Q9AZgyhBYUSJYMbBymLK0ESPubcz9RaJkx0coZJW8bNW\nuglwfuUaz966rrfNAFTGLy6gRRX5iHj4NmT0tOC8wXF6y/ECQQD02iKMY5RrZi/w\nmaiuKpD0+qK7VwHpfcnd+yk79I4NUoq5mCAuqqfbZO9rPIftT5n9UXkm7Com59c7\nus9V138NAkEA4AioPAykk5P/mcnBnvJEvH+DeXyGn5VkbCjvf8qqRsx904Go2AXG\nt6aQiCNypWUp7Cd/jAiOvDQnpuyX826WIwJAKjEQdPqPz7XrGt2PiHuDQQOTWQ7U\nIITxbRPjdhZdCASqLPL+0KvNguuwqdzjW0w1L8aDRua5GL0ohH1bTuJ0XQJBAKDE\n1aWyFPBqxoPgCvg7NyRmBT1LJXijxlrvzV7RWvxPhwQfCcFr87ya5SEs/vq97CWx\n+o/NHFDmxIW/RxPECi0CQCs8FEYcoiTivffMU3ZvF7ZgdFbq1hQr3c2Rx0VGB9kP\nN/r5FGmNsPwX25jEfTcq61oQNV4D9/2FjkO91AkJOYk=\n-----END RSA PRIVATE KEY-----", 
            "poll": 58
        }
    }, 
    {
        "pk": 52, 
        "model": "ticket_create.privatekey", 
        "fields": {
            "private_key": "-----BEGIN RSA PRIVATE KEY-----\nMIICXAIBAAKBgQC3U+WKK2bmSKqxFMFdrqU+8K1Rr7pgUmSqn8Up+h1ziodWl3bp\nOjpo2o8gCttfoeO7qO+f3djMk2fBPyCbElkljq3Q/qdrDRi5568uAkuctjTwkkUN\nMNrFz3wVGMsgYg8MTAAjye8Ft4XUhfJ4bc/iFCpUczW8RqdHsKZCWTu+FwIDAQAB\nAoGBAJkG9fa0resRwzGXgqUhcBwuqG4kQm2+uPrX7KtSdR0KCFiWjBK4oSL/NTNo\n/J9CMidmJ8eJVjvF23iqqhvnX/MYk7j8mvUsFDksyxI8mAoYhThUyRlx2D91DxDZ\np3xOGTCUhBD0f2a9N0RXd2plk3yXaXTIEQCG7+FfT8U+snUJAkEA5CdtMiucCzyQ\nfMtuVsDzL5ssSox3Fca+uGR2B8Nez57geoUvuU8PkEz1spVEDAftDikQoH6PTE8U\nO4SIgMNlFQJBAM2z5F7YL5S4LvjiCl4/JL9hyhxorioB+0gysYsG7sZQfJ5QkB1L\nsHrRvhHCSRziGf0LDvuX3urCaKZx9xmWuXsCQArzwZAo+8KmU6FJ+q/7bzEX19Z0\nS7sl4T3kxK22uTRqQghfoFza6Lpal2jNNYkGUGDfo8awjJxzJ1t8DzlvJ8kCQATZ\nbdPSkuSVpv3VDluEb5BXdNVQnnJ9E3hzQX4+jph8Q0PUMGGQbDupACsZAnI83lH5\n1cOWo/my1Za+7w1aYUsCQHxal5TyjA8OIi8WT196oLVFgPNLe+oGXXH4fRHvll2Y\nC80YaN1tEFOOAZjBI4KiPwO0A/jcoPM275bDlXUOO8M=\n-----END RSA PRIVATE KEY-----", 
            "poll": 59
        }
    }, 
    {
        "pk": 53, 
        "model": "ticket_create.privatekey", 
        "fields": {
            "private_key": "-----BEGIN RSA PRIVATE KEY-----\nMIICXQIBAAKBgQDfLHxkipAoiIkbRvwh9WGoKuDjJHi/BD0H79fTJMbNrw+GrkTu\nLwYkOGuAyqXsGNppr3Y5jDLD8+RJzTGwimoWJWWMq25s8dfNM8DtdaA/Ks0zpuqQ\nqn+EO8qB3SxOqjZxlCEm2tW4vHAes8SN2GHaXIvfzAR3HjC9/4Uwp4zxZQIDAQAB\nAoGBANXUYOdQYCmGEKAjFmdPHh+r3cek5VBYNkXJhygWP6lJh33Ksd7pDWBc8pv3\nDp01fufuJz+iVe2sXFpeEbMOG++L+89yQMJlhd9iTG7tqDallo/1NoWqWh9BOSud\n9oiIxMv1w8NX8N/x6wWlD8OD8Kjz3/+bW1T4E1+2fOu3KIVBAkEA9SNHIEY7EfGN\nnpcJm+E1NWI4dZjcheSKC6BFKr/aG4heagOYCWCrsZlCHuvneKq5Sn6i6lSXfWmh\n5428Ifd3lQJBAOkQDxeob0u8bp8AfQK+K1ZCafmOv1aw2OpOSBEd7afuTaIIvrPT\nVWEgc4UK6ExhzOSQ6k2DRWTF0oKsKIYz3pECQQDiGF2buOr2i9JQ+YGVUkwfJq5o\nWErc+4MPYg0pdrYWOtrJ8PKjg5QYRACmQHLH6r7npJFijA8FTw5TYXip43NZAkBc\n4miRbjCFB6Eyv1gTKsVMyIVBz3FUVIDuyKoSIFJiFihcho2yT2x8nBlOEa3JG0U0\nZsjqgYG7ite9+mzgJ3XxAkArECpmXuqlr0I6RLLRxeg26Q4fM/oDd7o2uDzUugAb\ncKjWXhWqfivJPeS4fA9+qpUcsCOHFyggwI6Rvzp6yzGZ\n-----END RSA PRIVATE KEY-----", 
            "poll": 60
        }
    }, 
    {
        "pk": 54, 
        "model": "ticket_create.privatekey", 
        "fields": {
            "private_key": "-----BEGIN RSA PRIVATE KEY-----\nMIICXQIBAAKBgQCYYXVGs5X3bw/pbjtOmpCJtlyoM4NTLQt15K5qTqdL8lwd+N3n\nn2eQmep2C0Q6fBG5IAx1VKDZqG8LgEKbkeeRsAtkvX4cuAhUEJTeFDdNLq/kcVIx\nd+HJzAjsyeYobggeeSOnSL8YB+QoRFXBPA7EZ/MFzhkevugSweHHul9kBwIDAQAB\nAoGAXSow7tI73XVc8CaCQjPELT5+9iPQphkDSchQTxTZulhqs7SFz+ipBELmk9ed\nlnhmyZ3roAzm70zI3+pCTyVsw7eshyW5I+5Leybr6VLKQmim8bjpD51MVH2N+InS\n5JPbdFvFVYZ5LDvPRNPG4sh7l791nky5CPbjLGnCMBj5NIECQQDHlzKlSJwP+sBF\n9w8/LIxRK+2XjeYwYe3IeSeH05B35XsKfLRcqN80fBnG6KwBt8cPKCc7xsZ6VCRt\nDFqeJo/HAkEAw3KF3YFV569ESNFJ7JaLABjGIrevbJtkEWWt6gESjGQfwqTEtKBB\n+zgpJp7yAMq31z9HNUU678NmMGZft8kJwQJAYweFDHczX8ZVgiFsQjcTQ+8cyraQ\nQO9F8NMUJxN0udh1rSVkxBjR7pOoooWtWojZzo5osQMWVXnMPQMFLzUI3wJBALDi\nBKTjWIvF41bDktO7qzD7OtZQx0LTn0zfaPZO4iqMsvHFjQCryQtDWHrLftmYnakA\na8GaViyH+wPyos4B9AECQQCZarEbVGHvcEDuSnrUCLds9MuhftZel0QKyP2Sy0HB\nhbg4gBAmUlWxXKCUMC0F9NATKrI03eephYVsYVzX/UK+\n-----END RSA PRIVATE KEY-----", 
            "poll": 61
        }
    }, 
    {
        "pk": 55, 
        "model": "ticket_create.privatekey", 
        "fields": {
            "private_key": "-----BEGIN RSA PRIVATE KEY-----\nMIICXAIBAAKBgQDtZ1a81QrM86UOyi3TZ/gXA/SMvF8ft31jt75Hzn/B99pLZu8r\nR/UPHlDbnrKDazX80E0FIihE2D5QOa1DdwkCMGdn/fsVvXfwBdzWdSD6owWs9xt6\nAYDemZxJm9k8de4blRWAkqfQzN0moiTwA538CXr5L7aBaFpn7vETlG2PNwIDAQAB\nAoGAY9o8PE5rLYspGJBnN+0aBywttuggJmn5/nAxQ2iSidYi5eYUoKKyazp4Dfew\n49+7JGvEiW01fMdrZjjsLF0r1wVhiaxgm6CeIzJsg4gTMcaj15M/NCZN+kF0VX/j\nq+ijvU+//8c2eg8JY5+Rea7yBN+oOQExeWyJIdF82hdvdfkCQQD+luGC6uXimd3j\nWJa+4XjIIRx54gjmkVH+M12fK4yqm3GU7Q1/VuAeDF1XBGdl/51BDIkc73zBWtSY\nNl+BBo2NAkEA7rgUwE43N7HRwExqPdVkznE8FjkHjVokTvihppNn7W21a1QmXvnj\nqFQ4l0fcwzc6nM8OFxULATCbvOZzIy900wJAWLjOGCiyOnjyucLqrdS3mc7oNJWQ\nEoH8OAFAlDLCD8aiG4tNE957th0K/kM7oXEmJUAwHFRdfqifw/fW6okVFQJBALLw\nLzXbK07HLsfrP7Pr0i1g+b5ar0uIZzD+9ATt93gkxVmXcU++FqUlxGm5h0SZkIjc\nN96bem1A52xYfbPBLdsCQAEIXrIQp6EdxUBKlKrz5Lw2tjKjIgIFvc24dRamZ/Js\nA1AU5+YQigKqMCnEU2IIQSVU6e+pSk/gj0JQyP+mHzY=\n-----END RSA PRIVATE KEY-----", 
            "poll": 62
        }
    }, 
    {
        "pk": 56, 
        "model": "ticket_create.privatekey", 
        "fields": {
            "private_key": "-----BEGIN RSA PRIVATE KEY-----\nMIICXAIBAAKBgQDS+zUw4dD4wXBlZhU4BsXnolwBrk1CZrW6GWCoRtQAHRDjK85Z\np9ov8afimW4fZ1E1CqBiS1xLoH8h1vJtJm+NfaGZhxS1QX93TdC01Z1DB0iZUw/U\n92QAx3SlYx2zykE4wFnV9EwVYdivmmKMqudJjmK5ID3PKef8z0mMyFqigQIDAQAB\nAoGAbmX+pk5zX8cwvg5VqhR5OETP6h0/1jAShYfD+SnewxRygryoZGedlxrXY44v\nfoU8jAm8dNLEP9qCy71C63SCR840bAAP7K5rc57hhzw1TDuY2PpcCkSALOT+EAdH\n0E6bnZoMDbAAbTIKsugr7FlAd4RE8c795D1WExHp3OVvBXECQQD+Lb0dMgFh7Fg7\n9q3SK3iLSrH3LMVMV8ui/dPuj33/bXtovtFQOG0aoScAx0c7LIyqTNMrup/OucDv\netK+XhZdAkEA1H46fCVM7014zCn+En9hrtBAH+mQ6h3pbEGR0gT9dxHJrVJ5diiB\nfly9bITKPSmQ8EPeHgVBO7w/HTsPtqlydQJAAv99HIwLciE8hTCKqlDy8gmmgbjY\nducOMtT1m/m7Tbj33Ktrgpu3xbmi4SJ4l50V56hSUVC5M9IDEZAMTkyDzQJATI01\nEKh3cPaeAB9Yst1FGa9YiqagWFdyUlfE6r51ecHkwBYoP9MT46wRadjk6ufgmU45\n5OLLv3Nv4V33qTyeSQJBAIDPG1mNCVTgc2ne1RApB/ElRIJNYivdj8f2V+UeFHSx\nkb+8Bam0hUMlR8p3Q+XxpLjgrHB5CQOz6VswMHgYsQQ=\n-----END RSA PRIVATE KEY-----", 
            "poll": 63
        }
    }, 
    {
        "pk": 57, 
        "model": "ticket_create.privatekey", 
        "fields": {
            "private_key": "-----BEGIN RSA PRIVATE KEY-----\nMIICXQIBAAKBgQCyVcMs0stejJ/hnGPkac1qoLXcE347eoSbl9V9bK51JePQaHJP\njQkMTTLug+rafefW+sfV5dNuaOqzb8QgRycrtY3qFj0nGPdhA+xKM4y9NX/HMR/Y\ncAzBXrCf59DibEK6sPjX58r3CKWeYtY9XRKYaBU6ZTAhGobRsi8bVZ+vSQIDAQAB\nAoGABtPLthKX4JXHpS6EkIEQcS2X6MYCRiqpmv9UGAoqH6gEsbzd63e9ye/GrGT2\nf8jkMFHHhsPWtVpk6du0iXvP3wcVWVOoT5AF/5VOfjSgp7ka89GhBC3dBXlZCEGz\nbcSGVR/1xCxeEaRHINuWCwPXeaKd7DAe9Rwlj1mx+DCjiIUCQQDqSQK97TxKU/Qc\n+g44amZCwrcCgA5bFa2pLqdUNfuUPJ5dbfzpH8hdQiQxARB2IQ7hgfmRikGkbU2x\nVfWUMbG3AkEAwt0yVp1WauUssUTuOEQToY26UDWx6ZSu3PFUOqooqN/iV4hkn4ys\ncL5Fx2w5dsJzlErulX7FVJCJfK7q7DWm/wJBAIhAgcm3CJMplBSuEEsbBfHZj9ly\nY+bxCpgTu9irtG4XevpXFvj1NO+XobimJ86rlx3rGxtbTqWzs7VoinPvGq0CQDiF\nMjGfR06QFIuCY9pcHJmSY0UanfUTVDjvoq+1ZT++WIdtH0qL4gR9m/3A7VX+Bsov\nhc5Ey/XASrCoh6ll0n8CQQCCLIq/q3rpdTSA7eEJQTFO48eIi1PMaPeb+IDk6Th9\nliFJAvCTaqYFjQ3V1rwvfpOzK3tfColLJaqaC3CdJSiL\n-----END RSA PRIVATE KEY-----", 
            "poll": 64
        }
    }, 
    {
        "pk": 1, 
        "model": "ticket_create.publickey", 
        "fields": {
            "public_key": "-----BEGIN PUBLIC KEY-----\nMIGfMA0GCSqGSIb3DQEBAQUAA4GNADCBiQKBgQCnV3y4foQ/dA3dUoQfor6aVcoT\n8As8I5hyAz1BBzjhfaTlrOpSZcFM7c+Z9Ev4ztmrwH0QL6CML8m+r89T3pjB7lv4\nkUsx8WKIO6WU2XaHFURElzvmzQjHZ27DHSC5NdrCo+Dbsjv3dlwCq9Evq9NpgQVg\neJJVekVzLGJCvjG9AwIDAQAB\n-----END PUBLIC KEY-----", 
            "poll": 1
        }
    }, 
    {
        "pk": 2, 
        "model": "ticket_create.publickey", 
        "fields": {
            "public_key": "-----BEGIN PUBLIC KEY-----\nMIGfMA0GCSqGSIb3DQEBAQUAA4GNADCBiQKBgQDFPlUMFrt79tnCXOHDHPUDCavO\nX6QKUYLV66LBk0MrR5nggK13NdvErF4W3uTeY8kTSTRlaa6TtFq2PMqVZOMXbKEa\nCcMa6O5A+eoBacrEoy3WVXgoAYtf1A9ebZ3+PUDjRxWgcqQuFn5w8oGYJ6//HJs4\nRyiyKN8WWcmLtfJmKwIDAQAB\n-----END PUBLIC KEY-----", 
            "poll": 2
        }
    }, 
    {
        "pk": 3, 
        "model": "ticket_create.publickey", 
        "fields": {
            "public_key": "-----BEGIN PUBLIC KEY-----\nMIGfMA0GCSqGSIb3DQEBAQUAA4GNADCBiQKBgQDCRQfeK8l8A+fiRyiKL/I6alr1\nqwfOAI6hfHF6DXlLA6egVGMkxdU+m3E6NGkQIpwymJZRJXq3ZK3/ST7wNPdlP8Nx\n50jceCLNSoHBf7J1lfINuGz2qukRWWUwabeac7sfO8fDSgRaJbAdEYToSiHUYXGN\n89cZR/xH/H+hgXb9gwIDAQAB\n-----END PUBLIC KEY-----", 
            "poll": 3
        }
    }, 
    {
        "pk": 4, 
        "model": "ticket_create.publickey", 
        "fields": {
            "public_key": "-----BEGIN PUBLIC KEY-----\nMIGfMA0GCSqGSIb3DQEBAQUAA4GNADCBiQKBgQDSDElc2efe1o5yc8/4Lcxr+I2h\nI4RAUWxWeurJSisWIEy4MIGYOCDYSGrH/l9XGbolzKcK7rs1zHhRk9dN8u3PggUB\nPEqSfKi4j4hQEnTBeb+Qb2Crny2cx7DyXLCefUOugnPZpsvBoIK13N2sBcn3lGGO\ntLWGDEqH5i+Lc6i4vQIDAQAB\n-----END PUBLIC KEY-----", 
            "poll": 4
        }
    }, 
    {
        "pk": 5, 
        "model": "ticket_create.publickey", 
        "fields": {
            "public_key": "-----BEGIN PUBLIC KEY-----\nMIGfMA0GCSqGSIb3DQEBAQUAA4GNADCBiQKBgQD+HjAyn7PkQU5SLb+FETSu1GGA\ndZ9Of1d0yv1zr8QqCbNV/8CdslEOeevl+tJF5CQqGsWWvc2I/zV/Kl3sABpSYFpt\nTcxVzf2vOK4GdpWuDGi0xLMWP8rwJehIjFwyLnh5NivY5Os36Re0cp6jfsu3MQIi\n1YQ66gv1L/acXCN/jwIDAQAB\n-----END PUBLIC KEY-----", 
            "poll": 5
        }
    }, 
    {
        "pk": 6, 
        "model": "ticket_create.publickey", 
        "fields": {
            "public_key": "-----BEGIN PUBLIC KEY-----\nMIGfMA0GCSqGSIb3DQEBAQUAA4GNADCBiQKBgQDeNYcwN9KZKlzKr+NoaR9unL59\nQksKBtHUkySfnaXQs/PyopD+qX03/pSJ97PppRf+eH4MuRzVzPGskIsK8znTYBPx\ncSHXffC2Dfb8la+EWgNA6RLhfuTC4OiG+yyv+ajIjRbPbNzgroTWZNy2C7GzsSDr\nfFDwu5Vp4dqvK3nqKwIDAQAB\n-----END PUBLIC KEY-----", 
            "poll": 6
        }
    }, 
    {
        "pk": 7, 
        "model": "ticket_create.publickey", 
        "fields": {
            "public_key": "-----BEGIN PUBLIC KEY-----\nMIGfMA0GCSqGSIb3DQEBAQUAA4GNADCBiQKBgQCruyD8AM4glIp3v2jIDW5iYSUl\nMCKlJUYT/1DzQax/1USZxecTKdmBsurWOAa1ZHj9X5XvAmmZ2tni/+N9HFCSab0P\nuEDLxWDeLS6MitWKSmNEFp59LRisMWZCcBz2FIiPeUL2EW8lKZoTo0DFbP7O0RmD\nKAvqnTajZXhDT1kOHQIDAQAB\n-----END PUBLIC KEY-----", 
            "poll": 7
        }
    }, 
    {
        "pk": 8, 
        "model": "ticket_create.publickey", 
        "fields": {
            "public_key": "-----BEGIN PUBLIC KEY-----\nMIGfMA0GCSqGSIb3DQEBAQUAA4GNADCBiQKBgQC2YWXXfTPpVsi1fAa84eK2BYUv\ntFHog7LbMQL4bTbIYjyzXPmWgMXwqRGGynqseUpOSmpjh8elG+d+axGdJwYEYxaw\nUBXBf4g7dt0ZQLpYaiyYxI4aHW96fisGRyJJfd31kKHiIwIBf64YSob0okuMqsV5\nbW7gJy5esq7WhfWv1QIDAQAB\n-----END PUBLIC KEY-----", 
            "poll": 8
        }
    }, 
    {
        "pk": 9, 
        "model": "ticket_create.publickey", 
        "fields": {
            "public_key": "-----BEGIN PUBLIC KEY-----\nMIGfMA0GCSqGSIb3DQEBAQUAA4GNADCBiQKBgQCh6uwo0DEfyYoz33vP7GrPQB3E\n3XrbudNjvKtyFDnr223f0NWm+V3Bqr8x51MzUzWj1mAw3J2r+VsXQCOWozQlO6h3\nARwSDIa4s++ipF79k0BksKlXDGlo23H4M/Ol9JOSwi6PiY79pJ6TmCEyY1YPtFkl\njfDIuZmoGGuu98W5zwIDAQAB\n-----END PUBLIC KEY-----", 
            "poll": 9
        }
    }, 
    {
        "pk": 10, 
        "model": "ticket_create.publickey", 
        "fields": {
            "public_key": "-----BEGIN PUBLIC KEY-----\nMIGfMA0GCSqGSIb3DQEBAQUAA4GNADCBiQKBgQDVO+TYgLc8tggdEsRgDE6dMS7k\nFGVWKHOMtexhyya+Z/YZqu8GXFAY/EpTBJ/FZvnqzj4sP4aKULaWqS/6ZkuUKfhD\nx37usJ/wtZYnddiEWJ5XccNvJYvYioxhUjWIJzvRMpVX1Z8sAy6+bEiWhmEDHCTA\nRMB29pzbD2Laois3swIDAQAB\n-----END PUBLIC KEY-----", 
            "poll": 10
        }
    }, 
    {
        "pk": 11, 
        "model": "ticket_create.publickey", 
        "fields": {
            "public_key": "-----BEGIN PUBLIC KEY-----\nMIGfMA0GCSqGSIb3DQEBAQUAA4GNADCBiQKBgQCYQ13Evsu8TBQE81ZLZAwehIHU\n535NoQqfGYAEvWW2AJy36w0kE8/2uf+WDht0M6MqFO6xuZl9gAU0XpGc8Y6USap5\nH1jKPnmrxKiSiDHj3xc+b/0CGxcgTEVLMHX0dtfnaAP4VP1a/ocwWp4PD4SG3o+K\ns2vMGquT3lXFCNXQGQIDAQAB\n-----END PUBLIC KEY-----", 
            "poll": 12
        }
    }, 
    {
        "pk": 12, 
        "model": "ticket_create.publickey", 
        "fields": {
            "public_key": "-----BEGIN PUBLIC KEY-----\nMIGfMA0GCSqGSIb3DQEBAQUAA4GNADCBiQKBgQC3392nXA5tggtymEbnw8e7tz0F\nqulftDDwQ7X6fmOza9ZQNr9HvEyvvdDmL47dNZ9T63Q/RmY1aUWqzWHEve7xu3Vp\ndpv77iC/P8X4L5fqOnm4lFPGLy22S3uYKR+pUKoJ0TPk9pMD0ccTf6GaXj5E1UJR\ndKiiSME/9OsyqOq4QQIDAQAB\n-----END PUBLIC KEY-----", 
            "poll": 13
        }
    }, 
    {
        "pk": 13, 
        "model": "ticket_create.publickey", 
        "fields": {
            "public_key": "-----BEGIN PUBLIC KEY-----\nMIGfMA0GCSqGSIb3DQEBAQUAA4GNADCBiQKBgQCvUDmRueq3gBEgmUxapJkT4LA1\nCZwTDczid94HOaAZl1jqKNFwl/3RpqXV7vE0qvumR7VwnF3u7XVXJNoIuigZtGCw\nom9nSA00YNBoshnq5lYeQh0Y0x1AVRDi2UD042OPJBM+Wdo2H3ssqt9bJQ7yjNU4\neur2ow0uoF9gOliGdwIDAQAB\n-----END PUBLIC KEY-----", 
            "poll": 14
        }
    }, 
    {
        "pk": 14, 
        "model": "ticket_create.publickey", 
        "fields": {
            "public_key": "-----BEGIN PUBLIC KEY-----\nMIGfMA0GCSqGSIb3DQEBAQUAA4GNADCBiQKBgQDaKr6kznXP1mRal+jhOmbyCMq7\nX7jfvo/8n+bqxstA5x3JjxAlpUXmG12RrczM2DQKBH6/cy9d/boD7TiLpIaLqmix\ntNc2vdGEWbOyDAUCaOtTtmVn07Ie08jHZVPuVhYWQFZ3PAv6S/Ca2lmdmXmoeU9S\nmb7JnwV0WrcrNgPUAQIDAQAB\n-----END PUBLIC KEY-----", 
            "poll": 15
        }
    }, 
    {
        "pk": 15, 
        "model": "ticket_create.publickey", 
        "fields": {
            "public_key": "-----BEGIN PUBLIC KEY-----\nMIGfMA0GCSqGSIb3DQEBAQUAA4GNADCBiQKBgQDFGHDD/GxEYUU6yp16e1LwiexI\nup7w+bY39z95jBKQ/PkIpnV2Olj2sf1Nxk16VQqiZRBchp40wrTx3tW0QSejc12b\n9uQ7I2rjLvkZa98636g7NbJjArXu3d3wg78HaaWJqpmRuJgWZYzEBomKiEiB5Wsd\nRn6PQ7ISszQZmKoDnQIDAQAB\n-----END PUBLIC KEY-----", 
            "poll": 16
        }
    }, 
    {
        "pk": 16, 
        "model": "ticket_create.publickey", 
        "fields": {
            "public_key": "-----BEGIN PUBLIC KEY-----\nMIGfMA0GCSqGSIb3DQEBAQUAA4GNADCBiQKBgQDMC1F+c7zLetNkMb+za+MPtzrj\nxw2tNvaBbIwkEvkqHxKPkPSaI0xHuIWZQ2oRNtstdv5wjX3OvE+1LPhfeJMbOZ7A\nTwBAnKcaiBojFlV0l7Ce5EZoRISilmvcbeM1Pc1bWXHbFMZVkl+pEnQzpVxiwStx\n1a9dafLeHMSuT+EFcQIDAQAB\n-----END PUBLIC KEY-----", 
            "poll": 17
        }
    }, 
    {
        "pk": 17, 
        "model": "ticket_create.publickey", 
        "fields": {
            "public_key": "-----BEGIN PUBLIC KEY-----\nMIGfMA0GCSqGSIb3DQEBAQUAA4GNADCBiQKBgQCwBkpicL5QfC5fJ8RP74Mexpaf\nARm/227hrGSavKIxa//LVc5Zardl5TGGXOYWmoQ8a6Guzsqw7ytAbh8l9fsrIxRj\n4g7n5pwlqQDzf89vxRwUCgBlrwF1hHych/tyL1ZSipSXLvR3otdQePWVy+zpilhE\n9thyp2j/D7wqz8LUpQIDAQAB\n-----END PUBLIC KEY-----", 
            "poll": 18
        }
    }, 
    {
        "pk": 18, 
        "model": "ticket_create.publickey", 
        "fields": {
            "public_key": "-----BEGIN PUBLIC KEY-----\nMIGfMA0GCSqGSIb3DQEBAQUAA4GNADCBiQKBgQDEgzbcTueHmtx0VMml7ma0JNL6\n3OxRfO0cWU4P90tE8aKS9cOCJYPpwnVdVbHrQVyt7m9hhWwjF/ET3Ya6tzGmlCNy\nyVP/urUE2nxv2b/DDNbbTpD8xvxaWEjTFq1r4+UcNhPwHrrCbnsR1ibnA5VcyMPS\nf1wanGxqEQRCLVTmEwIDAQAB\n-----END PUBLIC KEY-----", 
            "poll": 19
        }
    }, 
    {
        "pk": 19, 
        "model": "ticket_create.publickey", 
        "fields": {
            "public_key": "-----BEGIN PUBLIC KEY-----\nMIGfMA0GCSqGSIb3DQEBAQUAA4GNADCBiQKBgQDDkvVHP2NzARrEUmuHG82Z4/TT\nlzbPNWiAuUTqIhvWCLfxpUh2Kqz2EM4xp03w/14lF2yLxKSZJrCBjO9uFDyFRWM3\nnWFwx9trUvabvPKievZgfi717d16PjJ0G47YpXxPKcdo1NiZrQcpzRq7b1OzQY/S\ngC+dHS0oftkWc+NgWwIDAQAB\n-----END PUBLIC KEY-----", 
            "poll": 20
        }
    }, 
    {
        "pk": 20, 
        "model": "ticket_create.publickey", 
        "fields": {
            "public_key": "-----BEGIN PUBLIC KEY-----\nMIGfMA0GCSqGSIb3DQEBAQUAA4GNADCBiQKBgQDWS/foycCSqb23XxupnFfML667\nC4KcaKeVlN9XX4mca4O+yeMiQvb1dozSymh7gqTI/TpH27dWEx0Gut3HBuMP2F/5\nIM72oKzygHW2Gf6nshtAXKQI86GPgjCT1r6jtBxF6k+EFNxhyl512nD4Zet32CGJ\nPAL5hB+t+XbsQIlOIwIDAQAB\n-----END PUBLIC KEY-----", 
            "poll": 21
        }
    }, 
    {
        "pk": 21, 
        "model": "ticket_create.publickey", 
        "fields": {
            "public_key": "-----BEGIN PUBLIC KEY-----\nMIGfMA0GCSqGSIb3DQEBAQUAA4GNADCBiQKBgQCwGJTwn/8CU6u7WOfBYDs41BMq\nWgszLcCKtzVqg0zbp8XjL6Jk8IJUfb7bLzJxxAIld6HjtNk+VbGf18MPZ/HsWYy1\nUO9Fej0jou+lhgrurFQEKZda8cPfBqs+cUyx0i3EEK8U0GLlMs1q8sxN78vTFk1d\na7RK6GpNkmK7wCPGAwIDAQAB\n-----END PUBLIC KEY-----", 
            "poll": 22
        }
    }, 
    {
        "pk": 22, 
        "model": "ticket_create.publickey", 
        "fields": {
            "public_key": "-----BEGIN PUBLIC KEY-----\nMIGfMA0GCSqGSIb3DQEBAQUAA4GNADCBiQKBgQDOkArH+2iOxy59b9qu/WrjyMr8\naSTYptncq0eSFwUanAisELg9EFXXL604zluz6gqnw9DukJvK904nrA+nq78A6nVJ\nTKwsRmWQSRdA9mwtqTHhhKSuutOu8x9mR3kVZD2L2l/xot2ZYoBo2rxVKg4ELViS\n55CVLYN1xZN+wEkpjQIDAQAB\n-----END PUBLIC KEY-----", 
            "poll": 23
        }
    }, 
    {
        "pk": 23, 
        "model": "ticket_create.publickey", 
        "fields": {
            "public_key": "-----BEGIN PUBLIC KEY-----\nMIGfMA0GCSqGSIb3DQEBAQUAA4GNADCBiQKBgQDBw4UJY4wRQGJrQVbLzsC1U3NE\ncB/v+riG7WsrtutQUx8dTqGTfI/5TyP8C3a6Plh0/44t278xEtFvWR2I3HKX++MA\n1rq8eUDKdFLYF3pW18GdDyESwspykvy7plHzTQk3OHP79LuzWkIW0q79PIMPW8FG\n8wYPucVDOWu5iY56owIDAQAB\n-----END PUBLIC KEY-----", 
            "poll": 24
        }
    }, 
    {
        "pk": 24, 
        "model": "ticket_create.publickey", 
        "fields": {
            "public_key": "-----BEGIN PUBLIC KEY-----\nMIGfMA0GCSqGSIb3DQEBAQUAA4GNADCBiQKBgQCrKDpLlK2kcy2IolHmPMZzLATW\nTxKnl6/7mK8AypMpNAwXD2wSSnJFyiAxe6UNf9WkGB6uYuw/4acy0w+aY+NKMODj\nqR0QoE8j39FsImCRwSON3d1h5CBB2pt/lR24vIi+1P1d5bW3Bv7Zeot/Q/p5a0EE\nnlcAYYeYCA1p7qSQAwIDAQAB\n-----END PUBLIC KEY-----", 
            "poll": 25
        }
    }, 
    {
        "pk": 25, 
        "model": "ticket_create.publickey", 
        "fields": {
            "public_key": "-----BEGIN PUBLIC KEY-----\nMIGfMA0GCSqGSIb3DQEBAQUAA4GNADCBiQKBgQDSQAfPVfgUqZUW35SRrzbNn7g4\nI1qxnzXMfiutCs9Ghq1hC3t1KNLdZOvp8Mo3Bbxz0GG+EIqMNYeCIGMr3yn2n5Bn\nkrvu/Sxka+OE8DB3yjnEbvC/B4rleXZ8A6BW0f+fX1NRLb8ygjB6ZCkStJbIUML2\nGT9uV/uChNnsEvlobQIDAQAB\n-----END PUBLIC KEY-----", 
            "poll": 26
        }
    }, 
    {
        "pk": 26, 
        "model": "ticket_create.publickey", 
        "fields": {
            "public_key": "-----BEGIN PUBLIC KEY-----\nMIGfMA0GCSqGSIb3DQEBAQUAA4GNADCBiQKBgQC63nCv/fYEgtbZ7UHqMqOXTLrL\npaFhv+kUIZiRwR85bwP8yo5UPJuSjgvoa18Psy+M/d7kDxWwmMuw5qveINGNOHYh\n5DAXhoNOSpdmOkTrT6QB/7yRXYBLWDSJgZUNPody5z3uZ+8C3nA5ARiO3w0cicoS\nqMhwb7vwVVJfd6ZzSwIDAQAB\n-----END PUBLIC KEY-----", 
            "poll": 27
        }
    }, 
    {
        "pk": 27, 
        "model": "ticket_create.publickey", 
        "fields": {
            "public_key": "-----BEGIN PUBLIC KEY-----\nMIGfMA0GCSqGSIb3DQEBAQUAA4GNADCBiQKBgQCgke7nfLTQ9ItwTCkCkHJXWdis\nIZs4odg/KekwxPoVQtc5nSiyDunlGeEW0T1f5pqbseFFWE/oSS5yhZWN74zgNiiG\nvmBH5/yVlmuCQ9NNHWwYrL9oRxL+R6her5HkThBiFJyJZAndCjowYsYbpxX5MmfX\nhym9D6vwMMVJsgJpyQIDAQAB\n-----END PUBLIC KEY-----", 
            "poll": 28
        }
    }, 
    {
        "pk": 28, 
        "model": "ticket_create.publickey", 
        "fields": {
            "public_key": "-----BEGIN PUBLIC KEY-----\nMIGfMA0GCSqGSIb3DQEBAQUAA4GNADCBiQKBgQDCioZox09WBcC5X29mkrbRK0+e\nQwhSLoeMKnTbDllUC+MLkSprC7QTL/vNliaB/GiTgMnMd4D65XQqhgSG02BgZrQH\n11QmZj/Y7qo65aj2k2ayJK5L9686gsRMS86uNuUMoakQ5MdbZV8o8/THloDeO0j+\n9tHqwBZJxO18f9M5eQIDAQAB\n-----END PUBLIC KEY-----", 
            "poll": 29
        }
    }, 
    {
        "pk": 29, 
        "model": "ticket_create.publickey", 
        "fields": {
            "public_key": "-----BEGIN PUBLIC KEY-----\nMIGfMA0GCSqGSIb3DQEBAQUAA4GNADCBiQKBgQC1fCldb77JkyzkZ6jLNnRDxMaO\nUqWvsWv4yrXmFJICQ75SLEMzo8FpJ3L9xmSxmNK32zL0ORMr+yFu4r1M28gwrXsS\nuH82cLRMG1Zdg51DtWgLcSyaeBN9iJF/QcvJelDWcB7mDhUSj7oRA5skRoguJ1Pm\nk3VmpaRCo+jxsCkvxQIDAQAB\n-----END PUBLIC KEY-----", 
            "poll": 30
        }
    }, 
    {
        "pk": 30, 
        "model": "ticket_create.publickey", 
        "fields": {
            "public_key": "-----BEGIN PUBLIC KEY-----\nMIGfMA0GCSqGSIb3DQEBAQUAA4GNADCBiQKBgQC8WeApQBYkM8Js+kKUnDyWV9Cc\nLjDu4fQzjOmDbofvwCi82hcpKmLxyeblYU+wkXmbyeVoAsPckTcBF1jt1m4C4qji\nNfnKg0SgyWoaSoKt0AeT0Qw9eFf4DEor1uJB9iWjXUVyUloCcLgQltt1A/sNTQS0\nbVxqRGtylkXoZj3hewIDAQAB\n-----END PUBLIC KEY-----", 
            "poll": 31
        }
    }, 
    {
        "pk": 31, 
        "model": "ticket_create.publickey", 
        "fields": {
            "public_key": "-----BEGIN PUBLIC KEY-----\nMIGfMA0GCSqGSIb3DQEBAQUAA4GNADCBiQKBgQDm2ZEl8diosKaYotf88wW8aFGG\nF+1qqnfmYIEoMvX3JNViWMCcdKGlPSH8DfOLuF4RHN7o+O6QUvADnG3LtaPeI0uv\n43tmO07l6oMyu2ifoXfop9HuOpcE/0//Vr0Abk7R9Jkv4DgTEhD9yjWan3GlhHki\nzs42jn/6uOGaGMMRawIDAQAB\n-----END PUBLIC KEY-----", 
            "poll": 32
        }
    }, 
    {
        "pk": 32, 
        "model": "ticket_create.publickey", 
        "fields": {
            "public_key": "-----BEGIN PUBLIC KEY-----\nMIGfMA0GCSqGSIb3DQEBAQUAA4GNADCBiQKBgQDoJiFnpHcNBPXr7YVdgKU1rssJ\neMxRLjopYHt9WMuaQsLq9NIZDSfenRpp8+R/CAJq8s3n421DZXjsq4d0x0IyxnN5\n7ONGHtVCyoqQc8DxVABW/IUDwf1Z6dgW0k+kosZhUrcv/aXZkYB0f66hj/3PjIxz\nDUMh1IyObMrddlzIiwIDAQAB\n-----END PUBLIC KEY-----", 
            "poll": 33
        }
    }, 
    {
        "pk": 33, 
        "model": "ticket_create.publickey", 
        "fields": {
            "public_key": "-----BEGIN PUBLIC KEY-----\nMIGfMA0GCSqGSIb3DQEBAQUAA4GNADCBiQKBgQC2muP0p2x0/0rPg9yY0G8q7hf1\nw8x8nUt6Ueyburue3uX80hr3fCITpvfMP4voygPPKxjSas0nmRfxFgjy3HgajWUw\nqnyx+zw/ha5vflzdORPH5YETEQ0LGFWJvGgrWCTNE092IKN9Utomjf4QkqcVDT6g\n5TO49cJ2Q39LuMYw1wIDAQAB\n-----END PUBLIC KEY-----", 
            "poll": 35
        }
    }, 
    {
        "pk": 34, 
        "model": "ticket_create.publickey", 
        "fields": {
            "public_key": "-----BEGIN PUBLIC KEY-----\nMIGfMA0GCSqGSIb3DQEBAQUAA4GNADCBiQKBgQC4Dxiap1TnCFy6UW1gvxgWtf0J\nbhDuykEccta3kx5WLiE9jfUiThq0S2+LS07iwzjgJzyMwQIG8DcI2JsoKFkPfvc/\nKp/kqIj7o9K1LDvWCmv4zZ+ixXI/RTsxsuPEwa3LQS0ck7R9QU39EPz65n9T9MWT\nkaCvVthcK53Wq6Mu4QIDAQAB\n-----END PUBLIC KEY-----", 
            "poll": 36
        }
    }, 
    {
        "pk": 35, 
        "model": "ticket_create.publickey", 
        "fields": {
            "public_key": "-----BEGIN PUBLIC KEY-----\nMIGfMA0GCSqGSIb3DQEBAQUAA4GNADCBiQKBgQDhuI2Zq9M3tdTQd+JKzc9m5aDi\nwNeT/Kx+WuuzDUL7iJyyJR5M4+h1SBoJPds4j9n67CKJEYhGk/3c+Xj7tuTDeBpY\nQiy7sXsZIflvzDaFDUjCU6wGvLzw1L+fR+qrvOo8Cts1PTiQjUbfvPkM/mw8yPgE\nazXv4cUlnadvB1bNVwIDAQAB\n-----END PUBLIC KEY-----", 
            "poll": 37
        }
    }, 
    {
        "pk": 36, 
        "model": "ticket_create.publickey", 
        "fields": {
            "public_key": "-----BEGIN PUBLIC KEY-----\nMIGfMA0GCSqGSIb3DQEBAQUAA4GNADCBiQKBgQCxTML+AnRaGk0lOeb+7h1ibvMb\n1QrETF3nivh1ob19Hy0o/OMZJNSY5gmOOrMOhxX8WcA2LAFvAY1cfRlR+4MVFLVL\n3w1zbGrhwZxbexut+PvThozzJvliU7Xhqsa5ZndzW7HAyYLsgVOo6PcTuvTkHbdO\nBtDUj0u/m1W36cdJSQIDAQAB\n-----END PUBLIC KEY-----", 
            "poll": 43
        }
    }, 
    {
        "pk": 37, 
        "model": "ticket_create.publickey", 
        "fields": {
            "public_key": "-----BEGIN PUBLIC KEY-----\nMIGfMA0GCSqGSIb3DQEBAQUAA4GNADCBiQKBgQCtHoeV+nH0eMgvvjIr4RMUUNN3\niqREfNmJc3eT/VPjAx+05HnUyFKeLKJUgykyxtwXaASQcJobaIX6Jb851J2HP+kP\nUrQTLvUL4uAvOzBqBMasu4BYhPQdzhEXftzPw8nNZE0cmY95Awp9z0fqhaHhsWKJ\n/3Pv8nNL7QDJhbEpHQIDAQAB\n-----END PUBLIC KEY-----", 
            "poll": 44
        }
    }, 
    {
        "pk": 38, 
        "model": "ticket_create.publickey", 
        "fields": {
            "public_key": "-----BEGIN PUBLIC KEY-----\nMIGfMA0GCSqGSIb3DQEBAQUAA4GNADCBiQKBgQDEzY5AEKqrTZWdZH1VJ+ZGYt/6\nCJcX7bEbH5+NYcqyBHvtYFfiuNiIJLsHaQucZdUOqF3HEKdHay7hUuBpoVJv2wcJ\nXhWN8SXx7ilnr5Jjwm2KO6y0Vkpni8hw155egjhC4mcS9msUcwkIxhHPGJdMj6GN\ncn9pJwMTrVuobAX6FwIDAQAB\n-----END PUBLIC KEY-----", 
            "poll": 45
        }
    }, 
    {
        "pk": 39, 
        "model": "ticket_create.publickey", 
        "fields": {
            "public_key": "-----BEGIN PUBLIC KEY-----\nMIGfMA0GCSqGSIb3DQEBAQUAA4GNADCBiQKBgQC9qx+9SIVm4YBmauVPPthgXQG/\ndDftxPBAc5gqAzeDh1HGKkvnmQdCgrsk8++5d2lUYXpcExiQ7RKat84OVxleLJK9\nhAqexet+08v5EoE55dZbYqSczr0yulEaN2JKKNiQ5V3BrAulOQaVStWSyM+2oAXo\nO2dbQp63jL4dYyWKkQIDAQAB\n-----END PUBLIC KEY-----", 
            "poll": 46
        }
    }, 
    {
        "pk": 40, 
        "model": "ticket_create.publickey", 
        "fields": {
            "public_key": "-----BEGIN PUBLIC KEY-----\nMIGfMA0GCSqGSIb3DQEBAQUAA4GNADCBiQKBgQCsQnB0PqeFoorYhwmGriwxvLAe\nTpjP88UAjy7Lvg/r453akoCUDbRD8NWw1vQmUpmAz1b0gV6ICrxo534VbgNlCnyn\nE0TlEE8ofcG/nFC4+0bw7FR3wCFGn00svnB6+QRdcnEGaFE1vvxfZZSxUHx9VzXL\n5MOunDZf7vwlpS2P1QIDAQAB\n-----END PUBLIC KEY-----", 
            "poll": 47
        }
    }, 
    {
        "pk": 41, 
        "model": "ticket_create.publickey", 
        "fields": {
            "public_key": "-----BEGIN PUBLIC KEY-----\nMIGfMA0GCSqGSIb3DQEBAQUAA4GNADCBiQKBgQC2qdD97fv2zJ4vTtptWH9+NWal\niYT2PnVndVmBKwt2XN1dfrR9audd1mKnEmic9sMIq8EUvb2lQXAdjKrax7swoyJG\nmMyn4HjVr+1wGRof/H5Hkaw/l8J6pWVgmmmLZZ38dSfhiCah1Mq2FCIRugjUXCzH\nIJ2CrWnp/kRwnZcjRQIDAQAB\n-----END PUBLIC KEY-----", 
            "poll": 48
        }
    }, 
    {
        "pk": 42, 
        "model": "ticket_create.publickey", 
        "fields": {
            "public_key": "-----BEGIN PUBLIC KEY-----\nMIGfMA0GCSqGSIb3DQEBAQUAA4GNADCBiQKBgQCmJrmZUsnmr04SfbAUxIWJ9q5n\nEKMiwbKTIEn1GzXwpYIIWy0Ht8Kqj9DnCD7uPg0qu9qdjZQ2ujE1x0Kg4Srb+Yvi\nAFXT8GB+o4YTNyc0zHjVWkTN8k2Fe1aEtNHmZ55J/8TEyYZHkpm0PzC5Gszzq6Un\nGvkoaZ3l3rH8xrXEsQIDAQAB\n-----END PUBLIC KEY-----", 
            "poll": 49
        }
    }, 
    {
        "pk": 43, 
        "model": "ticket_create.publickey", 
        "fields": {
            "public_key": "-----BEGIN PUBLIC KEY-----\nMIGfMA0GCSqGSIb3DQEBAQUAA4GNADCBiQKBgQDQ05P/FP9GeUCFBHSywZGxTbNj\n1iB9wo2Ql41jk5jY5/WFWL9vGVkMymdEnow4tfS9PJrBY+SsVr88k9L6gpStnwox\n/c7GNyxm8P6w+0TP5JoqbVjEvJ51hiNWhddsRlFiAY0f69Kvo/jM0FBLNAkZWUo6\n60dDAN7qILoAyfEAgQIDAQAB\n-----END PUBLIC KEY-----", 
            "poll": 50
        }
    }, 
    {
        "pk": 44, 
        "model": "ticket_create.publickey", 
        "fields": {
            "public_key": "-----BEGIN PUBLIC KEY-----\nMIGfMA0GCSqGSIb3DQEBAQUAA4GNADCBiQKBgQDlrInjHIUBHKZk+zccDrq0Sog6\nmwbDDAIUJBRHCbBxBE3PmpG1mZxpA8wnmMCbUQg2wica082VPAU2LSMO2hLqQTD4\n4LOIIhSne08cbmMxGJiakDq+UaIv1yGy9LZC/mNe2jZRDHZyUJ48eBL12iisXclS\nT4WRNio7yozDrmRRmwIDAQAB\n-----END PUBLIC KEY-----", 
            "poll": 51
        }
    }, 
    {
        "pk": 45, 
        "model": "ticket_create.publickey", 
        "fields": {
            "public_key": "-----BEGIN PUBLIC KEY-----\nMIGfMA0GCSqGSIb3DQEBAQUAA4GNADCBiQKBgQDHKYTjVN3Q9FCPr5A8EuTlv5lU\n7YgwZx6PROd2oY+jpLseNOH4Ohf42cROZFmtKSegNX4uhq2nJycwcwtubqPwjPje\nL1UZ9/JyKbz3rry08UtLQI/+FtBTdIcAa2fkwFdnkSid0nCR7gz0Gv3xw5SW15mX\nMsRPcs4chLfz15nZ2QIDAQAB\n-----END PUBLIC KEY-----", 
            "poll": 52
        }
    }, 
    {
        "pk": 46, 
        "model": "ticket_create.publickey", 
        "fields": {
            "public_key": "-----BEGIN PUBLIC KEY-----\nMIGfMA0GCSqGSIb3DQEBAQUAA4GNADCBiQKBgQC9q87Tc1vz0a25PeJ99S8k6YCQ\nWraphpzcyhh5EHLw/+6N9sFStubAHmyUURuORsCZFyx6OLH5EOt7ONBQhM7Ht6Hw\nRcJbCPdxWeVvROkT69n+7mEkOqMjv/O7S3CBUDKYAb2LRbrXznkTeh25hOq7OT55\n4JllX8UBfgtn/lJ7gwIDAQAB\n-----END PUBLIC KEY-----", 
            "poll": 53
        }
    }, 
    {
        "pk": 47, 
        "model": "ticket_create.publickey", 
        "fields": {
            "public_key": "-----BEGIN PUBLIC KEY-----\nMIGfMA0GCSqGSIb3DQEBAQUAA4GNADCBiQKBgQCg+QJG0k3tlVlijy2wZGzTkqCi\n2Fx2uqzPPWvvso5EP3slx7XryJRC8OnWb4aeGi5lDKRaHG57mXZdFkQOfIjRcAPt\nc1qlnqPZw/UzhWM0G/oNDvd3HZrwmGspm3t+C+tWH0eih+zVidPm6LEg4V08bGcy\nOgUgxBjUGIX+bGKviQIDAQAB\n-----END PUBLIC KEY-----", 
            "poll": 54
        }
    }, 
    {
        "pk": 48, 
        "model": "ticket_create.publickey", 
        "fields": {
            "public_key": "-----BEGIN PUBLIC KEY-----\nMIGfMA0GCSqGSIb3DQEBAQUAA4GNADCBiQKBgQDHz7+K1uUzAtopUrSHSekvcm6S\nAoh76eDhmKFxwGg181BSSFpSU6OQ2qKsd4rx8/YWl51gdNLlZU78JW2dmSm0SZIr\nH8LgYvbmATEZWEgl2zJOfJCSoee/Bw1DDrXGmZxVMkrw0Enudom/oKjamC0ddbBp\ndqsixrzKIVOYJBaWDQIDAQAB\n-----END PUBLIC KEY-----", 
            "poll": 55
        }
    }, 
    {
        "pk": 49, 
        "model": "ticket_create.publickey", 
        "fields": {
            "public_key": "-----BEGIN PUBLIC KEY-----\nMIGfMA0GCSqGSIb3DQEBAQUAA4GNADCBiQKBgQDKUMyQCi1EMvTuKrwm0fcy9JHA\nB1uJgvBCpT2eD0lj3cj3p/1OgXPU84HBNwqesuB/nl/Ej7TGGZybMWkJMNxaCdxE\nqHcO9FcT7HOqwSaqBiNMMmzCUckDdf/0Xo/B2WCmctpHyxjz/hLBS8wgCUX5fJ77\nTVvx0HOKGSZG48964wIDAQAB\n-----END PUBLIC KEY-----", 
            "poll": 56
        }
    }, 
    {
        "pk": 50, 
        "model": "ticket_create.publickey", 
        "fields": {
            "public_key": "-----BEGIN PUBLIC KEY-----\nMIGfMA0GCSqGSIb3DQEBAQUAA4GNADCBiQKBgQDtarQbZ6X4VMgSDNVt3IlU+Nbx\nztE8iolwRCzlKr+5yOmZvtIp31n5t5dWiGx4mLBkq9DtktnrN+ZDA+H2nAyrVG6g\nNXmzpmIWroKaGhwgnSLfLb/1cbCz5gUq8g8GcfVTkZLXa7+0qzIVhf75V0BJxeeH\nI514DEgttUmqf6/PQwIDAQAB\n-----END PUBLIC KEY-----", 
            "poll": 57
        }
    }, 
    {
        "pk": 51, 
        "model": "ticket_create.publickey", 
        "fields": {
            "public_key": "-----BEGIN PUBLIC KEY-----\nMIGfMA0GCSqGSIb3DQEBAQUAA4GNADCBiQKBgQDWRyX0gWjXYQiT1Qt5M7aFyjqB\nd+fgkS+M55UR2LkkFLC3hQ7JUDTDyEmAndwdQSiPR+bx49QIXb4rWwMtUwKmv070\nUdkf4q+xOu0gFeGoh6P7OmHLi0hB0MxHyfsZf/lCd+ri17zNa/NiUTsnNNiN9L6v\n3hS8g/Yo3GOB7338xwIDAQAB\n-----END PUBLIC KEY-----", 
            "poll": 58
        }
    }, 
    {
        "pk": 52, 
        "model": "ticket_create.publickey", 
        "fields": {
            "public_key": "-----BEGIN PUBLIC KEY-----\nMIGfMA0GCSqGSIb3DQEBAQUAA4GNADCBiQKBgQC3U+WKK2bmSKqxFMFdrqU+8K1R\nr7pgUmSqn8Up+h1ziodWl3bpOjpo2o8gCttfoeO7qO+f3djMk2fBPyCbElkljq3Q\n/qdrDRi5568uAkuctjTwkkUNMNrFz3wVGMsgYg8MTAAjye8Ft4XUhfJ4bc/iFCpU\nczW8RqdHsKZCWTu+FwIDAQAB\n-----END PUBLIC KEY-----", 
            "poll": 59
        }
    }, 
    {
        "pk": 53, 
        "model": "ticket_create.publickey", 
        "fields": {
            "public_key": "-----BEGIN PUBLIC KEY-----\nMIGfMA0GCSqGSIb3DQEBAQUAA4GNADCBiQKBgQDfLHxkipAoiIkbRvwh9WGoKuDj\nJHi/BD0H79fTJMbNrw+GrkTuLwYkOGuAyqXsGNppr3Y5jDLD8+RJzTGwimoWJWWM\nq25s8dfNM8DtdaA/Ks0zpuqQqn+EO8qB3SxOqjZxlCEm2tW4vHAes8SN2GHaXIvf\nzAR3HjC9/4Uwp4zxZQIDAQAB\n-----END PUBLIC KEY-----", 
            "poll": 60
        }
    }, 
    {
        "pk": 54, 
        "model": "ticket_create.publickey", 
        "fields": {
            "public_key": "-----BEGIN PUBLIC KEY-----\nMIGfMA0GCSqGSIb3DQEBAQUAA4GNADCBiQKBgQCYYXVGs5X3bw/pbjtOmpCJtlyo\nM4NTLQt15K5qTqdL8lwd+N3nn2eQmep2C0Q6fBG5IAx1VKDZqG8LgEKbkeeRsAtk\nvX4cuAhUEJTeFDdNLq/kcVIxd+HJzAjsyeYobggeeSOnSL8YB+QoRFXBPA7EZ/MF\nzhkevugSweHHul9kBwIDAQAB\n-----END PUBLIC KEY-----", 
            "poll": 61
        }
    }, 
    {
        "pk": 55, 
        "model": "ticket_create.publickey", 
        "fields": {
            "public_key": "-----BEGIN PUBLIC KEY-----\nMIGfMA0GCSqGSIb3DQEBAQUAA4GNADCBiQKBgQDtZ1a81QrM86UOyi3TZ/gXA/SM\nvF8ft31jt75Hzn/B99pLZu8rR/UPHlDbnrKDazX80E0FIihE2D5QOa1DdwkCMGdn\n/fsVvXfwBdzWdSD6owWs9xt6AYDemZxJm9k8de4blRWAkqfQzN0moiTwA538CXr5\nL7aBaFpn7vETlG2PNwIDAQAB\n-----END PUBLIC KEY-----", 
            "poll": 62
        }
    }, 
    {
        "pk": 56, 
        "model": "ticket_create.publickey", 
        "fields": {
            "public_key": "-----BEGIN PUBLIC KEY-----\nMIGfMA0GCSqGSIb3DQEBAQUAA4GNADCBiQKBgQDS+zUw4dD4wXBlZhU4BsXnolwB\nrk1CZrW6GWCoRtQAHRDjK85Zp9ov8afimW4fZ1E1CqBiS1xLoH8h1vJtJm+NfaGZ\nhxS1QX93TdC01Z1DB0iZUw/U92QAx3SlYx2zykE4wFnV9EwVYdivmmKMqudJjmK5\nID3PKef8z0mMyFqigQIDAQAB\n-----END PUBLIC KEY-----", 
            "poll": 63
        }
    }, 
    {
        "pk": 57, 
        "model": "ticket_create.publickey", 
        "fields": {
            "public_key": "-----BEGIN PUBLIC KEY-----\nMIGfMA0GCSqGSIb3DQEBAQUAA4GNADCBiQKBgQCyVcMs0stejJ/hnGPkac1qoLXc\nE347eoSbl9V9bK51JePQaHJPjQkMTTLug+rafefW+sfV5dNuaOqzb8QgRycrtY3q\nFj0nGPdhA+xKM4y9NX/HMR/YcAzBXrCf59DibEK6sPjX58r3CKWeYtY9XRKYaBU6\nZTAhGobRsi8bVZ+vSQIDAQAB\n-----END PUBLIC KEY-----", 
            "poll": 64
        }
    }, 
    {
        "pk": 1, 
        "model": "subjects.type", 
        "fields": {
            "meta_type": false, 
            "group": 8, 
            "name": "Obowi\u0105zkowy 1"
        }
    }, 
    {
        "pk": 2, 
        "model": "subjects.type", 
        "fields": {
            "meta_type": false, 
            "group": 8, 
            "name": "Obowi\u0105zkowy 2"
        }
    }, 
    {
        "pk": 3, 
        "model": "subjects.type", 
        "fields": {
            "meta_type": false, 
            "group": 8, 
            "name": "Obowi\u0105zkowy 3"
        }
    }, 
    {
        "pk": 4, 
        "model": "subjects.type", 
        "fields": {
            "meta_type": false, 
            "group": 9, 
            "name": "Informatyczny 1"
        }
    }, 
    {
        "pk": 5, 
        "model": "subjects.type", 
        "fields": {
            "meta_type": false, 
            "group": 9, 
            "name": "Informatyczny 2"
        }
    }, 
    {
        "pk": 6, 
        "model": "subjects.type", 
        "fields": {
            "meta_type": false, 
            "group": 10, 
            "name": "Kurs"
        }
    }, 
    {
        "pk": 7, 
        "model": "subjects.type", 
        "fields": {
            "meta_type": false, 
            "group": null, 
            "name": "Seminarium"
        }
    }, 
    {
        "pk": 8, 
        "model": "subjects.type", 
        "fields": {
            "meta_type": true, 
            "group": null, 
            "name": "Obowi\u0105zkowy"
        }
    }, 
    {
        "pk": 9, 
        "model": "subjects.type", 
        "fields": {
            "meta_type": true, 
            "group": null, 
            "name": "Informatyczny"
        }
    }, 
    {
        "pk": 10, 
        "model": "subjects.type", 
        "fields": {
            "meta_type": true, 
            "group": null, 
            "name": "Kurs"
        }
    }, 
    {
        "pk": 11, 
        "model": "subjects.type", 
        "fields": {
            "meta_type": false, 
            "group": 10, 
            "name": "Projekt"
        }
    }, 
    {
        "pk": 12, 
        "model": "subjects.type", 
        "fields": {
            "meta_type": false, 
            "group": null, 
            "name": "Nieinformatyczny"
        }
    }, 
    {
        "pk": 101, 
        "model": "subjects.studentoptions", 
        "fields": {
            "records_opening_delay_hours": 66, 
            "student": 100, 
            "subject": 126
        }
    }, 
    {
        "pk": 102, 
        "model": "subjects.studentoptions", 
        "fields": {
            "records_opening_delay_hours": 50, 
            "student": 100, 
            "subject": 127
        }
    }, 
    {
        "pk": 103, 
        "model": "subjects.studentoptions", 
        "fields": {
            "records_opening_delay_hours": 6, 
            "student": 100, 
            "subject": 128
        }
    }, 
    {
        "pk": 104, 
        "model": "subjects.studentoptions", 
        "fields": {
            "records_opening_delay_hours": 73, 
            "student": 101, 
            "subject": 105
        }
    }, 
    {
        "pk": 105, 
        "model": "subjects.studentoptions", 
        "fields": {
            "records_opening_delay_hours": 76, 
            "student": 101, 
            "subject": 106
        }
    }, 
    {
        "pk": 106, 
        "model": "subjects.studentoptions", 
        "fields": {
            "records_opening_delay_hours": 18, 
            "student": 101, 
            "subject": 107
        }
    }, 
    {
        "pk": 107, 
        "model": "subjects.studentoptions", 
        "fields": {
            "records_opening_delay_hours": 67, 
            "student": 101, 
            "subject": 108
        }
    }, 
    {
        "pk": 108, 
        "model": "subjects.studentoptions", 
        "fields": {
            "records_opening_delay_hours": 5, 
            "student": 102, 
            "subject": 105
        }
    }, 
    {
        "pk": 109, 
        "model": "subjects.studentoptions", 
        "fields": {
            "records_opening_delay_hours": 68, 
            "student": 102, 
            "subject": 106
        }
    }, 
    {
        "pk": 110, 
        "model": "subjects.studentoptions", 
        "fields": {
            "records_opening_delay_hours": 26, 
            "student": 102, 
            "subject": 107
        }
    }, 
    {
        "pk": 111, 
        "model": "subjects.studentoptions", 
        "fields": {
            "records_opening_delay_hours": 26, 
            "student": 102, 
            "subject": 108
        }
    }, 
    {
        "pk": 112, 
        "model": "subjects.studentoptions", 
        "fields": {
            "records_opening_delay_hours": 0, 
            "student": 103, 
            "subject": 101
        }
    }, 
    {
        "pk": 113, 
        "model": "subjects.studentoptions", 
        "fields": {
            "records_opening_delay_hours": 95, 
            "student": 103, 
            "subject": 102
        }
    }, 
    {
        "pk": 114, 
        "model": "subjects.studentoptions", 
        "fields": {
            "records_opening_delay_hours": 84, 
            "student": 103, 
            "subject": 103
        }
    }, 
    {
        "pk": 115, 
        "model": "subjects.studentoptions", 
        "fields": {
            "records_opening_delay_hours": 43, 
            "student": 103, 
            "subject": 104
        }
    }, 
    {
        "pk": 116, 
        "model": "subjects.studentoptions", 
        "fields": {
            "records_opening_delay_hours": 16, 
            "student": 104, 
            "subject": 106
        }
    }, 
    {
        "pk": 117, 
        "model": "subjects.studentoptions", 
        "fields": {
            "records_opening_delay_hours": 95, 
            "student": 104, 
            "subject": 107
        }
    }, 
    {
        "pk": 118, 
        "model": "subjects.studentoptions", 
        "fields": {
            "records_opening_delay_hours": 86, 
            "student": 104, 
            "subject": 108
        }
    }, 
    {
        "pk": 119, 
        "model": "subjects.studentoptions", 
        "fields": {
            "records_opening_delay_hours": 15, 
            "student": 104, 
            "subject": 109
        }
    }, 
    {
        "pk": 120, 
        "model": "subjects.studentoptions", 
        "fields": {
            "records_opening_delay_hours": 11, 
            "student": 105, 
            "subject": 128
        }
    }, 
    {
        "pk": 121, 
        "model": "subjects.studentoptions", 
        "fields": {
            "records_opening_delay_hours": 52, 
            "student": 105, 
            "subject": 129
        }
    }, 
    {
        "pk": 122, 
        "model": "subjects.studentoptions", 
        "fields": {
            "records_opening_delay_hours": 43, 
            "student": 105, 
            "subject": 100
        }
    }, 
    {
        "pk": 123, 
        "model": "subjects.studentoptions", 
        "fields": {
            "records_opening_delay_hours": 89, 
            "student": 105, 
            "subject": 101
        }
    }, 
    {
        "pk": 124, 
        "model": "subjects.studentoptions", 
        "fields": {
            "records_opening_delay_hours": 38, 
            "student": 106, 
            "subject": 105
        }
    }, 
    {
        "pk": 125, 
        "model": "subjects.studentoptions", 
        "fields": {
            "records_opening_delay_hours": 32, 
            "student": 106, 
            "subject": 106
        }
    }, 
    {
        "pk": 126, 
        "model": "subjects.studentoptions", 
        "fields": {
            "records_opening_delay_hours": 31, 
            "student": 106, 
            "subject": 107
        }
    }, 
    {
        "pk": 127, 
        "model": "subjects.studentoptions", 
        "fields": {
            "records_opening_delay_hours": 40, 
            "student": 106, 
            "subject": 108
        }
    }, 
    {
        "pk": 128, 
        "model": "subjects.studentoptions", 
        "fields": {
            "records_opening_delay_hours": 88, 
            "student": 107, 
            "subject": 110
        }
    }, 
    {
        "pk": 129, 
        "model": "subjects.studentoptions", 
        "fields": {
            "records_opening_delay_hours": 14, 
            "student": 107, 
            "subject": 111
        }
    }, 
    {
        "pk": 130, 
        "model": "subjects.studentoptions", 
        "fields": {
            "records_opening_delay_hours": 66, 
            "student": 107, 
            "subject": 112
        }
    }, 
    {
        "pk": 131, 
        "model": "subjects.studentoptions", 
        "fields": {
            "records_opening_delay_hours": 58, 
            "student": 107, 
            "subject": 113
        }
    }, 
    {
        "pk": 132, 
        "model": "subjects.studentoptions", 
        "fields": {
            "records_opening_delay_hours": 63, 
            "student": 108, 
            "subject": 113
        }
    }, 
    {
        "pk": 133, 
        "model": "subjects.studentoptions", 
        "fields": {
            "records_opening_delay_hours": 63, 
            "student": 108, 
            "subject": 114
        }
    }, 
    {
        "pk": 134, 
        "model": "subjects.studentoptions", 
        "fields": {
            "records_opening_delay_hours": 1, 
            "student": 108, 
            "subject": 115
        }
    }, 
    {
        "pk": 135, 
        "model": "subjects.studentoptions", 
        "fields": {
            "records_opening_delay_hours": 89, 
            "student": 108, 
            "subject": 116
        }
    }, 
    {
        "pk": 136, 
        "model": "subjects.studentoptions", 
        "fields": {
            "records_opening_delay_hours": 55, 
            "student": 109, 
            "subject": 119
        }
    }, 
    {
        "pk": 137, 
        "model": "subjects.studentoptions", 
        "fields": {
            "records_opening_delay_hours": 89, 
            "student": 109, 
            "subject": 120
        }
    }, 
    {
        "pk": 138, 
        "model": "subjects.studentoptions", 
        "fields": {
            "records_opening_delay_hours": 36, 
            "student": 109, 
            "subject": 121
        }
    }, 
    {
        "pk": 139, 
        "model": "subjects.studentoptions", 
        "fields": {
            "records_opening_delay_hours": 39, 
            "student": 109, 
            "subject": 122
        }
    }, 
    {
        "pk": 140, 
        "model": "subjects.studentoptions", 
        "fields": {
            "records_opening_delay_hours": 83, 
            "student": 110, 
            "subject": 114
        }
    }, 
    {
        "pk": 141, 
        "model": "subjects.studentoptions", 
        "fields": {
            "records_opening_delay_hours": 7, 
            "student": 110, 
            "subject": 115
        }
    }, 
    {
        "pk": 142, 
        "model": "subjects.studentoptions", 
        "fields": {
            "records_opening_delay_hours": 31, 
            "student": 110, 
            "subject": 116
        }
    }, 
    {
        "pk": 143, 
        "model": "subjects.studentoptions", 
        "fields": {
            "records_opening_delay_hours": 69, 
            "student": 110, 
            "subject": 117
        }
    }, 
    {
        "pk": 144, 
        "model": "subjects.studentoptions", 
        "fields": {
            "records_opening_delay_hours": 30, 
            "student": 111, 
            "subject": 112
        }
    }, 
    {
        "pk": 145, 
        "model": "subjects.studentoptions", 
        "fields": {
            "records_opening_delay_hours": 32, 
            "student": 111, 
            "subject": 113
        }
    }, 
    {
        "pk": 146, 
        "model": "subjects.studentoptions", 
        "fields": {
            "records_opening_delay_hours": 74, 
            "student": 111, 
            "subject": 114
        }
    }, 
    {
        "pk": 147, 
        "model": "subjects.studentoptions", 
        "fields": {
            "records_opening_delay_hours": 73, 
            "student": 111, 
            "subject": 115
        }
    }, 
    {
        "pk": 148, 
        "model": "subjects.studentoptions", 
        "fields": {
            "records_opening_delay_hours": 91, 
            "student": 112, 
            "subject": 114
        }
    }, 
    {
        "pk": 149, 
        "model": "subjects.studentoptions", 
        "fields": {
            "records_opening_delay_hours": 64, 
            "student": 112, 
            "subject": 115
        }
    }, 
    {
        "pk": 150, 
        "model": "subjects.studentoptions", 
        "fields": {
            "records_opening_delay_hours": 58, 
            "student": 112, 
            "subject": 116
        }
    }, 
    {
        "pk": 151, 
        "model": "subjects.studentoptions", 
        "fields": {
            "records_opening_delay_hours": 22, 
            "student": 112, 
            "subject": 117
        }
    }, 
    {
        "pk": 152, 
        "model": "subjects.studentoptions", 
        "fields": {
            "records_opening_delay_hours": 48, 
            "student": 113, 
            "subject": 114
        }
    }, 
    {
        "pk": 153, 
        "model": "subjects.studentoptions", 
        "fields": {
            "records_opening_delay_hours": 62, 
            "student": 113, 
            "subject": 115
        }
    }, 
    {
        "pk": 154, 
        "model": "subjects.studentoptions", 
        "fields": {
            "records_opening_delay_hours": 18, 
            "student": 113, 
            "subject": 116
        }
    }, 
    {
        "pk": 155, 
        "model": "subjects.studentoptions", 
        "fields": {
            "records_opening_delay_hours": 67, 
            "student": 113, 
            "subject": 117
        }
    }, 
    {
        "pk": 156, 
        "model": "subjects.studentoptions", 
        "fields": {
            "records_opening_delay_hours": 51, 
            "student": 114, 
            "subject": 100
        }
    }, 
    {
        "pk": 157, 
        "model": "subjects.studentoptions", 
        "fields": {
            "records_opening_delay_hours": 30, 
            "student": 114, 
            "subject": 101
        }
    }, 
    {
        "pk": 158, 
        "model": "subjects.studentoptions", 
        "fields": {
            "records_opening_delay_hours": 83, 
            "student": 114, 
            "subject": 102
        }
    }, 
    {
        "pk": 159, 
        "model": "subjects.studentoptions", 
        "fields": {
            "records_opening_delay_hours": 5, 
            "student": 114, 
            "subject": 103
        }
    }, 
    {
        "pk": 160, 
        "model": "subjects.studentoptions", 
        "fields": {
            "records_opening_delay_hours": 73, 
            "student": 115, 
            "subject": 122
        }
    }, 
    {
        "pk": 161, 
        "model": "subjects.studentoptions", 
        "fields": {
            "records_opening_delay_hours": 60, 
            "student": 115, 
            "subject": 123
        }
    }, 
    {
        "pk": 162, 
        "model": "subjects.studentoptions", 
        "fields": {
            "records_opening_delay_hours": 61, 
            "student": 115, 
            "subject": 124
        }
    }, 
    {
        "pk": 163, 
        "model": "subjects.studentoptions", 
        "fields": {
            "records_opening_delay_hours": 9, 
            "student": 115, 
            "subject": 125
        }
    }, 
    {
        "pk": 164, 
        "model": "subjects.studentoptions", 
        "fields": {
            "records_opening_delay_hours": 98, 
            "student": 116, 
            "subject": 121
        }
    }, 
    {
        "pk": 165, 
        "model": "subjects.studentoptions", 
        "fields": {
            "records_opening_delay_hours": 44, 
            "student": 116, 
            "subject": 122
        }
    }, 
    {
        "pk": 166, 
        "model": "subjects.studentoptions", 
        "fields": {
            "records_opening_delay_hours": 59, 
            "student": 116, 
            "subject": 123
        }
    }, 
    {
        "pk": 167, 
        "model": "subjects.studentoptions", 
        "fields": {
            "records_opening_delay_hours": 29, 
            "student": 116, 
            "subject": 124
        }
    }, 
    {
        "pk": 168, 
        "model": "subjects.studentoptions", 
        "fields": {
            "records_opening_delay_hours": 33, 
            "student": 117, 
            "subject": 106
        }
    }, 
    {
        "pk": 169, 
        "model": "subjects.studentoptions", 
        "fields": {
            "records_opening_delay_hours": 11, 
            "student": 117, 
            "subject": 107
        }
    }, 
    {
        "pk": 170, 
        "model": "subjects.studentoptions", 
        "fields": {
            "records_opening_delay_hours": 50, 
            "student": 117, 
            "subject": 108
        }
    }, 
    {
        "pk": 171, 
        "model": "subjects.studentoptions", 
        "fields": {
            "records_opening_delay_hours": 60, 
            "student": 117, 
            "subject": 109
        }
    }, 
    {
        "pk": 172, 
        "model": "subjects.studentoptions", 
        "fields": {
            "records_opening_delay_hours": 24, 
            "student": 118, 
            "subject": 117
        }
    }, 
    {
        "pk": 173, 
        "model": "subjects.studentoptions", 
        "fields": {
            "records_opening_delay_hours": 51, 
            "student": 118, 
            "subject": 118
        }
    }, 
    {
        "pk": 174, 
        "model": "subjects.studentoptions", 
        "fields": {
            "records_opening_delay_hours": 1, 
            "student": 118, 
            "subject": 119
        }
    }, 
    {
        "pk": 175, 
        "model": "subjects.studentoptions", 
        "fields": {
            "records_opening_delay_hours": 34, 
            "student": 118, 
            "subject": 120
        }
    }, 
    {
        "pk": 176, 
        "model": "subjects.studentoptions", 
        "fields": {
            "records_opening_delay_hours": 57, 
            "student": 119, 
            "subject": 116
        }
    }, 
    {
        "pk": 177, 
        "model": "subjects.studentoptions", 
        "fields": {
            "records_opening_delay_hours": 83, 
            "student": 119, 
            "subject": 117
        }
    }, 
    {
        "pk": 178, 
        "model": "subjects.studentoptions", 
        "fields": {
            "records_opening_delay_hours": 88, 
            "student": 119, 
            "subject": 118
        }
    }, 
    {
        "pk": 179, 
        "model": "subjects.studentoptions", 
        "fields": {
            "records_opening_delay_hours": 76, 
            "student": 119, 
            "subject": 119
        }
    }, 
    {
        "pk": 180, 
        "model": "subjects.studentoptions", 
        "fields": {
            "records_opening_delay_hours": 9, 
            "student": 120, 
            "subject": 110
        }
    }, 
    {
        "pk": 181, 
        "model": "subjects.studentoptions", 
        "fields": {
            "records_opening_delay_hours": 79, 
            "student": 120, 
            "subject": 111
        }
    }, 
    {
        "pk": 182, 
        "model": "subjects.studentoptions", 
        "fields": {
            "records_opening_delay_hours": 32, 
            "student": 120, 
            "subject": 112
        }
    }, 
    {
        "pk": 183, 
        "model": "subjects.studentoptions", 
        "fields": {
            "records_opening_delay_hours": 44, 
            "student": 120, 
            "subject": 113
        }
    }, 
    {
        "pk": 184, 
        "model": "subjects.studentoptions", 
        "fields": {
            "records_opening_delay_hours": 4, 
            "student": 121, 
            "subject": 126
        }
    }, 
    {
        "pk": 185, 
        "model": "subjects.studentoptions", 
        "fields": {
            "records_opening_delay_hours": 17, 
            "student": 121, 
            "subject": 127
        }
    }, 
    {
        "pk": 186, 
        "model": "subjects.studentoptions", 
        "fields": {
            "records_opening_delay_hours": 48, 
            "student": 121, 
            "subject": 128
        }
    }, 
    {
        "pk": 187, 
        "model": "subjects.studentoptions", 
        "fields": {
            "records_opening_delay_hours": 18, 
            "student": 121, 
            "subject": 129
        }
    }, 
    {
        "pk": 188, 
        "model": "subjects.studentoptions", 
        "fields": {
            "records_opening_delay_hours": 0, 
            "student": 122, 
            "subject": 119
        }
    }, 
    {
        "pk": 189, 
        "model": "subjects.studentoptions", 
        "fields": {
            "records_opening_delay_hours": 16, 
            "student": 122, 
            "subject": 120
        }
    }, 
    {
        "pk": 190, 
        "model": "subjects.studentoptions", 
        "fields": {
            "records_opening_delay_hours": 75, 
            "student": 122, 
            "subject": 121
        }
    }, 
    {
        "pk": 191, 
        "model": "subjects.studentoptions", 
        "fields": {
            "records_opening_delay_hours": 11, 
            "student": 122, 
            "subject": 122
        }
    }, 
    {
        "pk": 192, 
        "model": "subjects.studentoptions", 
        "fields": {
            "records_opening_delay_hours": 41, 
            "student": 123, 
            "subject": 107
        }
    }, 
    {
        "pk": 193, 
        "model": "subjects.studentoptions", 
        "fields": {
            "records_opening_delay_hours": 44, 
            "student": 123, 
            "subject": 108
        }
    }, 
    {
        "pk": 194, 
        "model": "subjects.studentoptions", 
        "fields": {
            "records_opening_delay_hours": 61, 
            "student": 123, 
            "subject": 109
        }
    }, 
    {
        "pk": 195, 
        "model": "subjects.studentoptions", 
        "fields": {
            "records_opening_delay_hours": 44, 
            "student": 123, 
            "subject": 110
        }
    }, 
    {
        "pk": 196, 
        "model": "subjects.studentoptions", 
        "fields": {
            "records_opening_delay_hours": 50, 
            "student": 124, 
            "subject": 104
        }
    }, 
    {
        "pk": 197, 
        "model": "subjects.studentoptions", 
        "fields": {
            "records_opening_delay_hours": 68, 
            "student": 124, 
            "subject": 105
        }
    }, 
    {
        "pk": 198, 
        "model": "subjects.studentoptions", 
        "fields": {
            "records_opening_delay_hours": 8, 
            "student": 124, 
            "subject": 106
        }
    }, 
    {
        "pk": 199, 
        "model": "subjects.studentoptions", 
        "fields": {
            "records_opening_delay_hours": 51, 
            "student": 124, 
            "subject": 107
        }
    }, 
    {
        "pk": 200, 
        "model": "subjects.studentoptions", 
        "fields": {
            "records_opening_delay_hours": 34, 
            "student": 125, 
            "subject": 123
        }
    }, 
    {
        "pk": 201, 
        "model": "subjects.studentoptions", 
        "fields": {
            "records_opening_delay_hours": 60, 
            "student": 125, 
            "subject": 124
        }
    }, 
    {
        "pk": 202, 
        "model": "subjects.studentoptions", 
        "fields": {
            "records_opening_delay_hours": 38, 
            "student": 125, 
            "subject": 125
        }
    }, 
    {
        "pk": 203, 
        "model": "subjects.studentoptions", 
        "fields": {
            "records_opening_delay_hours": 22, 
            "student": 125, 
            "subject": 126
        }
    }, 
    {
        "pk": 204, 
        "model": "subjects.studentoptions", 
        "fields": {
            "records_opening_delay_hours": 40, 
            "student": 126, 
            "subject": 126
        }
    }, 
    {
        "pk": 205, 
        "model": "subjects.studentoptions", 
        "fields": {
            "records_opening_delay_hours": 83, 
            "student": 126, 
            "subject": 127
        }
    }, 
    {
        "pk": 206, 
        "model": "subjects.studentoptions", 
        "fields": {
            "records_opening_delay_hours": 68, 
            "student": 126, 
            "subject": 128
        }
    }, 
    {
        "pk": 207, 
        "model": "subjects.studentoptions", 
        "fields": {
            "records_opening_delay_hours": 72, 
            "student": 126, 
            "subject": 129
        }
    }, 
    {
        "pk": 208, 
        "model": "subjects.studentoptions", 
        "fields": {
            "records_opening_delay_hours": 4, 
            "student": 127, 
            "subject": 118
        }
    }, 
    {
        "pk": 209, 
        "model": "subjects.studentoptions", 
        "fields": {
            "records_opening_delay_hours": 77, 
            "student": 127, 
            "subject": 119
        }
    }, 
    {
        "pk": 210, 
        "model": "subjects.studentoptions", 
        "fields": {
            "records_opening_delay_hours": 97, 
            "student": 127, 
            "subject": 120
        }
    }, 
    {
        "pk": 211, 
        "model": "subjects.studentoptions", 
        "fields": {
            "records_opening_delay_hours": 5, 
            "student": 127, 
            "subject": 121
        }
    }, 
    {
        "pk": 212, 
        "model": "subjects.studentoptions", 
        "fields": {
            "records_opening_delay_hours": 28, 
            "student": 128, 
            "subject": 115
        }
    }, 
    {
        "pk": 213, 
        "model": "subjects.studentoptions", 
        "fields": {
            "records_opening_delay_hours": 5, 
            "student": 128, 
            "subject": 116
        }
    }, 
    {
        "pk": 214, 
        "model": "subjects.studentoptions", 
        "fields": {
            "records_opening_delay_hours": 63, 
            "student": 128, 
            "subject": 117
        }
    }, 
    {
        "pk": 215, 
        "model": "subjects.studentoptions", 
        "fields": {
            "records_opening_delay_hours": 4, 
            "student": 128, 
            "subject": 118
        }
    }, 
    {
        "pk": 216, 
        "model": "subjects.studentoptions", 
        "fields": {
            "records_opening_delay_hours": 60, 
            "student": 129, 
            "subject": 106
        }
    }, 
    {
        "pk": 217, 
        "model": "subjects.studentoptions", 
        "fields": {
            "records_opening_delay_hours": 97, 
            "student": 129, 
            "subject": 107
        }
    }, 
    {
        "pk": 218, 
        "model": "subjects.studentoptions", 
        "fields": {
            "records_opening_delay_hours": 12, 
            "student": 129, 
            "subject": 108
        }
    }, 
    {
        "pk": 219, 
        "model": "subjects.studentoptions", 
        "fields": {
            "records_opening_delay_hours": 73, 
            "student": 129, 
            "subject": 109
        }
    }, 
    {
        "pk": 220, 
        "model": "subjects.studentoptions", 
        "fields": {
            "records_opening_delay_hours": 69, 
            "student": 130, 
            "subject": 121
        }
    }, 
    {
        "pk": 221, 
        "model": "subjects.studentoptions", 
        "fields": {
            "records_opening_delay_hours": 23, 
            "student": 130, 
            "subject": 122
        }
    }, 
    {
        "pk": 222, 
        "model": "subjects.studentoptions", 
        "fields": {
            "records_opening_delay_hours": 62, 
            "student": 130, 
            "subject": 123
        }
    }, 
    {
        "pk": 223, 
        "model": "subjects.studentoptions", 
        "fields": {
            "records_opening_delay_hours": 77, 
            "student": 130, 
            "subject": 124
        }
    }, 
    {
        "pk": 224, 
        "model": "subjects.studentoptions", 
        "fields": {
            "records_opening_delay_hours": 17, 
            "student": 131, 
            "subject": 116
        }
    }, 
    {
        "pk": 225, 
        "model": "subjects.studentoptions", 
        "fields": {
            "records_opening_delay_hours": 63, 
            "student": 131, 
            "subject": 117
        }
    }, 
    {
        "pk": 226, 
        "model": "subjects.studentoptions", 
        "fields": {
            "records_opening_delay_hours": 87, 
            "student": 131, 
            "subject": 118
        }
    }, 
    {
        "pk": 227, 
        "model": "subjects.studentoptions", 
        "fields": {
            "records_opening_delay_hours": 7, 
            "student": 131, 
            "subject": 119
        }
    }, 
    {
        "pk": 228, 
        "model": "subjects.studentoptions", 
        "fields": {
            "records_opening_delay_hours": 23, 
            "student": 132, 
            "subject": 105
        }
    }, 
    {
        "pk": 229, 
        "model": "subjects.studentoptions", 
        "fields": {
            "records_opening_delay_hours": 47, 
            "student": 132, 
            "subject": 106
        }
    }, 
    {
        "pk": 230, 
        "model": "subjects.studentoptions", 
        "fields": {
            "records_opening_delay_hours": 21, 
            "student": 132, 
            "subject": 107
        }
    }, 
    {
        "pk": 231, 
        "model": "subjects.studentoptions", 
        "fields": {
            "records_opening_delay_hours": 43, 
            "student": 132, 
            "subject": 108
        }
    }, 
    {
        "pk": 232, 
        "model": "subjects.studentoptions", 
        "fields": {
            "records_opening_delay_hours": 49, 
            "student": 133, 
            "subject": 129
        }
    }, 
    {
        "pk": 233, 
        "model": "subjects.studentoptions", 
        "fields": {
            "records_opening_delay_hours": 0, 
            "student": 133, 
            "subject": 100
        }
    }, 
    {
        "pk": 234, 
        "model": "subjects.studentoptions", 
        "fields": {
            "records_opening_delay_hours": 96, 
            "student": 133, 
            "subject": 101
        }
    }, 
    {
        "pk": 235, 
        "model": "subjects.studentoptions", 
        "fields": {
            "records_opening_delay_hours": 46, 
            "student": 133, 
            "subject": 102
        }
    }, 
    {
        "pk": 236, 
        "model": "subjects.studentoptions", 
        "fields": {
            "records_opening_delay_hours": 43, 
            "student": 134, 
            "subject": 125
        }
    }, 
    {
        "pk": 237, 
        "model": "subjects.studentoptions", 
        "fields": {
            "records_opening_delay_hours": 75, 
            "student": 134, 
            "subject": 126
        }
    }, 
    {
        "pk": 238, 
        "model": "subjects.studentoptions", 
        "fields": {
            "records_opening_delay_hours": 62, 
            "student": 134, 
            "subject": 127
        }
    }, 
    {
        "pk": 239, 
        "model": "subjects.studentoptions", 
        "fields": {
            "records_opening_delay_hours": 6, 
            "student": 134, 
            "subject": 128
        }
    }, 
    {
        "pk": 240, 
        "model": "subjects.studentoptions", 
        "fields": {
            "records_opening_delay_hours": 78, 
            "student": 135, 
            "subject": 121
        }
    }, 
    {
        "pk": 241, 
        "model": "subjects.studentoptions", 
        "fields": {
            "records_opening_delay_hours": 19, 
            "student": 135, 
            "subject": 122
        }
    }, 
    {
        "pk": 242, 
        "model": "subjects.studentoptions", 
        "fields": {
            "records_opening_delay_hours": 80, 
            "student": 135, 
            "subject": 123
        }
    }, 
    {
        "pk": 243, 
        "model": "subjects.studentoptions", 
        "fields": {
            "records_opening_delay_hours": 90, 
            "student": 135, 
            "subject": 124
        }
    }, 
    {
        "pk": 244, 
        "model": "subjects.studentoptions", 
        "fields": {
            "records_opening_delay_hours": 74, 
            "student": 136, 
            "subject": 102
        }
    }, 
    {
        "pk": 245, 
        "model": "subjects.studentoptions", 
        "fields": {
            "records_opening_delay_hours": 11, 
            "student": 136, 
            "subject": 103
        }
    }, 
    {
        "pk": 246, 
        "model": "subjects.studentoptions", 
        "fields": {
            "records_opening_delay_hours": 16, 
            "student": 136, 
            "subject": 104
        }
    }, 
    {
        "pk": 247, 
        "model": "subjects.studentoptions", 
        "fields": {
            "records_opening_delay_hours": 36, 
            "student": 136, 
            "subject": 105
        }
    }, 
    {
        "pk": 248, 
        "model": "subjects.studentoptions", 
        "fields": {
            "records_opening_delay_hours": 42, 
            "student": 137, 
            "subject": 118
        }
    }, 
    {
        "pk": 249, 
        "model": "subjects.studentoptions", 
        "fields": {
            "records_opening_delay_hours": 5, 
            "student": 137, 
            "subject": 119
        }
    }, 
    {
        "pk": 250, 
        "model": "subjects.studentoptions", 
        "fields": {
            "records_opening_delay_hours": 51, 
            "student": 137, 
            "subject": 120
        }
    }, 
    {
        "pk": 251, 
        "model": "subjects.studentoptions", 
        "fields": {
            "records_opening_delay_hours": 29, 
            "student": 137, 
            "subject": 121
        }
    }, 
    {
        "pk": 252, 
        "model": "subjects.studentoptions", 
        "fields": {
            "records_opening_delay_hours": 89, 
            "student": 138, 
            "subject": 102
        }
    }, 
    {
        "pk": 253, 
        "model": "subjects.studentoptions", 
        "fields": {
            "records_opening_delay_hours": 5, 
            "student": 138, 
            "subject": 103
        }
    }, 
    {
        "pk": 254, 
        "model": "subjects.studentoptions", 
        "fields": {
            "records_opening_delay_hours": 59, 
            "student": 138, 
            "subject": 104
        }
    }, 
    {
        "pk": 255, 
        "model": "subjects.studentoptions", 
        "fields": {
            "records_opening_delay_hours": 10, 
            "student": 138, 
            "subject": 105
        }
    }, 
    {
        "pk": 256, 
        "model": "subjects.studentoptions", 
        "fields": {
            "records_opening_delay_hours": 30, 
            "student": 139, 
            "subject": 110
        }
    }, 
    {
        "pk": 257, 
        "model": "subjects.studentoptions", 
        "fields": {
            "records_opening_delay_hours": 59, 
            "student": 139, 
            "subject": 111
        }
    }, 
    {
        "pk": 258, 
        "model": "subjects.studentoptions", 
        "fields": {
            "records_opening_delay_hours": 0, 
            "student": 139, 
            "subject": 112
        }
    }, 
    {
        "pk": 259, 
        "model": "subjects.studentoptions", 
        "fields": {
            "records_opening_delay_hours": 79, 
            "student": 139, 
            "subject": 113
        }
    }, 
    {
        "pk": 100, 
        "model": "subjects.subjectentity", 
        "fields": {
            "name": "Wdra\u017canie system\u00f3w klasy ERP"
        }
    }, 
    {
        "pk": 101, 
        "model": "subjects.subjectentity", 
        "fields": {
            "name": "Text mining"
        }
    }, 
    {
        "pk": 102, 
        "model": "subjects.subjectentity", 
        "fields": {
            "name": "Algorytmy tekstowe"
        }
    }, 
    {
        "pk": 103, 
        "model": "subjects.subjectentity", 
        "fields": {
            "name": "Zastosowania wielomian\u00f3w Czebyszewa"
        }
    }, 
    {
        "pk": 104, 
        "model": "subjects.subjectentity", 
        "fields": {
            "name": "Wprowadzenie do logiki formalnej"
        }
    }, 
    {
        "pk": 105, 
        "model": "subjects.subjectentity", 
        "fields": {
            "name": "Teoretyczne podstawy j\u0119zyk\u00f3w programowania"
        }
    }, 
    {
        "pk": 106, 
        "model": "subjects.subjectentity", 
        "fields": {
            "name": "Seminarium: Protoko\u0142y Rynku Elektronicznego"
        }
    }, 
    {
        "pk": 107, 
        "model": "subjects.subjectentity", 
        "fields": {
            "name": "\tProcesory graficzne w obliczeniach r\u00f3wnoleg\u0142ych (CUDA)"
        }
    }, 
    {
        "pk": 108, 
        "model": "subjects.subjectentity", 
        "fields": {
            "name": "Kurs j\u0119zyka Lua"
        }
    }, 
    {
        "pk": 109, 
        "model": "subjects.subjectentity", 
        "fields": {
            "name": "Seminarium: Krzywe i powierzchnie w grafice komputerowej"
        }
    }, 
    {
        "pk": 110, 
        "model": "subjects.subjectentity", 
        "fields": {
            "name": "Seminarium: Algorytmika: nowe osi\u0105gni\u0119cia i trendy"
        }
    }, 
    {
        "pk": 111, 
        "model": "subjects.subjectentity", 
        "fields": {
            "name": "Kurs j\u0119zyka ANSI C z elementami C++ (ang.)"
        }
    }, 
    {
        "pk": 112, 
        "model": "subjects.subjectentity", 
        "fields": {
            "name": "Rachunek lambda"
        }
    }, 
    {
        "pk": 113, 
        "model": "subjects.subjectentity", 
        "fields": {
            "name": "Logika dla informatyk\u00f3w"
        }
    }, 
    {
        "pk": 114, 
        "model": "subjects.subjectentity", 
        "fields": {
            "name": "Programowanie funkcyjne"
        }
    }, 
    {
        "pk": 115, 
        "model": "subjects.subjectentity", 
        "fields": {
            "name": "Bazy danych 2"
        }
    }, 
    {
        "pk": 116, 
        "model": "subjects.subjectentity", 
        "fields": {
            "name": "Analiza numeryczna (M)"
        }
    }, 
    {
        "pk": 117, 
        "model": "subjects.subjectentity", 
        "fields": {
            "name": "Programowanie"
        }
    }, 
    {
        "pk": 118, 
        "model": "subjects.subjectentity", 
        "fields": {
            "name": "Modelowanie zjawisk przyrodniczych"
        }
    }, 
    {
        "pk": 119, 
        "model": "subjects.subjectentity", 
        "fields": {
            "name": "Licencjacki projekt programistyczny"
        }
    }, 
    {
        "pk": 120, 
        "model": "subjects.subjectentity", 
        "fields": {
            "name": "Analiza matematyczna"
        }
    }, 
    {
        "pk": 121, 
        "model": "subjects.subjectentity", 
        "fields": {
            "name": "Sieci neuronowe"
        }
    }, 
    {
        "pk": 122, 
        "model": "subjects.subjectentity", 
        "fields": {
            "name": "Kurs: UNIX - \u015brodowisko i narz\u0119dzia programowania"
        }
    }, 
    {
        "pk": 123, 
        "model": "subjects.subjectentity", 
        "fields": {
            "name": "Seminarium: Zastosowania algorytm\u00f3w ewolucyjnych"
        }
    }, 
    {
        "pk": 124, 
        "model": "subjects.subjectentity", 
        "fields": {
            "name": "Kurs programowania pod Windows w technologii .NET"
        }
    }, 
    {
        "pk": 125, 
        "model": "subjects.subjectentity", 
        "fields": {
            "name": "\tJ\u0119zyki formalne i z\u0142o\u017cono\u015b\u0107 obliczeniowa"
        }
    }, 
    {
        "pk": 126, 
        "model": "subjects.subjectentity", 
        "fields": {
            "name": "Bazy danych"
        }
    }, 
    {
        "pk": 127, 
        "model": "subjects.subjectentity", 
        "fields": {
            "name": "\tSeminarium: Bezpiecze\u0144stwo i ochrona informacji"
        }
    }, 
    {
        "pk": 128, 
        "model": "subjects.subjectentity", 
        "fields": {
            "name": "Algebra"
        }
    }, 
    {
        "pk": 129, 
        "model": "subjects.subjectentity", 
        "fields": {
            "name": "Zastosowanie teorii kategorii do konstruowania program\u00f3w"
        }
    }, 
    {
        "pk": 100, 
        "model": "subjects.subject", 
        "fields": {
            "lectures": 30, 
            "name": "Wdra\u017canie system\u00f3w klasy ERP", 
            "ects": 6, 
            "entity": 100, 
            "semester": 100, 
            "teachers": [
                1001
            ], 
            "exercises": 30, 
            "laboratories": 0, 
            "type": 5, 
            "slug": "wdrazanie-systemow-klasy-erp", 
            "description": "Opis"
        }
    }, 
    {
        "pk": 101, 
        "model": "subjects.subject", 
        "fields": {
            "lectures": 30, 
            "name": "Text mining", 
            "ects": 6, 
            "entity": 101, 
            "semester": 101, 
            "teachers": [
                1019
            ], 
            "exercises": 30, 
            "laboratories": 0, 
            "type": 5, 
            "slug": "text-mining", 
            "description": "Opis"
        }
    }, 
    {
        "pk": 102, 
        "model": "subjects.subject", 
        "fields": {
            "lectures": 30, 
            "name": "Algorytmy tekstowe", 
            "ects": 6, 
            "entity": 102, 
            "semester": 101, 
            "teachers": [
                1013
            ], 
            "exercises": 30, 
            "laboratories": 0, 
            "type": 5, 
            "slug": "algorytmy-tekstowe", 
            "description": "Opis"
        }
    }, 
    {
        "pk": 103, 
        "model": "subjects.subject", 
        "fields": {
            "lectures": 30, 
            "name": "Zastosowania wielomian\u00f3w Czebyszewa", 
            "ects": 6, 
            "entity": 103, 
            "semester": 100, 
            "teachers": [
                1002
            ], 
            "exercises": 30, 
            "laboratories": 0, 
            "type": 5, 
            "slug": "zastosowania-wielomianow-czebyszewa", 
            "description": "Opis"
        }
    }, 
    {
        "pk": 104, 
        "model": "subjects.subject", 
        "fields": {
            "lectures": 30, 
            "name": "Wprowadzenie do logiki formalnej", 
            "ects": 6, 
            "entity": 104, 
            "semester": 100, 
            "teachers": [
                1013
            ], 
            "exercises": 30, 
            "laboratories": 0, 
            "type": 5, 
            "slug": "wprowadzenie-do-logiki-formalnej", 
            "description": "Opis"
        }
    }, 
    {
        "pk": 105, 
        "model": "subjects.subject", 
        "fields": {
            "lectures": 30, 
            "name": "Teoretyczne podstawy j\u0119zyk\u00f3w programowania", 
            "ects": 6, 
            "entity": 105, 
            "semester": 100, 
            "teachers": [
                1009
            ], 
            "exercises": 30, 
            "laboratories": 0, 
            "type": 5, 
            "slug": "teoretyczne-podstawy-jezykow-programowania", 
            "description": "Opis"
        }
    }, 
    {
        "pk": 106, 
        "model": "subjects.subject", 
        "fields": {
            "lectures": 30, 
            "name": "Seminarium: Protoko\u0142y Rynku Elektronicznego", 
            "ects": 3, 
            "entity": 106, 
            "semester": 100, 
            "teachers": [
                1013
            ], 
            "exercises": 0, 
            "laboratories": 0, 
            "type": 6, 
            "slug": "seminarium-protokoly-rynku-elektronicznego", 
            "description": "Opis"
        }
    }, 
    {
        "pk": 107, 
        "model": "subjects.subject", 
        "fields": {
            "lectures": 30, 
            "name": "Procesory graficzne w obliczeniach r\u00f3wnoleg\u0142ych (CUDA)", 
            "ects": 5, 
            "entity": 107, 
            "semester": 101, 
            "teachers": [
                1016
            ], 
            "exercises": 0, 
            "laboratories": 30, 
            "type": 6, 
            "slug": "procesory-graficzne-w-obliczeniach-rownoleglych-cuda", 
            "description": "Opis"
        }
    }, 
    {
        "pk": 108, 
        "model": "subjects.subject", 
        "fields": {
            "lectures": 30, 
            "name": "Kurs j\u0119zyka Lua", 
            "ects": 5, 
            "entity": 108, 
            "semester": 101, 
            "teachers": [
                1012
            ], 
            "exercises": 0, 
            "laboratories": 15, 
            "type": 6, 
            "slug": "kurs-jezyka-lua", 
            "description": "Opis"
        }
    }, 
    {
        "pk": 109, 
        "model": "subjects.subject", 
        "fields": {
            "lectures": 30, 
            "name": "Seminarium: Krzywe i powierzchnie w grafice komputerowej", 
            "ects": 3, 
            "entity": 109, 
            "semester": 100, 
            "teachers": [
                1000
            ], 
            "exercises": 0, 
            "laboratories": 0, 
            "type": 7, 
            "slug": "seminarium-krzywe-i-powierzchnie-w-grafice-komputerowej", 
            "description": "Opis"
        }
    }, 
    {
        "pk": 110, 
        "model": "subjects.subject", 
        "fields": {
            "lectures": 30, 
            "name": "Seminarium: Algorytmika: nowe osi\u0105gni\u0119cia i trendy", 
            "ects": 3, 
            "entity": 110, 
            "semester": 100, 
            "teachers": [
                1013
            ], 
            "exercises": 0, 
            "laboratories": 0, 
            "type": 7, 
            "slug": "seminarium-algorytmika-nowe-osiagniecia-i-trendy", 
            "description": "Opis"
        }
    }, 
    {
        "pk": 111, 
        "model": "subjects.subject", 
        "fields": {
            "lectures": 30, 
            "name": "Kurs j\u0119zyka ANSI C z elementami C++", 
            "ects": 5, 
            "entity": 111, 
            "semester": 101, 
            "teachers": [
                1009
            ], 
            "exercises": 0, 
            "laboratories": 30, 
            "type": 6, 
            "slug": "kurs-jezyka-ansi-c-z-elementami-c", 
            "description": "Opis"
        }
    }, 
    {
        "pk": 112, 
        "model": "subjects.subject", 
        "fields": {
            "lectures": 30, 
            "name": "Rachunek lambda", 
            "ects": 6, 
            "entity": 112, 
            "semester": 100, 
            "teachers": [
                1011
            ], 
            "exercises": 30, 
            "laboratories": 0, 
            "type": 5, 
            "slug": "rachunek-lambda", 
            "description": "Opis"
        }
    }, 
    {
        "pk": 113, 
        "model": "subjects.subject", 
        "fields": {
            "lectures": 30, 
            "name": "Logika dla informatyk\u00f3w", 
            "ects": 7, 
            "entity": 113, 
            "semester": 101, 
            "teachers": [
                1000
            ], 
            "exercises": 30, 
            "laboratories": 0, 
            "type": 1, 
            "slug": "logika-dla-informatykow", 
            "description": "Opis"
        }
    }, 
    {
        "pk": 114, 
        "model": "subjects.subject", 
        "fields": {
            "lectures": 30, 
            "name": "Programowanie funkcyjne", 
            "ects": 6, 
            "entity": 114, 
            "semester": 100, 
            "teachers": [
                1000
            ], 
            "exercises": 30, 
            "laboratories": 0, 
            "type": 5, 
            "slug": "programowanie-funkcyjne", 
            "description": "Opis"
        }
    }, 
    {
        "pk": 115, 
        "model": "subjects.subject", 
        "fields": {
            "lectures": 30, 
            "name": "Bazy danych 2", 
            "ects": 6, 
            "entity": 115, 
            "semester": 101, 
            "teachers": [
                1010
            ], 
            "exercises": 15, 
            "laboratories": 15, 
            "type": 5, 
            "slug": "bazy-danych-2", 
            "description": "Opis"
        }
    }, 
    {
        "pk": 116, 
        "model": "subjects.subject", 
        "fields": {
            "lectures": 30, 
            "name": "Analiza numeryczna (M)", 
            "ects": 12, 
            "entity": 116, 
            "semester": 101, 
            "teachers": [
                1019
            ], 
            "exercises": 30, 
            "laboratories": 15, 
            "type": 2, 
            "slug": "analiza-numeryczna-m", 
            "description": "Opis"
        }
    }, 
    {
        "pk": 117, 
        "model": "subjects.subject", 
        "fields": {
            "lectures": 30, 
            "name": "Programowanie", 
            "ects": 9, 
            "entity": 117, 
            "semester": 100, 
            "teachers": [
                1004
            ], 
            "exercises": 30, 
            "laboratories": 15, 
            "type": 2, 
            "slug": "programowanie", 
            "description": "Opis"
        }
    }, 
    {
        "pk": 118, 
        "model": "subjects.subject", 
        "fields": {
            "lectures": 30, 
            "name": "Modelowanie zjawisk przyrodniczych", 
            "ects": 6, 
            "entity": 118, 
            "semester": 100, 
            "teachers": [
                1013
            ], 
            "exercises": 0, 
            "laboratories": 30, 
            "type": 5, 
            "slug": "modelowanie-zjawisk-przyrodniczych", 
            "description": "Opis"
        }
    }, 
    {
        "pk": 119, 
        "model": "subjects.subject", 
        "fields": {
            "lectures": 0, 
            "name": "Licencjacki projekt programistyczny", 
            "ects": 4, 
            "entity": 119, 
            "semester": 100, 
            "teachers": [
                1000
            ], 
            "exercises": 0, 
            "laboratories": 30, 
            "type": 6, 
            "slug": "licencjacki-projekt-programistyczny", 
            "description": "Opis"
        }
    }, 
    {
        "pk": 120, 
        "model": "subjects.subject", 
        "fields": {
            "lectures": 30, 
            "name": "Analiza matematyczna", 
            "ects": 6, 
            "entity": 120, 
            "semester": 101, 
            "teachers": [
                1018
            ], 
            "exercises": 45, 
            "laboratories": 0, 
            "type": 1, 
            "slug": "analiza-matematyczna", 
            "description": "Opis"
        }
    }, 
    {
        "pk": 121, 
        "model": "subjects.subject", 
        "fields": {
            "lectures": 30, 
            "name": "Sieci neuronowe", 
            "ects": 6, 
            "entity": 121, 
            "semester": 101, 
            "teachers": [
                1012
            ], 
            "exercises": 0, 
            "laboratories": 30, 
            "type": 5, 
            "slug": "sieci-neuronowe", 
            "description": "Opis"
        }
    }, 
    {
        "pk": 122, 
        "model": "subjects.subject", 
        "fields": {
            "lectures": 30, 
            "name": "Kurs: UNIX - \u015brodowisko i narz\u0119dzia programowania", 
            "ects": 5, 
            "entity": 122, 
            "semester": 100, 
            "teachers": [
                1004
            ], 
            "exercises": 0, 
            "laboratories": 30, 
            "type": 6, 
            "slug": "kurs-unix-srodowisko-i-narzedzia-programowania", 
            "description": "Opis"
        }
    }, 
    {
        "pk": 123, 
        "model": "subjects.subject", 
        "fields": {
            "lectures": 30, 
            "name": "Seminarium: Zastosowania algorytm\u00f3w ewolucyjnych", 
            "ects": 3, 
            "entity": 123, 
            "semester": 101, 
            "teachers": [
                1015
            ], 
            "exercises": 0, 
            "laboratories": 0, 
            "type": 7, 
            "slug": "seminarium-zastosowania-algorytmow-ewolucyjnych", 
            "description": "Opis"
        }
    }, 
    {
        "pk": 124, 
        "model": "subjects.subject", 
        "fields": {
            "lectures": 30, 
            "name": "Kurs programowania pod Windows w technologii .NET", 
            "ects": 5, 
            "entity": 124, 
            "semester": 100, 
            "teachers": [
                1019
            ], 
            "exercises": 0, 
            "laboratories": 30, 
            "type": 6, 
            "slug": "kurs-programowania-pod-windows-w-technologii-net", 
            "description": "Opis"
        }
    }, 
    {
        "pk": 125, 
        "model": "subjects.subject", 
        "fields": {
            "lectures": 30, 
            "name": "J\u0119zyki formalne i z\u0142o\u017cono\u015b\u0107 obliczeniowa", 
            "ects": 9, 
            "entity": 125, 
            "semester": 100, 
            "teachers": [
                1004
            ], 
            "exercises": 30, 
            "laboratories": 0, 
            "type": 3, 
            "slug": "jezyki-formalne-i-zlozonosc-obliczeniowa", 
            "description": "Opis"
        }
    }, 
    {
        "pk": 126, 
        "model": "subjects.subject", 
        "fields": {
            "lectures": 30, 
            "name": "Bazy danych", 
            "ects": 6, 
            "entity": 126, 
            "semester": 100, 
            "teachers": [
                1012
            ], 
            "exercises": 15, 
            "laboratories": 15, 
            "type": 4, 
            "slug": "bazy-danych", 
            "description": "Opis"
        }
    }, 
    {
        "pk": 127, 
        "model": "subjects.subject", 
        "fields": {
            "lectures": 30, 
            "name": "Seminarium: Bezpiecze\u0144stwo i ochrona informacji", 
            "ects": 3, 
            "entity": 127, 
            "semester": 101, 
            "teachers": [
                1007
            ], 
            "exercises": 0, 
            "laboratories": 0, 
            "type": 7, 
            "slug": "seminarium-bezpieczenstwo-i-ochrona-informacji", 
            "description": "Opis"
        }
    }, 
    {
        "pk": 128, 
        "model": "subjects.subject", 
        "fields": {
            "lectures": 45, 
            "name": "Algebra", 
            "ects": 6, 
            "entity": 128, 
            "semester": 100, 
            "teachers": [
                1016
            ], 
            "exercises": 30, 
            "laboratories": 0, 
            "type": 1, 
            "slug": "algebra", 
            "description": "Opis"
        }
    }, 
    {
        "pk": 129, 
        "model": "subjects.subject", 
        "fields": {
            "lectures": 30, 
            "name": "Zastosowanie teorii kategorii do konstruowania program\u00f3w", 
            "ects": 6, 
            "entity": 129, 
            "semester": 101, 
            "teachers": [
                1006
            ], 
            "exercises": 30, 
            "laboratories": 0, 
            "type": 5, 
            "slug": "zastosowanie-teorii-kategorii-do-konstruowania-programow", 
            "description": "Opis"
        }
    }, 
    {
        "pk": 100, 
        "model": "subjects.group", 
        "fields": {
            "limit": 20, 
            "type": "1", 
            "teacher": 1015, 
            "subject": 100
        }
    }, 
    {
        "pk": 101, 
        "model": "subjects.group", 
        "fields": {
            "limit": 20, 
            "type": "2", 
            "teacher": 1012, 
            "subject": 100
        }
    }, 
    {
        "pk": 102, 
        "model": "subjects.group", 
        "fields": {
            "limit": 20, 
            "type": "2", 
            "teacher": 1012, 
            "subject": 100
        }
    }, 
    {
        "pk": 107, 
        "model": "subjects.group", 
        "fields": {
            "limit": 20, 
            "type": "1", 
            "teacher": 1017, 
            "subject": 103
        }
    }, 
    {
        "pk": 108, 
        "model": "subjects.group", 
        "fields": {
            "limit": 20, 
            "type": "2", 
            "teacher": 1016, 
            "subject": 103
        }
    }, 
    {
        "pk": 109, 
        "model": "subjects.group", 
        "fields": {
            "limit": 20, 
            "type": "1", 
            "teacher": 1016, 
            "subject": 104
        }
    }, 
    {
        "pk": 110, 
        "model": "subjects.group", 
        "fields": {
            "limit": 20, 
            "type": "2", 
            "teacher": 1003, 
            "subject": 104
        }
    }, 
    {
        "pk": 111, 
        "model": "subjects.group", 
        "fields": {
            "limit": 20, 
            "type": "2", 
            "teacher": 1019, 
            "subject": 104
        }
    }, 
    {
        "pk": 112, 
        "model": "subjects.group", 
        "fields": {
            "limit": 20, 
            "type": "1", 
            "teacher": 1015, 
            "subject": 105
        }
    }, 
    {
        "pk": 113, 
        "model": "subjects.group", 
        "fields": {
            "limit": 20, 
            "type": "2", 
            "teacher": 1009, 
            "subject": 105
        }
    }, 
    {
        "pk": 114, 
        "model": "subjects.group", 
        "fields": {
            "limit": 20, 
            "type": "2", 
            "teacher": 1018, 
            "subject": 105
        }
    }, 
    {
        "pk": 115, 
        "model": "subjects.group", 
        "fields": {
            "limit": 20, 
            "type": "2", 
            "teacher": 1007, 
            "subject": 105
        }
    }, 
    {
        "pk": 116, 
        "model": "subjects.group", 
        "fields": {
            "limit": 20, 
            "type": "6", 
            "teacher": 1014, 
            "subject": 106
        }
    }, 
    {
        "pk": 117, 
        "model": "subjects.group", 
        "fields": {
            "limit": 20, 
            "type": "6", 
            "teacher": 1013, 
            "subject": 106
        }
    }, 
    {
        "pk": 118, 
        "model": "subjects.group", 
        "fields": {
            "limit": 20, 
            "type": "6", 
            "teacher": 1006, 
            "subject": 106
        }
    }, 
    {
        "pk": 119, 
        "model": "subjects.group", 
        "fields": {
            "limit": 20, 
            "type": "6", 
            "teacher": 1012, 
            "subject": 106
        }
    }, 
    {
        "pk": 120, 
        "model": "subjects.group", 
        "fields": {
            "limit": 20, 
            "type": "6", 
            "teacher": 1011, 
            "subject": 106
        }
    }, 
    {
        "pk": 128, 
        "model": "subjects.group", 
        "fields": {
            "limit": 20, 
            "type": "6", 
            "teacher": 1017, 
            "subject": 109
        }
    }, 
    {
        "pk": 129, 
        "model": "subjects.group", 
        "fields": {
            "limit": 20, 
            "type": "6", 
            "teacher": 1002, 
            "subject": 109
        }
    }, 
    {
        "pk": 130, 
        "model": "subjects.group", 
        "fields": {
            "limit": 20, 
            "type": "6", 
            "teacher": 1010, 
            "subject": 109
        }
    }, 
    {
        "pk": 131, 
        "model": "subjects.group", 
        "fields": {
            "limit": 20, 
            "type": "6", 
            "teacher": 1015, 
            "subject": 109
        }
    }, 
    {
        "pk": 132, 
        "model": "subjects.group", 
        "fields": {
            "limit": 20, 
            "type": "6", 
            "teacher": 1006, 
            "subject": 110
        }
    }, 
    {
        "pk": 133, 
        "model": "subjects.group", 
        "fields": {
            "limit": 20, 
            "type": "6", 
            "teacher": 1011, 
            "subject": 110
        }
    }, 
    {
        "pk": 134, 
        "model": "subjects.group", 
        "fields": {
            "limit": 20, 
            "type": "6", 
            "teacher": 1015, 
            "subject": 110
        }
    }, 
    {
        "pk": 135, 
        "model": "subjects.group", 
        "fields": {
            "limit": 20, 
            "type": "6", 
            "teacher": 1001, 
            "subject": 110
        }
    }, 
    {
        "pk": 140, 
        "model": "subjects.group", 
        "fields": {
            "limit": 20, 
            "type": "1", 
            "teacher": 1003, 
            "subject": 112
        }
    }, 
    {
        "pk": 141, 
        "model": "subjects.group", 
        "fields": {
            "limit": 20, 
            "type": "2", 
            "teacher": 1012, 
            "subject": 112
        }
    }, 
    {
        "pk": 142, 
        "model": "subjects.group", 
        "fields": {
            "limit": 20, 
            "type": "2", 
            "teacher": 1016, 
            "subject": 112
        }
    }, 
    {
        "pk": 146, 
        "model": "subjects.group", 
        "fields": {
            "limit": 20, 
            "type": "1", 
            "teacher": 1014, 
            "subject": 114
        }
    }, 
    {
        "pk": 147, 
        "model": "subjects.group", 
        "fields": {
            "limit": 20, 
            "type": "3", 
            "teacher": 1005, 
            "subject": 114
        }
    }, 
    {
        "pk": 148, 
        "model": "subjects.group", 
        "fields": {
            "limit": 20, 
            "type": "3", 
            "teacher": 1001, 
            "subject": 114
        }
    }, 
    {
        "pk": 157, 
        "model": "subjects.group", 
        "fields": {
            "limit": 20, 
            "type": "1", 
            "teacher": 1004, 
            "subject": 117
        }
    }, 
    {
        "pk": 158, 
        "model": "subjects.group", 
        "fields": {
            "limit": 20, 
            "type": "2", 
            "teacher": 1016, 
            "subject": 117
        }
    }, 
    {
        "pk": 159, 
        "model": "subjects.group", 
        "fields": {
            "limit": 20, 
            "type": "3", 
            "teacher": 1005, 
            "subject": 117
        }
    }, 
    {
        "pk": 160, 
        "model": "subjects.group", 
        "fields": {
            "limit": 20, 
            "type": "1", 
            "teacher": 1015, 
            "subject": 118
        }
    }, 
    {
        "pk": 161, 
        "model": "subjects.group", 
        "fields": {
            "limit": 20, 
            "type": "3", 
            "teacher": 1001, 
            "subject": 118
        }
    }, 
    {
        "pk": 162, 
        "model": "subjects.group", 
        "fields": {
            "limit": 20, 
            "type": "3", 
            "teacher": 1006, 
            "subject": 118
        }
    }, 
    {
        "pk": 163, 
        "model": "subjects.group", 
        "fields": {
            "limit": 20, 
            "type": "3", 
            "teacher": 1019, 
            "subject": 118
        }
    }, 
    {
        "pk": 164, 
        "model": "subjects.group", 
        "fields": {
            "limit": 20, 
            "type": "3", 
            "teacher": 1004, 
            "subject": 119
        }
    }, 
    {
        "pk": 165, 
        "model": "subjects.group", 
        "fields": {
            "limit": 20, 
            "type": "3", 
            "teacher": 1004, 
            "subject": 119
        }
    }, 
    {
        "pk": 166, 
        "model": "subjects.group", 
        "fields": {
            "limit": 20, 
            "type": "3", 
            "teacher": 1012, 
            "subject": 119
        }
    }, 
    {
        "pk": 167, 
        "model": "subjects.group", 
        "fields": {
            "limit": 20, 
            "type": "3", 
            "teacher": 1007, 
            "subject": 119
        }
    }, 
    {
        "pk": 168, 
        "model": "subjects.group", 
        "fields": {
            "limit": 20, 
            "type": "3", 
            "teacher": 1001, 
            "subject": 119
        }
    }, 
    {
        "pk": 178, 
        "model": "subjects.group", 
        "fields": {
            "limit": 20, 
            "type": "1", 
            "teacher": 1009, 
            "subject": 122
        }
    }, 
    {
        "pk": 179, 
        "model": "subjects.group", 
        "fields": {
            "limit": 20, 
            "type": "3", 
            "teacher": 1010, 
            "subject": 122
        }
    }, 
    {
        "pk": 184, 
        "model": "subjects.group", 
        "fields": {
            "limit": 0, 
            "type": "1", 
            "teacher": 1007, 
            "subject": 124
        }
    }, 
    {
        "pk": 185, 
        "model": "subjects.group", 
        "fields": {
            "limit": 20, 
            "type": "1", 
            "teacher": 1011, 
            "subject": 125
        }
    }, 
    {
        "pk": 186, 
        "model": "subjects.group", 
        "fields": {
            "limit": 20, 
            "type": "2", 
            "teacher": 1013, 
            "subject": 125
        }
    }, 
    {
        "pk": 187, 
        "model": "subjects.group", 
        "fields": {
            "limit": 20, 
            "type": "2", 
            "teacher": 1003, 
            "subject": 125
        }
    }, 
    {
        "pk": 188, 
        "model": "subjects.group", 
        "fields": {
            "limit": 20, 
            "type": "1", 
            "teacher": 1010, 
            "subject": 126
        }
    }, 
    {
        "pk": 189, 
        "model": "subjects.group", 
        "fields": {
            "limit": 20, 
            "type": "5", 
            "teacher": 1007, 
            "subject": 126
        }
    }, 
    {
        "pk": 195, 
        "model": "subjects.group", 
        "fields": {
            "limit": 20, 
            "type": "1", 
            "teacher": 1003, 
            "subject": 128
        }
    }, 
    {
        "pk": 196, 
        "model": "subjects.group", 
        "fields": {
            "limit": 20, 
            "type": "2", 
            "teacher": 1016, 
            "subject": 128
        }
    }, 
    {
        "pk": 197, 
        "model": "subjects.group", 
        "fields": {
            "limit": 20, 
            "type": "2", 
            "teacher": 1003, 
            "subject": 128
        }
    }, 
    {
        "pk": 198, 
        "model": "subjects.group", 
        "fields": {
            "limit": 20, 
            "type": "2", 
            "teacher": 1013, 
            "subject": 128
        }
    }, 
    {
        "pk": 199, 
        "model": "subjects.group", 
        "fields": {
            "limit": 20, 
            "type": "2", 
            "teacher": 1002, 
            "subject": 128
        }
    }, 
    {
        "pk": 100, 
        "model": "subjects.classroom", 
        "fields": {
            "number": "62"
        }
    }, 
    {
        "pk": 101, 
        "model": "subjects.classroom", 
        "fields": {
            "number": "37"
        }
    }, 
    {
        "pk": 102, 
        "model": "subjects.classroom", 
        "fields": {
            "number": "35"
        }
    }, 
    {
        "pk": 103, 
        "model": "subjects.classroom", 
        "fields": {
            "number": "74"
        }
    }, 
    {
        "pk": 104, 
        "model": "subjects.classroom", 
        "fields": {
            "number": "42"
        }
    }, 
    {
        "pk": 105, 
        "model": "subjects.classroom", 
        "fields": {
            "number": "79"
        }
    }, 
    {
        "pk": 106, 
        "model": "subjects.classroom", 
        "fields": {
            "number": "61"
        }
    }, 
    {
        "pk": 107, 
        "model": "subjects.classroom", 
        "fields": {
            "number": "54"
        }
    }, 
    {
        "pk": 108, 
        "model": "subjects.classroom", 
        "fields": {
            "number": "85"
        }
    }, 
    {
        "pk": 109, 
        "model": "subjects.classroom", 
        "fields": {
            "number": "66"
        }
    }, 
    {
        "pk": 110, 
        "model": "subjects.classroom", 
        "fields": {
            "number": "57"
        }
    }, 
    {
        "pk": 111, 
        "model": "subjects.classroom", 
        "fields": {
            "number": "75"
        }
    }, 
    {
        "pk": 112, 
        "model": "subjects.classroom", 
        "fields": {
            "number": "95"
        }
    }, 
    {
        "pk": 113, 
        "model": "subjects.classroom", 
        "fields": {
            "number": "36"
        }
    }, 
    {
        "pk": 114, 
        "model": "subjects.classroom", 
        "fields": {
            "number": "77"
        }
    }, 
    {
        "pk": 115, 
        "model": "subjects.classroom", 
        "fields": {
            "number": "42"
        }
    }, 
    {
        "pk": 116, 
        "model": "subjects.classroom", 
        "fields": {
            "number": "24"
        }
    }, 
    {
        "pk": 117, 
        "model": "subjects.classroom", 
        "fields": {
            "number": "84"
        }
    }, 
    {
        "pk": 118, 
        "model": "subjects.classroom", 
        "fields": {
            "number": "29"
        }
    }, 
    {
        "pk": 119, 
        "model": "subjects.classroom", 
        "fields": {
            "number": "11"
        }
    }, 
    {
        "pk": 100, 
        "model": "subjects.term", 
        "fields": {
            "dayOfWeek": "1", 
            "classroom": 101, 
            "start_time": "16:00:00", 
            "group": 100, 
            "end_time": "18:00:00"
        }
    }, 
    {
        "pk": 101, 
        "model": "subjects.term", 
        "fields": {
            "dayOfWeek": "2", 
            "classroom": 103, 
            "start_time": "10:00:00", 
            "group": 101, 
            "end_time": "12:00:00"
        }
    }, 
    {
        "pk": 102, 
        "model": "subjects.term", 
        "fields": {
            "dayOfWeek": "3", 
            "classroom": 110, 
            "start_time": "14:00:00", 
            "group": 102, 
            "end_time": "16:00:00"
        }
    }, 
    {
        "pk": 107, 
        "model": "subjects.term", 
        "fields": {
            "dayOfWeek": "3", 
            "classroom": 104, 
            "start_time": "16:00:00", 
            "group": 107, 
            "end_time": "18:00:00"
        }
    }, 
    {
        "pk": 108, 
        "model": "subjects.term", 
        "fields": {
            "dayOfWeek": "4", 
            "classroom": 104, 
            "start_time": "12:00:00", 
            "group": 108, 
            "end_time": "14:00:00"
        }
    }, 
    {
        "pk": 109, 
        "model": "subjects.term", 
        "fields": {
            "dayOfWeek": "5", 
            "classroom": 118, 
            "start_time": "14:00:00", 
            "group": 109, 
            "end_time": "16:00:00"
        }
    }, 
    {
        "pk": 110, 
        "model": "subjects.term", 
        "fields": {
            "dayOfWeek": "1", 
            "classroom": 107, 
            "start_time": "16:00:00", 
            "group": 110, 
            "end_time": "18:00:00"
        }
    }, 
    {
        "pk": 111, 
        "model": "subjects.term", 
        "fields": {
            "dayOfWeek": "2", 
            "classroom": 110, 
            "start_time": "12:00:00", 
            "group": 111, 
            "end_time": "14:00:00"
        }
    }, 
    {
        "pk": 112, 
        "model": "subjects.term", 
        "fields": {
            "dayOfWeek": "3", 
            "classroom": 102, 
            "start_time": "16:00:00", 
            "group": 112, 
            "end_time": "18:00:00"
        }
    }, 
    {
        "pk": 113, 
        "model": "subjects.term", 
        "fields": {
            "dayOfWeek": "4", 
            "classroom": 111, 
            "start_time": "10:00:00", 
            "group": 113, 
            "end_time": "12:00:00"
        }
    }, 
    {
        "pk": 114, 
        "model": "subjects.term", 
        "fields": {
            "dayOfWeek": "5", 
            "classroom": 114, 
            "start_time": "14:00:00", 
            "group": 114, 
            "end_time": "16:00:00"
        }
    }, 
    {
        "pk": 115, 
        "model": "subjects.term", 
        "fields": {
            "dayOfWeek": "1", 
            "classroom": 114, 
            "start_time": "14:00:00", 
            "group": 115, 
            "end_time": "16:00:00"
        }
    }, 
    {
        "pk": 116, 
        "model": "subjects.term", 
        "fields": {
            "dayOfWeek": "2", 
            "classroom": 102, 
            "start_time": "16:00:00", 
            "group": 116, 
            "end_time": "18:00:00"
        }
    }, 
    {
        "pk": 117, 
        "model": "subjects.term", 
        "fields": {
            "dayOfWeek": "3", 
            "classroom": 101, 
            "start_time": "12:00:00", 
            "group": 117, 
            "end_time": "14:00:00"
        }
    }, 
    {
        "pk": 118, 
        "model": "subjects.term", 
        "fields": {
            "dayOfWeek": "4", 
            "classroom": 108, 
            "start_time": "12:00:00", 
            "group": 118, 
            "end_time": "14:00:00"
        }
    }, 
    {
        "pk": 119, 
        "model": "subjects.term", 
        "fields": {
            "dayOfWeek": "5", 
            "classroom": 119, 
            "start_time": "14:00:00", 
            "group": 119, 
            "end_time": "16:00:00"
        }
    }, 
    {
        "pk": 120, 
        "model": "subjects.term", 
        "fields": {
            "dayOfWeek": "1", 
            "classroom": 104, 
            "start_time": "10:00:00", 
            "group": 120, 
            "end_time": "12:00:00"
        }
    }, 
    {
        "pk": 128, 
        "model": "subjects.term", 
        "fields": {
            "dayOfWeek": "4", 
            "classroom": 112, 
            "start_time": "10:00:00", 
            "group": 128, 
            "end_time": "12:00:00"
        }
    }, 
    {
        "pk": 129, 
        "model": "subjects.term", 
        "fields": {
            "dayOfWeek": "5", 
            "classroom": 111, 
            "start_time": "12:00:00", 
            "group": 129, 
            "end_time": "14:00:00"
        }
    }, 
    {
        "pk": 130, 
        "model": "subjects.term", 
        "fields": {
            "dayOfWeek": "1", 
            "classroom": 119, 
            "start_time": "14:00:00", 
            "group": 130, 
            "end_time": "16:00:00"
        }
    }, 
    {
        "pk": 131, 
        "model": "subjects.term", 
        "fields": {
            "dayOfWeek": "2", 
            "classroom": 113, 
            "start_time": "12:00:00", 
            "group": 131, 
            "end_time": "14:00:00"
        }
    }, 
    {
        "pk": 132, 
        "model": "subjects.term", 
        "fields": {
            "dayOfWeek": "3", 
            "classroom": 106, 
            "start_time": "14:00:00", 
            "group": 132, 
            "end_time": "16:00:00"
        }
    }, 
    {
        "pk": 133, 
        "model": "subjects.term", 
        "fields": {
            "dayOfWeek": "4", 
            "classroom": 119, 
            "start_time": "16:00:00", 
            "group": 133, 
            "end_time": "18:00:00"
        }
    }, 
    {
        "pk": 134, 
        "model": "subjects.term", 
        "fields": {
            "dayOfWeek": "5", 
            "classroom": 117, 
            "start_time": "14:00:00", 
            "group": 134, 
            "end_time": "16:00:00"
        }
    }, 
    {
        "pk": 135, 
        "model": "subjects.term", 
        "fields": {
            "dayOfWeek": "1", 
            "classroom": 119, 
            "start_time": "14:00:00", 
            "group": 135, 
            "end_time": "16:00:00"
        }
    }, 
    {
        "pk": 140, 
        "model": "subjects.term", 
        "fields": {
            "dayOfWeek": "1", 
            "classroom": 100, 
            "start_time": "16:00:00", 
            "group": 140, 
            "end_time": "18:00:00"
        }
    }, 
    {
        "pk": 141, 
        "model": "subjects.term", 
        "fields": {
            "dayOfWeek": "2", 
            "classroom": 114, 
            "start_time": "12:00:00", 
            "group": 141, 
            "end_time": "14:00:00"
        }
    }, 
    {
        "pk": 142, 
        "model": "subjects.term", 
        "fields": {
            "dayOfWeek": "3", 
            "classroom": 105, 
            "start_time": "14:00:00", 
            "group": 142, 
            "end_time": "16:00:00"
        }
    }, 
    {
        "pk": 146, 
        "model": "subjects.term", 
        "fields": {
            "dayOfWeek": "2", 
            "classroom": 110, 
            "start_time": "10:00:00", 
            "group": 146, 
            "end_time": "12:00:00"
        }
    }, 
    {
        "pk": 147, 
        "model": "subjects.term", 
        "fields": {
            "dayOfWeek": "3", 
            "classroom": 118, 
            "start_time": "12:00:00", 
            "group": 147, 
            "end_time": "14:00:00"
        }
    }, 
    {
        "pk": 148, 
        "model": "subjects.term", 
        "fields": {
            "dayOfWeek": "4", 
            "classroom": 112, 
            "start_time": "10:00:00", 
            "group": 148, 
            "end_time": "12:00:00"
        }
    }, 
    {
        "pk": 157, 
        "model": "subjects.term", 
        "fields": {
            "dayOfWeek": "3", 
            "classroom": 101, 
            "start_time": "16:00:00", 
            "group": 157, 
            "end_time": "18:00:00"
        }
    }, 
    {
        "pk": 158, 
        "model": "subjects.term", 
        "fields": {
            "dayOfWeek": "4", 
            "classroom": 103, 
            "start_time": "14:00:00", 
            "group": 158, 
            "end_time": "16:00:00"
        }
    }, 
    {
        "pk": 159, 
        "model": "subjects.term", 
        "fields": {
            "dayOfWeek": "5", 
            "classroom": 103, 
            "start_time": "16:00:00", 
            "group": 159, 
            "end_time": "18:00:00"
        }
    }, 
    {
        "pk": 160, 
        "model": "subjects.term", 
        "fields": {
            "dayOfWeek": "1", 
            "classroom": 113, 
            "start_time": "10:00:00", 
            "group": 160, 
            "end_time": "12:00:00"
        }
    }, 
    {
        "pk": 161, 
        "model": "subjects.term", 
        "fields": {
            "dayOfWeek": "2", 
            "classroom": 104, 
            "start_time": "16:00:00", 
            "group": 161, 
            "end_time": "18:00:00"
        }
    }, 
    {
        "pk": 162, 
        "model": "subjects.term", 
        "fields": {
            "dayOfWeek": "3", 
            "classroom": 109, 
            "start_time": "16:00:00", 
            "group": 162, 
            "end_time": "18:00:00"
        }
    }, 
    {
        "pk": 163, 
        "model": "subjects.term", 
        "fields": {
            "dayOfWeek": "4", 
            "classroom": 112, 
            "start_time": "16:00:00", 
            "group": 163, 
            "end_time": "18:00:00"
        }
    }, 
    {
        "pk": 164, 
        "model": "subjects.term", 
        "fields": {
            "dayOfWeek": "5", 
            "classroom": 100, 
            "start_time": "12:00:00", 
            "group": 164, 
            "end_time": "14:00:00"
        }
    }, 
    {
        "pk": 165, 
        "model": "subjects.term", 
        "fields": {
            "dayOfWeek": "1", 
            "classroom": 103, 
            "start_time": "16:00:00", 
            "group": 165, 
            "end_time": "18:00:00"
        }
    }, 
    {
        "pk": 166, 
        "model": "subjects.term", 
        "fields": {
            "dayOfWeek": "2", 
            "classroom": 113, 
            "start_time": "10:00:00", 
            "group": 166, 
            "end_time": "12:00:00"
        }
    }, 
    {
        "pk": 167, 
        "model": "subjects.term", 
        "fields": {
            "dayOfWeek": "3", 
            "classroom": 105, 
            "start_time": "16:00:00", 
            "group": 167, 
            "end_time": "18:00:00"
        }
    }, 
    {
        "pk": 168, 
        "model": "subjects.term", 
        "fields": {
            "dayOfWeek": "4", 
            "classroom": 111, 
            "start_time": "10:00:00", 
            "group": 168, 
            "end_time": "12:00:00"
        }
    }, 
    {
        "pk": 178, 
        "model": "subjects.term", 
        "fields": {
            "dayOfWeek": "4", 
            "classroom": 112, 
            "start_time": "12:00:00", 
            "group": 178, 
            "end_time": "14:00:00"
        }
    }, 
    {
        "pk": 179, 
        "model": "subjects.term", 
        "fields": {
            "dayOfWeek": "5", 
            "classroom": 106, 
            "start_time": "14:00:00", 
            "group": 179, 
            "end_time": "16:00:00"
        }
    }, 
    {
        "pk": 184, 
        "model": "subjects.term", 
        "fields": {
            "dayOfWeek": "5", 
            "classroom": 104, 
            "start_time": "12:00:00", 
            "group": 184, 
            "end_time": "14:00:00"
        }
    }, 
    {
        "pk": 185, 
        "model": "subjects.term", 
        "fields": {
            "dayOfWeek": "1", 
            "classroom": 111, 
            "start_time": "10:00:00", 
            "group": 185, 
            "end_time": "12:00:00"
        }
    }, 
    {
        "pk": 186, 
        "model": "subjects.term", 
        "fields": {
            "dayOfWeek": "2", 
            "classroom": 111, 
            "start_time": "14:00:00", 
            "group": 186, 
            "end_time": "16:00:00"
        }
    }, 
    {
        "pk": 187, 
        "model": "subjects.term", 
        "fields": {
            "dayOfWeek": "3", 
            "classroom": 109, 
            "start_time": "12:00:00", 
            "group": 187, 
            "end_time": "14:00:00"
        }
    }, 
    {
        "pk": 188, 
        "model": "subjects.term", 
        "fields": {
            "dayOfWeek": "4", 
            "classroom": 107, 
            "start_time": "12:00:00", 
            "group": 188, 
            "end_time": "14:00:00"
        }
    }, 
    {
        "pk": 189, 
        "model": "subjects.term", 
        "fields": {
            "dayOfWeek": "5", 
            "classroom": 106, 
            "start_time": "14:00:00", 
            "group": 189, 
            "end_time": "16:00:00"
        }
    }, 
    {
        "pk": 195, 
        "model": "subjects.term", 
        "fields": {
            "dayOfWeek": "1", 
            "classroom": 118, 
            "start_time": "14:00:00", 
            "group": 195, 
            "end_time": "16:00:00"
        }
    }, 
    {
        "pk": 196, 
        "model": "subjects.term", 
        "fields": {
            "dayOfWeek": "2", 
            "classroom": 112, 
            "start_time": "16:00:00", 
            "group": 196, 
            "end_time": "18:00:00"
        }
    }, 
    {
        "pk": 197, 
        "model": "subjects.term", 
        "fields": {
            "dayOfWeek": "3", 
            "classroom": 105, 
            "start_time": "16:00:00", 
            "group": 197, 
            "end_time": "18:00:00"
        }
    }, 
    {
        "pk": 198, 
        "model": "subjects.term", 
        "fields": {
            "dayOfWeek": "4", 
            "classroom": 105, 
            "start_time": "12:00:00", 
            "group": 198, 
            "end_time": "14:00:00"
        }
    }, 
    {
        "pk": 101, 
        "model": "subjects.semester", 
        "fields": {
            "records_opening": "2010-09-25 00:00:00", 
            "semester_ending": "2011-01-21", 
            "records_closing": "2010-10-15 00:00:00", 
            "visible": true, 
            "year": 2010, 
            "type": "z", 
            "semester_begining": "2010-01-23", 
            "is_grade_active": false
        }
    }, 
    {
        "pk": 100, 
        "model": "subjects.semester", 
        "fields": {
            "records_opening": "2010-01-23 00:00:00", 
            "semester_ending": "2012-01-23", 
            "records_closing": "2012-01-23 00:00:00", 
            "visible": true, 
            "year": 2009, 
            "type": "l", 
            "semester_begining": "2010-01-23", 
            "is_grade_active": true
        }
    }, 
    {
        "pk": 1, 
        "model": "poll.option", 
        "fields": {
            "content": "zawsze"
        }
    }, 
    {
        "pk": 2, 
        "model": "poll.option", 
        "fields": {
            "content": "stosunkowo regularnie"
        }
    }, 
    {
        "pk": 3, 
        "model": "poll.option", 
        "fields": {
            "content": "bywa\u0142o r\u00f3\u017cnie"
        }
    }, 
    {
        "pk": 4, 
        "model": "poll.option", 
        "fields": {
            "content": "prawie nigdy"
        }
    }, 
    {
        "pk": 5, 
        "model": "poll.option", 
        "fields": {
            "content": "nigdy"
        }
    }, 
    {
        "pk": 6, 
        "model": "poll.option", 
        "fields": {
            "content": "pomocny"
        }
    }, 
    {
        "pk": 7, 
        "model": "poll.option", 
        "fields": {
            "content": "dociekliwy"
        }
    }, 
    {
        "pk": 8, 
        "model": "poll.option", 
        "fields": {
            "content": "arogancki"
        }
    }, 
    {
        "pk": 9, 
        "model": "poll.option", 
        "fields": {
            "content": "niestosowny"
        }
    }, 
    {
        "pk": 10, 
        "model": "poll.option", 
        "fields": {
            "content": "wyrozumia\u0142y"
        }
    }, 
    {
        "pk": 11, 
        "model": "poll.option", 
        "fields": {
            "content": "wymagaj\u0105cy"
        }
    }, 
    {
        "pk": 12, 
        "model": "poll.option", 
        "fields": {
            "content": "ignoruj\u0105cy"
        }
    }, 
    {
        "pk": 13, 
        "model": "poll.option", 
        "fields": {
            "content": "tak"
        }
    }, 
    {
        "pk": 14, 
        "model": "poll.option", 
        "fields": {
            "content": "nie"
        }
    }, 
    {
        "pk": 15, 
        "model": "poll.option", 
        "fields": {
            "content": "raczej tak (do 5 nieobecno\u015bci)"
        }
    }, 
    {
        "pk": 16, 
        "model": "poll.option", 
        "fields": {
            "content": "\u015brednio (5-10 nieobecno\u015bci)"
        }
    }, 
    {
        "pk": 17, 
        "model": "poll.option", 
        "fields": {
            "content": "raczej nie (ponad 10 nieobecno\u015bci)"
        }
    }, 
    {
        "pk": 18, 
        "model": "poll.option", 
        "fields": {
            "content": "tak"
        }
    }, 
    {
        "pk": 19, 
        "model": "poll.option", 
        "fields": {
            "content": "nie"
        }
    }, 
    {
        "pk": 20, 
        "model": "poll.option", 
        "fields": {
            "content": "tak, regularnie"
        }
    }, 
    {
        "pk": 21, 
        "model": "poll.option", 
        "fields": {
            "content": "sporadycznie, przy trudniejszych zagadnieniach"
        }
    }, 
    {
        "pk": 22, 
        "model": "poll.option", 
        "fields": {
            "content": "nie, nie czu\u0142em takiej potrzeby"
        }
    }, 
    {
        "pk": 23, 
        "model": "poll.option", 
        "fields": {
            "content": "nie, mimo \u017ce nie rozumia\u0142em cz\u0119\u015bci wyk\u0142adu"
        }
    }, 
    {
        "pk": 24, 
        "model": "poll.option", 
        "fields": {
            "content": "tak, by\u0142y dost\u0119pne na stronie wyk\u0142adowcy/przedmiotu"
        }
    }, 
    {
        "pk": 25, 
        "model": "poll.option", 
        "fields": {
            "content": "nie, ale wyk\u0142ad by\u0142 prowadzony na podstawie jednego \u017ar\u00f3d\u0142a"
        }
    }, 
    {
        "pk": 26, 
        "model": "poll.option", 
        "fields": {
            "content": "nie"
        }
    }, 
    {
        "pk": 27, 
        "model": "poll.option", 
        "fields": {
            "content": "za w\u0105ski"
        }
    }, 
    {
        "pk": 28, 
        "model": "poll.option", 
        "fields": {
            "content": "dobrze dobrany"
        }
    }, 
    {
        "pk": 29, 
        "model": "poll.option", 
        "fields": {
            "content": "za szeroki"
        }
    }, 
    {
        "pk": 30, 
        "model": "poll.option", 
        "fields": {
            "content": "bardzo trudny"
        }
    }, 
    {
        "pk": 31, 
        "model": "poll.option", 
        "fields": {
            "content": "raczej trudny"
        }
    }, 
    {
        "pk": 32, 
        "model": "poll.option", 
        "fields": {
            "content": "\u015bredni"
        }
    }, 
    {
        "pk": 33, 
        "model": "poll.option", 
        "fields": {
            "content": "raczej \u0142atwy"
        }
    }, 
    {
        "pk": 34, 
        "model": "poll.option", 
        "fields": {
            "content": "bardzo \u0142atwy"
        }
    }, 
    {
        "pk": 35, 
        "model": "poll.option", 
        "fields": {
            "content": "by\u0142em zwolniony/nie by\u0142o egzaminu"
        }
    }, 
    {
        "pk": 36, 
        "model": "poll.option", 
        "fields": {
            "content": "tak"
        }
    }, 
    {
        "pk": 37, 
        "model": "poll.option", 
        "fields": {
            "content": "nie w pe\u0142ni"
        }
    }, 
    {
        "pk": 38, 
        "model": "poll.option", 
        "fields": {
            "content": "nie"
        }
    }, 
    {
        "pk": 39, 
        "model": "poll.option", 
        "fields": {
            "content": "perfekcyjne"
        }
    }, 
    {
        "pk": 40, 
        "model": "poll.option", 
        "fields": {
            "content": "dobre - braki organizacyjne, ale zadania przygotowane dobrze"
        }
    }, 
    {
        "pk": 41, 
        "model": "poll.option", 
        "fields": {
            "content": "\u015brednio - zdarza\u0142y si\u0119 nie\u015bcis\u0142o\u015bci w zadaniach"
        }
    }, 
    {
        "pk": 42, 
        "model": "poll.option", 
        "fields": {
            "content": "\u017ale - w zasadzie nie wiadomo by\u0142o, o co chodzi"
        }
    }, 
    {
        "pk": 43, 
        "model": "poll.option", 
        "fields": {
            "content": "podchwytliwe pytania"
        }
    }, 
    {
        "pk": 44, 
        "model": "poll.option", 
        "fields": {
            "content": "na my\u015blenie"
        }
    }, 
    {
        "pk": 45, 
        "model": "poll.option", 
        "fields": {
            "content": "na wkucie"
        }
    }, 
    {
        "pk": 46, 
        "model": "poll.option", 
        "fields": {
            "content": "powtarzalne zadania (np z \u0107wicze\u0144)"
        }
    }, 
    {
        "pk": 47, 
        "model": "poll.option", 
        "fields": {
            "content": "jak co roku..."
        }
    }, 
    {
        "pk": 48, 
        "model": "poll.option", 
        "fields": {
            "content": "niekt\u00f3re zadania nierobialne"
        }
    }, 
    {
        "pk": 49, 
        "model": "poll.option", 
        "fields": {
            "content": "tak, podano go na pocz\u0105tku semestru"
        }
    }, 
    {
        "pk": 50, 
        "model": "poll.option", 
        "fields": {
            "content": "tak, podano go w trakcie semestru"
        }
    }, 
    {
        "pk": 51, 
        "model": "poll.option", 
        "fields": {
            "content": "tak, podano go pod koniec semestru"
        }
    }, 
    {
        "pk": 52, 
        "model": "poll.option", 
        "fields": {
            "content": "nie, nie by\u0142 znany"
        }
    }, 
    {
        "pk": 53, 
        "model": "poll.option", 
        "fields": {
            "content": "tak, zawsze stara\u0142 si\u0119 rozwia\u0107 ew. w\u0105tpliwo\u015bci"
        }
    }, 
    {
        "pk": 54, 
        "model": "poll.option", 
        "fields": {
            "content": "tak, t\u0142umaczy\u0142 je\u015bli by\u0142y pytania"
        }
    }, 
    {
        "pk": 55, 
        "model": "poll.option", 
        "fields": {
            "content": "czasami w\u0142\u0105cza\u0142 si\u0119 w rozwi\u0105zanie \u017ceby co\u015b wyt\u0142umaczy\u0107"
        }
    }, 
    {
        "pk": 56, 
        "model": "poll.option", 
        "fields": {
            "content": "raczej nie, g\u0142\u00f3wnie s\u0142ucha\u0142"
        }
    }, 
    {
        "pk": 57, 
        "model": "poll.option", 
        "fields": {
            "content": "wydawa\u0142 si\u0119 sam ich nie rozumie\u0107"
        }
    }, 
    {
        "pk": 58, 
        "model": "poll.option", 
        "fields": {
            "content": "tak"
        }
    }, 
    {
        "pk": 59, 
        "model": "poll.option", 
        "fields": {
            "content": "nie"
        }
    }, 
    {
        "pk": 60, 
        "model": "poll.option", 
        "fields": {
            "content": "tak"
        }
    }, 
    {
        "pk": 61, 
        "model": "poll.option", 
        "fields": {
            "content": "r\u00f3\u017cnie"
        }
    }, 
    {
        "pk": 62, 
        "model": "poll.option", 
        "fields": {
            "content": "nie"
        }
    }, 
    {
        "pk": 63, 
        "model": "poll.option", 
        "fields": {
            "content": "tak, by\u0142a zamkni\u0119ta lista temat\u00f3w do wyboru"
        }
    }, 
    {
        "pk": 64, 
        "model": "poll.option", 
        "fields": {
            "content": "tak, ale mo\u017cna te\u017c by\u0142o proponowa\u0107 co\u015b od siebie"
        }
    }, 
    {
        "pk": 65, 
        "model": "poll.option", 
        "fields": {
            "content": "nie, nie by\u0142o propozycji"
        }
    }, 
    {
        "pk": 66, 
        "model": "poll.option", 
        "fields": {
            "content": "zdalne repozytorium kodu"
        }
    }, 
    {
        "pk": 67, 
        "model": "poll.option", 
        "fields": {
            "content": "przyj\u0119cie jednej konwencji formatowania kodu"
        }
    }, 
    {
        "pk": 68, 
        "model": "poll.option", 
        "fields": {
            "content": "dokumentowanie w kodzie"
        }
    }, 
    {
        "pk": 69, 
        "model": "poll.option", 
        "fields": {
            "content": "zewn\u0119trzna dokumentacja"
        }
    }, 
    {
        "pk": 70, 
        "model": "poll.option", 
        "fields": {
            "content": "testy automatyczne"
        }
    }, 
    {
        "pk": 71, 
        "model": "poll.option", 
        "fields": {
            "content": "refactoring kodu"
        }
    }, 
    {
        "pk": 72, 
        "model": "poll.option", 
        "fields": {
            "content": "bardzo pomocny i zainteresowany tematyk\u0105 projektu"
        }
    }, 
    {
        "pk": 73, 
        "model": "poll.option", 
        "fields": {
            "content": "pomocny i dost\u0119pny (np w ramach konsultacji|)"
        }
    }, 
    {
        "pk": 74, 
        "model": "poll.option", 
        "fields": {
            "content": "\u015brednio - d\u0142ugi czas rekacji, brak wskaz\u00f3wek przy problemach"
        }
    }, 
    {
        "pk": 75, 
        "model": "poll.option", 
        "fields": {
            "content": "nisko - brak kontaktu ze strony prowadz\u0105cego"
        }
    }, 
    {
        "pk": 76, 
        "model": "poll.option", 
        "fields": {
            "content": "wysoko, jego wskaz\u00f3wki by\u0142y cenne"
        }
    }, 
    {
        "pk": 77, 
        "model": "poll.option", 
        "fields": {
            "content": "raczej wysoko, odpowiada\u0142 na pytania, ale nie komentowa\u0142 np kodu"
        }
    }, 
    {
        "pk": 78, 
        "model": "poll.option", 
        "fields": {
            "content": "\u015brednio, zapytany o co\u015b odpowiada\u0142 zwykle, \u017ce nie wie i szuka\u0142 sam"
        }
    }, 
    {
        "pk": 79, 
        "model": "poll.option", 
        "fields": {
            "content": "nisko, po prostu sprawdza\u0142 czy program dzia\u0142a, bez jakiejkolwiek dyskusji"
        }
    }, 
    {
        "pk": 80, 
        "model": "poll.option", 
        "fields": {
            "content": "tak, wszystkie by\u0142y interesuj\u0105ce"
        }
    }, 
    {
        "pk": 81, 
        "model": "poll.option", 
        "fields": {
            "content": "bywa\u0142o r\u00f3\u017cnie"
        }
    }, 
    {
        "pk": 82, 
        "model": "poll.option", 
        "fields": {
            "content": "okrutnie nudne!"
        }
    }, 
    {
        "pk": 83, 
        "model": "poll.option", 
        "fields": {
            "content": "przygotowywa\u0142 w\u0142asne, nie zwi\u0105zane z wyk\u0142adowymi"
        }
    }, 
    {
        "pk": 84, 
        "model": "poll.option", 
        "fields": {
            "content": "przygotowywa\u0142 w\u0142asne w oparciu o listy wyk\u0142adowe"
        }
    }, 
    {
        "pk": 85, 
        "model": "poll.option", 
        "fields": {
            "content": "korzysta\u0142 z wyk\u0142adowych"
        }
    }, 
    {
        "pk": 86, 
        "model": "poll.option", 
        "fields": {
            "content": "tak"
        }
    }, 
    {
        "pk": 87, 
        "model": "poll.option", 
        "fields": {
            "content": "nie"
        }
    }, 
    {
        "pk": 88, 
        "model": "poll.option", 
        "fields": {
            "content": "tak"
        }
    }, 
    {
        "pk": 89, 
        "model": "poll.option", 
        "fields": {
            "content": "r\u00f3\u017cnie"
        }
    }, 
    {
        "pk": 90, 
        "model": "poll.option", 
        "fields": {
            "content": "nie"
        }
    }, 
    {
        "pk": 91, 
        "model": "poll.option", 
        "fields": {
            "content": "tak"
        }
    }, 
    {
        "pk": 92, 
        "model": "poll.option", 
        "fields": {
            "content": "nie"
        }
    }, 
    {
        "pk": 93, 
        "model": "poll.option", 
        "fields": {
            "content": "tak, by\u0142a dost\u0119pna lista temat\u00f3w"
        }
    }, 
    {
        "pk": 94, 
        "model": "poll.option", 
        "fields": {
            "content": "tak, ale mo\u017cna by\u0142o proponowa\u0107 co\u015b w\u0142asnego"
        }
    }, 
    {
        "pk": 95, 
        "model": "poll.option", 
        "fields": {
            "content": "nie, trzeba by\u0142o wymy\u015bla\u0107 wszystko samodzielnie"
        }
    }, 
    {
        "pk": 96, 
        "model": "poll.option", 
        "fields": {
            "content": "tak"
        }
    }, 
    {
        "pk": 97, 
        "model": "poll.option", 
        "fields": {
            "content": "nie"
        }
    }, 
    {
        "pk": 98, 
        "model": "poll.option", 
        "fields": {
            "content": "tak"
        }
    }, 
    {
        "pk": 99, 
        "model": "poll.option", 
        "fields": {
            "content": "nie"
        }
    }, 
    {
        "pk": 100, 
        "model": "poll.option", 
        "fields": {
            "content": "nie mam zdania"
        }
    }, 
    {
        "pk": 101, 
        "model": "poll.option", 
        "fields": {
            "content": "algorytmika"
        }
    }, 
    {
        "pk": 102, 
        "model": "poll.option", 
        "fields": {
            "content": "sieci"
        }
    }, 
    {
        "pk": 103, 
        "model": "poll.option", 
        "fields": {
            "content": "kryptografia i bezpiecze\u0144stwo"
        }
    }, 
    {
        "pk": 104, 
        "model": "poll.option", 
        "fields": {
            "content": "grafika 2D i 3D"
        }
    }, 
    {
        "pk": 105, 
        "model": "poll.option", 
        "fields": {
            "content": "projektowanie gier"
        }
    }, 
    {
        "pk": 106, 
        "model": "poll.option", 
        "fields": {
            "content": "j\u0119zyki programowania"
        }
    }, 
    {
        "pk": 107, 
        "model": "poll.option", 
        "fields": {
            "content": "teoria informatyki"
        }
    }, 
    {
        "pk": 108, 
        "model": "poll.option", 
        "fields": {
            "content": "z\u0142o\u017cono\u015b\u0107 obliczeniowa"
        }
    }, 
    {
        "pk": 1, 
        "model": "poll.multiplechoicequestion", 
        "fields": {
            "content": "Jak oceniasz stosunek wyk\u0142adowcy do student\u00f3w?", 
            "choice_limit": 4, 
            "description": null, 
            "has_other": true, 
            "options": [
                11, 
                10, 
                12, 
                7, 
                6, 
                9, 
                8
            ]
        }
    }, 
    {
        "pk": 2, 
        "model": "poll.multiplechoicequestion", 
        "fields": {
            "content": "Kt\u00f3re okre\u015blenia najlepiej opisuj\u0105 Twoje wra\u017cenia po egzaminie?", 
            "choice_limit": 3, 
            "description": null, 
            "has_other": true, 
            "options": [
                48, 
                46, 
                47, 
                44, 
                45, 
                43
            ]
        }
    }, 
    {
        "pk": 3, 
        "model": "poll.multiplechoicequestion", 
        "fields": {
            "content": "Kt\u00f3re z poni\u017cszych by\u0142y wymagane w projekcie?", 
            "choice_limit": 7, 
            "description": null, 
            "has_other": true, 
            "options": [
                66, 
                67, 
                71, 
                70, 
                68, 
                69
            ]
        }
    }, 
    {
        "pk": 4, 
        "model": "poll.multiplechoicequestion", 
        "fields": {
            "content": "Z kt\u00f3rych dziedzin wydaje si\u0119 by\u0107 za ma\u0142o przedmiot\u00f3w?", 
            "choice_limit": 9, 
            "description": null, 
            "has_other": true, 
            "options": [
                108, 
                102, 
                103, 
                101, 
                106, 
                107, 
                104, 
                105
            ]
        }
    }, 
    {
        "pk": 1, 
        "model": "poll.multiplechoicequestionordering", 
        "fields": {
            "sections": 2, 
            "question": 1, 
            "position": 2
        }
    }, 
    {
        "pk": 2, 
        "model": "poll.multiplechoicequestionordering", 
        "fields": {
            "sections": 5, 
            "question": 2, 
            "position": 4
        }
    }, 
    {
        "pk": 3, 
        "model": "poll.multiplechoicequestionordering", 
        "fields": {
            "sections": 8, 
            "question": 3, 
            "position": 3
        }
    }, 
    {
        "pk": 4, 
        "model": "poll.multiplechoicequestionordering", 
        "fields": {
            "sections": 12, 
            "question": 4, 
            "position": 2
        }
    }, 
    {
        "pk": 1, 
        "model": "poll.singlechoicequestion", 
        "fields": {
            "content": "Czy chodzi\u0142e\u015b regularnie na wyk\u0142ad?", 
            "is_scale": false, 
            "description": null, 
            "options": [
                1, 
                3, 
                2, 
                5, 
                4
            ]
        }
    }, 
    {
        "pk": 2, 
        "model": "poll.singlechoicequestion", 
        "fields": {
            "content": "Czy zachowania wyk\u0142adowcy przeszkadza\u0142y Ci w przyswajaniu materia\u0142u z wyk\u0142adu?", 
            "is_scale": false, 
            "description": null, 
            "options": [
                13, 
                14
            ]
        }
    }, 
    {
        "pk": 3, 
        "model": "poll.singlechoicequestion", 
        "fields": {
            "content": "Czy chodzi\u0142e\u015b na wyk\u0142ad regularnie?", 
            "is_scale": false, 
            "description": null, 
            "options": [
                15, 
                17, 
                16
            ]
        }
    }, 
    {
        "pk": 4, 
        "model": "poll.singlechoicequestion", 
        "fields": {
            "content": "Czy wyk\u0142ad by\u0142 prowadzony w spos\u00f3b zrozumia\u0142y?", 
            "is_scale": false, 
            "description": null, 
            "options": [
                19, 
                18
            ]
        }
    }, 
    {
        "pk": 5, 
        "model": "poll.singlechoicequestion", 
        "fields": {
            "content": "Czy korzysta\u0142e\u015b z konsultacji?", 
            "is_scale": false, 
            "description": null, 
            "options": [
                20, 
                21, 
                22, 
                23
            ]
        }
    }, 
    {
        "pk": 6, 
        "model": "poll.singlechoicequestion", 
        "fields": {
            "content": "Czy do wyk\u0142adu by\u0142y przygotowane materia\u0142y elektroniczne/notatki?", 
            "is_scale": false, 
            "description": null, 
            "options": [
                24, 
                25, 
                26
            ]
        }
    }, 
    {
        "pk": 7, 
        "model": "poll.singlechoicequestion", 
        "fields": {
            "content": "Czy zakres materia\u0142u na wyk\u0142adzie by\u0142 dobrze dobrany?", 
            "is_scale": false, 
            "description": null, 
            "options": [
                27, 
                28, 
                29
            ]
        }
    }, 
    {
        "pk": 8, 
        "model": "poll.singlechoicequestion", 
        "fields": {
            "content": "Czy egzamin by\u0142 trudny?", 
            "is_scale": true, 
            "description": null, 
            "options": [
                33, 
                32, 
                31, 
                30, 
                35, 
                34
            ]
        }
    }, 
    {
        "pk": 9, 
        "model": "poll.singlechoicequestion", 
        "fields": {
            "content": "Czy materia\u0142 z wyk\u0142adu pokrywa\u0142 si\u0119 z materia\u0142em na egzaminie?", 
            "is_scale": false, 
            "description": null, 
            "options": [
                38, 
                37, 
                36
            ]
        }
    }, 
    {
        "pk": 10, 
        "model": "poll.singlechoicequestion", 
        "fields": {
            "content": "Jak oceniasz przygotowanie egzaminu?", 
            "is_scale": true, 
            "description": null, 
            "options": [
                39, 
                42, 
                40, 
                41
            ]
        }
    }, 
    {
        "pk": 11, 
        "model": "poll.singlechoicequestion", 
        "fields": {
            "content": "Czy system zaliczania \u0107wicze\u0144 by\u0142 jasny i znany?", 
            "is_scale": false, 
            "description": null, 
            "options": [
                49, 
                51, 
                50, 
                52
            ]
        }
    }, 
    {
        "pk": 12, 
        "model": "poll.singlechoicequestion", 
        "fields": {
            "content": "Czy \u0107wiczeniowiec pomaga\u0142 zrozumie\u0107 rozwi\u0105zania?", 
            "is_scale": false, 
            "description": null, 
            "options": [
                55, 
                54, 
                57, 
                56, 
                53
            ]
        }
    }, 
    {
        "pk": 13, 
        "model": "poll.singlechoicequestion", 
        "fields": {
            "content": "Czy odbywa\u0142y si\u0119 regularne konsultacje, podczas kt\u00f3rych omawiane by\u0142y plany implementacji", 
            "is_scale": false, 
            "description": null, 
            "options": [
                59, 
                58
            ]
        }
    }, 
    {
        "pk": 14, 
        "model": "poll.singlechoicequestion", 
        "fields": {
            "content": "Czy prowadz\u0105cy sprawdza\u0142 zadania w odpowiednim tempie?", 
            "is_scale": false, 
            "description": null, 
            "options": [
                60, 
                61, 
                62
            ]
        }
    }, 
    {
        "pk": 15, 
        "model": "poll.singlechoicequestion", 
        "fields": {
            "content": "Czy prowadz\u0105cy pomaga\u0142 wybra\u0107 temat projektu?", 
            "is_scale": false, 
            "description": null, 
            "options": [
                63, 
                64, 
                65
            ]
        }
    }, 
    {
        "pk": 16, 
        "model": "poll.singlechoicequestion", 
        "fields": {
            "content": "Jak oceniasz pomoc prowadz\u0105cego podczas realizacji projektu?", 
            "is_scale": false, 
            "description": null, 
            "options": [
                75, 
                74, 
                73, 
                72
            ]
        }
    }, 
    {
        "pk": 17, 
        "model": "poll.singlechoicequestion", 
        "fields": {
            "content": "Jak oceniasz og\u00f3lne zaanga\u017cowanie prowadz\u0105cego w przekazanie wiedzy", 
            "is_scale": true, 
            "description": null, 
            "options": [
                77, 
                76, 
                79, 
                78
            ]
        }
    }, 
    {
        "pk": 18, 
        "model": "poll.singlechoicequestion", 
        "fields": {
            "content": "Czy zadania do wykonania by\u0142y ciekawe?", 
            "is_scale": false, 
            "description": null, 
            "options": [
                82, 
                80, 
                81
            ]
        }
    }, 
    {
        "pk": 19, 
        "model": "poll.singlechoicequestion", 
        "fields": {
            "content": "Czy prowadz\u0105cy przygotowywa\u0142 w\u0142asne listy, czy korzysta\u0142 z list wyk\u0142adowcy?", 
            "is_scale": false, 
            "description": null, 
            "options": [
                83, 
                84, 
                85
            ]
        }
    }, 
    {
        "pk": 20, 
        "model": "poll.singlechoicequestion", 
        "fields": {
            "content": "Czy chodzi\u0142e\u015b na seminaria inne, ni\u017c w\u0142asne", 
            "is_scale": false, 
            "description": null, 
            "options": [
                86, 
                87
            ]
        }
    }, 
    {
        "pk": 21, 
        "model": "poll.singlechoicequestion", 
        "fields": {
            "content": "Czy seminaria te by\u0142y przygotowane ciekawie?", 
            "is_scale": false, 
            "description": null, 
            "options": [
                90, 
                88, 
                89
            ]
        }
    }, 
    {
        "pk": 22, 
        "model": "poll.singlechoicequestion", 
        "fields": {
            "content": "Czy prowadz\u0105cy wymaga\u0142 pokazania mu wcze\u015bniej, o czym b\u0119dzie si\u0119 m\u00f3wi\u0107?", 
            "is_scale": false, 
            "description": null, 
            "options": [
                91, 
                92
            ]
        }
    }, 
    {
        "pk": 23, 
        "model": "poll.singlechoicequestion", 
        "fields": {
            "content": "Czy prowadz\u0105cy narzuci\u0142 tematy seminarium?", 
            "is_scale": false, 
            "description": null, 
            "options": [
                93, 
                95, 
                94
            ]
        }
    }, 
    {
        "pk": 24, 
        "model": "poll.singlechoicequestion", 
        "fields": {
            "content": "Czy prowadz\u0105cy dostarcza\u0142 materia\u0142y?", 
            "is_scale": false, 
            "description": null, 
            "options": [
                97, 
                96
            ]
        }
    }, 
    {
        "pk": 25, 
        "model": "poll.singlechoicequestion", 
        "fields": {
            "content": "Czy oferta jest wystarczaj\u0105co zr\u00f3\u017cnicowana", 
            "is_scale": false, 
            "description": null, 
            "options": [
                99, 
                98, 
                100
            ]
        }
    }, 
    {
        "pk": 1, 
        "model": "poll.singlechoicequestionordering", 
        "fields": {
            "sections": 2, 
            "hide_on": [
                4, 
                5
            ], 
            "question": 1, 
            "is_leading": true, 
            "position": 1
        }
    }, 
    {
        "pk": 2, 
        "model": "poll.singlechoicequestionordering", 
        "fields": {
            "sections": 2, 
            "hide_on": [], 
            "question": 2, 
            "is_leading": false, 
            "position": 3
        }
    }, 
    {
        "pk": 3, 
        "model": "poll.singlechoicequestionordering", 
        "fields": {
            "sections": 3, 
            "hide_on": [], 
            "question": 3, 
            "is_leading": false, 
            "position": 1
        }
    }, 
    {
        "pk": 4, 
        "model": "poll.singlechoicequestionordering", 
        "fields": {
            "sections": 3, 
            "hide_on": [], 
            "question": 4, 
            "is_leading": false, 
            "position": 2
        }
    }, 
    {
        "pk": 5, 
        "model": "poll.singlechoicequestionordering", 
        "fields": {
            "sections": 3, 
            "hide_on": [], 
            "question": 5, 
            "is_leading": false, 
            "position": 3
        }
    }, 
    {
        "pk": 6, 
        "model": "poll.singlechoicequestionordering", 
        "fields": {
            "sections": 4, 
            "hide_on": [], 
            "question": 6, 
            "is_leading": false, 
            "position": 1
        }
    }, 
    {
        "pk": 7, 
        "model": "poll.singlechoicequestionordering", 
        "fields": {
            "sections": 4, 
            "hide_on": [], 
            "question": 7, 
            "is_leading": false, 
            "position": 2
        }
    }, 
    {
        "pk": 8, 
        "model": "poll.singlechoicequestionordering", 
        "fields": {
            "sections": 5, 
            "hide_on": [], 
            "question": 8, 
            "is_leading": false, 
            "position": 1
        }
    }, 
    {
        "pk": 9, 
        "model": "poll.singlechoicequestionordering", 
        "fields": {
            "sections": 5, 
            "hide_on": [], 
            "question": 9, 
            "is_leading": false, 
            "position": 2
        }
    }, 
    {
        "pk": 10, 
        "model": "poll.singlechoicequestionordering", 
        "fields": {
            "sections": 5, 
            "hide_on": [], 
            "question": 10, 
            "is_leading": false, 
            "position": 3
        }
    }, 
    {
        "pk": 11, 
        "model": "poll.singlechoicequestionordering", 
        "fields": {
            "sections": 6, 
            "hide_on": [], 
            "question": 11, 
            "is_leading": false, 
            "position": 1
        }
    }, 
    {
        "pk": 12, 
        "model": "poll.singlechoicequestionordering", 
        "fields": {
            "sections": 6, 
            "hide_on": [], 
            "question": 12, 
            "is_leading": false, 
            "position": 2
        }
    }, 
    {
        "pk": 13, 
        "model": "poll.singlechoicequestionordering", 
        "fields": {
            "sections": 7, 
            "hide_on": [], 
            "question": 13, 
            "is_leading": false, 
            "position": 2
        }
    }, 
    {
        "pk": 14, 
        "model": "poll.singlechoicequestionordering", 
        "fields": {
            "sections": 7, 
            "hide_on": [], 
            "question": 14, 
            "is_leading": false, 
            "position": 3
        }
    }, 
    {
        "pk": 15, 
        "model": "poll.singlechoicequestionordering", 
        "fields": {
            "sections": 8, 
            "hide_on": [], 
            "question": 15, 
            "is_leading": false, 
            "position": 1
        }
    }, 
    {
        "pk": 16, 
        "model": "poll.singlechoicequestionordering", 
        "fields": {
            "sections": 8, 
            "hide_on": [], 
            "question": 16, 
            "is_leading": false, 
            "position": 2
        }
    }, 
    {
        "pk": 17, 
        "model": "poll.singlechoicequestionordering", 
        "fields": {
            "sections": 9, 
            "hide_on": [], 
            "question": 17, 
            "is_leading": false, 
            "position": 1
        }
    }, 
    {
        "pk": 18, 
        "model": "poll.singlechoicequestionordering", 
        "fields": {
            "sections": 9, 
            "hide_on": [], 
            "question": 18, 
            "is_leading": false, 
            "position": 2
        }
    }, 
    {
        "pk": 19, 
        "model": "poll.singlechoicequestionordering", 
        "fields": {
            "sections": 9, 
            "hide_on": [], 
            "question": 19, 
            "is_leading": false, 
            "position": 3
        }
    }, 
    {
        "pk": 20, 
        "model": "poll.singlechoicequestionordering", 
        "fields": {
            "sections": 10, 
            "hide_on": [
                87
            ], 
            "question": 20, 
            "is_leading": true, 
            "position": 1
        }
    }, 
    {
        "pk": 21, 
        "model": "poll.singlechoicequestionordering", 
        "fields": {
            "sections": 10, 
            "hide_on": [], 
            "question": 21, 
            "is_leading": false, 
            "position": 2
        }
    }, 
    {
        "pk": 22, 
        "model": "poll.singlechoicequestionordering", 
        "fields": {
            "sections": 10, 
            "hide_on": [], 
            "question": 22, 
            "is_leading": false, 
            "position": 3
        }
    }, 
    {
        "pk": 23, 
        "model": "poll.singlechoicequestionordering", 
        "fields": {
            "sections": 11, 
            "hide_on": [], 
            "question": 23, 
            "is_leading": false, 
            "position": 1
        }
    }, 
    {
        "pk": 24, 
        "model": "poll.singlechoicequestionordering", 
        "fields": {
            "sections": 11, 
            "hide_on": [], 
            "question": 24, 
            "is_leading": false, 
            "position": 2
        }
    }, 
    {
        "pk": 25, 
        "model": "poll.singlechoicequestionordering", 
        "fields": {
            "sections": 12, 
            "hide_on": [], 
            "question": 25, 
            "is_leading": false, 
            "position": 1
        }
    }, 
    {
        "pk": 1, 
        "model": "poll.openquestionordering", 
        "fields": {
            "sections": 1, 
            "question": 1, 
            "position": 1
        }
    }, 
    {
        "pk": 2, 
        "model": "poll.openquestionordering", 
        "fields": {
            "sections": 1, 
            "question": 2, 
            "position": 2
        }
    }, 
    {
        "pk": 3, 
        "model": "poll.openquestionordering", 
        "fields": {
            "sections": 1, 
            "question": 3, 
            "position": 3
        }
    }, 
    {
        "pk": 4, 
        "model": "poll.openquestionordering", 
        "fields": {
            "sections": 4, 
            "question": 4, 
            "position": 3
        }
    }, 
    {
        "pk": 5, 
        "model": "poll.openquestionordering", 
        "fields": {
            "sections": 4, 
            "question": 5, 
            "position": 4
        }
    }, 
    {
        "pk": 6, 
        "model": "poll.openquestionordering", 
        "fields": {
            "sections": 7, 
            "question": 6, 
            "position": 1
        }
    }, 
    {
        "pk": 7, 
        "model": "poll.openquestionordering", 
        "fields": {
            "sections": 10, 
            "question": 7, 
            "position": 4
        }
    }, 
    {
        "pk": 8, 
        "model": "poll.openquestionordering", 
        "fields": {
            "sections": 12, 
            "question": 8, 
            "position": 3
        }
    }, 
    {
        "pk": 9, 
        "model": "poll.openquestionordering", 
        "fields": {
            "sections": 13, 
            "question": 9, 
            "position": 1
        }
    }, 
    {
        "pk": 10, 
        "model": "poll.openquestionordering", 
        "fields": {
            "sections": 13, 
            "question": 10, 
            "position": 2
        }
    }, 
    {
        "pk": 11, 
        "model": "poll.openquestionordering", 
        "fields": {
            "sections": 13, 
            "question": 11, 
            "position": 3
        }
    }, 
    {
        "pk": 1, 
        "model": "poll.openquestion", 
        "fields": {
            "content": "Co Ci si\u0119 najbardziej podoba\u0142o?", 
            "description": null
        }
    }, 
    {
        "pk": 2, 
        "model": "poll.openquestion", 
        "fields": {
            "content": "Co Ci si\u0119 najbardziej nie podoba\u0142o?", 
            "description": null
        }
    }, 
    {
        "pk": 3, 
        "model": "poll.openquestion", 
        "fields": {
            "content": "Jakie wprowadzi\u0142by\u015b zmiany?", 
            "description": null
        }
    }, 
    {
        "pk": 4, 
        "model": "poll.openquestion", 
        "fields": {
            "content": "Kt\u00f3re tre\u015bci by\u0142y dla Ciebie najbardziej interesuj\u0105ce?", 
            "description": null
        }
    }, 
    {
        "pk": 5, 
        "model": "poll.openquestion", 
        "fields": {
            "content": "Kt\u00f3re tre\u015bci by\u0142y dla Ciebie najmniej interesuj\u0105ce?", 
            "description": null
        }
    }, 
    {
        "pk": 6, 
        "model": "poll.openquestion", 
        "fields": {
            "content": "Co s\u0105dzisz o poziomie trudno\u015bci zada\u0144 przedstawianych do zaprogramowania na pracowni?", 
            "description": null
        }
    }, 
    {
        "pk": 7, 
        "model": "poll.openquestion", 
        "fields": {
            "content": "Kt\u00f3re seminarium (i dlaczego) podoba\u0142o Ci si\u0119 najbardziej?", 
            "description": null
        }
    }, 
    {
        "pk": 8, 
        "model": "poll.openquestion", 
        "fields": {
            "content": "Jakie przedmioty chcia\u0142by\u015b, \u017ceby zosta\u0142y wprowadzone do oferty dydaktycznej?", 
            "description": null
        }
    }, 
    {
        "pk": 9, 
        "model": "poll.openquestion", 
        "fields": {
            "content": "Kt\u00f3rzy wyk\u0142adowcy s\u0105 Twoimi ulubionymi i dlaczego?", 
            "description": null
        }
    }, 
    {
        "pk": 10, 
        "model": "poll.openquestion", 
        "fields": {
            "content": "Jakich wyk\u0142adowc\u00f3w raczej unikasz? Jakie s\u0105 tego powody?", 
            "description": null
        }
    }, 
    {
        "pk": 11, 
        "model": "poll.openquestion", 
        "fields": {
            "content": "Uwagi dotycz\u0105ce prowadzenia zaj\u0119\u0107 w instytucie", 
            "description": null
        }
    }, 
    {
        "pk": 1, 
        "model": "poll.section", 
        "fields": {
            "description": "", 
            "title": "Uwagi"
        }
    }, 
    {
        "pk": 2, 
        "model": "poll.section", 
        "fields": {
            "description": "", 
            "title": "Ocena dziwnego wyk\u0142adowcy"
        }
    }, 
    {
        "pk": 3, 
        "model": "poll.section", 
        "fields": {
            "description": "", 
            "title": "Ocena wyk\u0142adowcy"
        }
    }, 
    {
        "pk": 4, 
        "model": "poll.section", 
        "fields": {
            "description": "", 
            "title": "Ocena wyk\u0142adu"
        }
    }, 
    {
        "pk": 5, 
        "model": "poll.section", 
        "fields": {
            "description": "", 
            "title": "Egzamin"
        }
    }, 
    {
        "pk": 6, 
        "model": "poll.section", 
        "fields": {
            "description": "", 
            "title": "Ocena \u0107wicze\u0144"
        }
    }, 
    {
        "pk": 7, 
        "model": "poll.section", 
        "fields": {
            "description": "", 
            "title": "Ocena pracowni zdalnej"
        }
    }, 
    {
        "pk": 8, 
        "model": "poll.section", 
        "fields": {
            "description": "", 
            "title": "Ocena LPP"
        }
    }, 
    {
        "pk": 9, 
        "model": "poll.section", 
        "fields": {
            "description": "", 
            "title": "Ocena pracowni"
        }
    }, 
    {
        "pk": 10, 
        "model": "poll.section", 
        "fields": {
            "description": "", 
            "title": "Ocena seminarium - inne wyk\u0142ady"
        }
    }, 
    {
        "pk": 11, 
        "model": "poll.section", 
        "fields": {
            "description": "", 
            "title": "Ocena seminarium"
        }
    }, 
    {
        "pk": 12, 
        "model": "poll.section", 
        "fields": {
            "description": "", 
            "title": "Oferta dydaktyczna"
        }
    }, 
    {
        "pk": 13, 
        "model": "poll.section", 
        "fields": {
            "description": "", 
            "title": "Og\u00f3lna ocena zaj\u0119\u0107"
        }
    }, 
    {
        "pk": 1, 
        "model": "poll.sectionordering", 
        "fields": {
            "position": 1, 
            "section": 3, 
            "poll": 1
        }
    }, 
    {
        "pk": 2, 
        "model": "poll.sectionordering", 
        "fields": {
            "position": 2, 
            "section": 4, 
            "poll": 1
        }
    }, 
    {
        "pk": 3, 
        "model": "poll.sectionordering", 
        "fields": {
            "position": 3, 
            "section": 5, 
            "poll": 1
        }
    }, 
    {
        "pk": 4, 
        "model": "poll.sectionordering", 
        "fields": {
            "position": 4, 
            "section": 1, 
            "poll": 1
        }
    }, 
    {
        "pk": 5, 
        "model": "poll.sectionordering", 
        "fields": {
            "position": 1, 
            "section": 3, 
            "poll": 2
        }
    }, 
    {
        "pk": 6, 
        "model": "poll.sectionordering", 
        "fields": {
            "position": 2, 
            "section": 4, 
            "poll": 2
        }
    }, 
    {
        "pk": 7, 
        "model": "poll.sectionordering", 
        "fields": {
            "position": 3, 
            "section": 5, 
            "poll": 2
        }
    }, 
    {
        "pk": 8, 
        "model": "poll.sectionordering", 
        "fields": {
            "position": 4, 
            "section": 1, 
            "poll": 2
        }
    }, 
    {
        "pk": 9, 
        "model": "poll.sectionordering", 
        "fields": {
            "position": 1, 
            "section": 3, 
            "poll": 3
        }
    }, 
    {
        "pk": 10, 
        "model": "poll.sectionordering", 
        "fields": {
            "position": 2, 
            "section": 4, 
            "poll": 3
        }
    }, 
    {
        "pk": 11, 
        "model": "poll.sectionordering", 
        "fields": {
            "position": 3, 
            "section": 5, 
            "poll": 3
        }
    }, 
    {
        "pk": 12, 
        "model": "poll.sectionordering", 
        "fields": {
            "position": 4, 
            "section": 1, 
            "poll": 3
        }
    }, 
    {
        "pk": 13, 
        "model": "poll.sectionordering", 
        "fields": {
            "position": 1, 
            "section": 3, 
            "poll": 4
        }
    }, 
    {
        "pk": 14, 
        "model": "poll.sectionordering", 
        "fields": {
            "position": 2, 
            "section": 4, 
            "poll": 4
        }
    }, 
    {
        "pk": 15, 
        "model": "poll.sectionordering", 
        "fields": {
            "position": 3, 
            "section": 5, 
            "poll": 4
        }
    }, 
    {
        "pk": 16, 
        "model": "poll.sectionordering", 
        "fields": {
            "position": 4, 
            "section": 1, 
            "poll": 4
        }
    }, 
    {
        "pk": 17, 
        "model": "poll.sectionordering", 
        "fields": {
            "position": 1, 
            "section": 3, 
            "poll": 5
        }
    }, 
    {
        "pk": 18, 
        "model": "poll.sectionordering", 
        "fields": {
            "position": 2, 
            "section": 4, 
            "poll": 5
        }
    }, 
    {
        "pk": 19, 
        "model": "poll.sectionordering", 
        "fields": {
            "position": 3, 
            "section": 5, 
            "poll": 5
        }
    }, 
    {
        "pk": 20, 
        "model": "poll.sectionordering", 
        "fields": {
            "position": 4, 
            "section": 1, 
            "poll": 5
        }
    }, 
    {
        "pk": 21, 
        "model": "poll.sectionordering", 
        "fields": {
            "position": 1, 
            "section": 3, 
            "poll": 6
        }
    }, 
    {
        "pk": 22, 
        "model": "poll.sectionordering", 
        "fields": {
            "position": 2, 
            "section": 4, 
            "poll": 6
        }
    }, 
    {
        "pk": 23, 
        "model": "poll.sectionordering", 
        "fields": {
            "position": 3, 
            "section": 5, 
            "poll": 6
        }
    }, 
    {
        "pk": 24, 
        "model": "poll.sectionordering", 
        "fields": {
            "position": 4, 
            "section": 1, 
            "poll": 6
        }
    }, 
    {
        "pk": 25, 
        "model": "poll.sectionordering", 
        "fields": {
            "position": 1, 
            "section": 3, 
            "poll": 7
        }
    }, 
    {
        "pk": 26, 
        "model": "poll.sectionordering", 
        "fields": {
            "position": 2, 
            "section": 4, 
            "poll": 7
        }
    }, 
    {
        "pk": 27, 
        "model": "poll.sectionordering", 
        "fields": {
            "position": 3, 
            "section": 5, 
            "poll": 7
        }
    }, 
    {
        "pk": 28, 
        "model": "poll.sectionordering", 
        "fields": {
            "position": 4, 
            "section": 1, 
            "poll": 7
        }
    }, 
    {
        "pk": 29, 
        "model": "poll.sectionordering", 
        "fields": {
            "position": 1, 
            "section": 3, 
            "poll": 8
        }
    }, 
    {
        "pk": 30, 
        "model": "poll.sectionordering", 
        "fields": {
            "position": 2, 
            "section": 4, 
            "poll": 8
        }
    }, 
    {
        "pk": 31, 
        "model": "poll.sectionordering", 
        "fields": {
            "position": 3, 
            "section": 5, 
            "poll": 8
        }
    }, 
    {
        "pk": 32, 
        "model": "poll.sectionordering", 
        "fields": {
            "position": 4, 
            "section": 1, 
            "poll": 8
        }
    }, 
    {
        "pk": 33, 
        "model": "poll.sectionordering", 
        "fields": {
            "position": 1, 
            "section": 3, 
            "poll": 9
        }
    }, 
    {
        "pk": 34, 
        "model": "poll.sectionordering", 
        "fields": {
            "position": 2, 
            "section": 4, 
            "poll": 9
        }
    }, 
    {
        "pk": 35, 
        "model": "poll.sectionordering", 
        "fields": {
            "position": 3, 
            "section": 5, 
            "poll": 9
        }
    }, 
    {
        "pk": 36, 
        "model": "poll.sectionordering", 
        "fields": {
            "position": 4, 
            "section": 1, 
            "poll": 9
        }
    }, 
    {
        "pk": 37, 
        "model": "poll.sectionordering", 
        "fields": {
            "position": 1, 
            "section": 3, 
            "poll": 10
        }
    }, 
    {
        "pk": 38, 
        "model": "poll.sectionordering", 
        "fields": {
            "position": 2, 
            "section": 4, 
            "poll": 10
        }
    }, 
    {
        "pk": 39, 
        "model": "poll.sectionordering", 
        "fields": {
            "position": 3, 
            "section": 5, 
            "poll": 10
        }
    }, 
    {
        "pk": 40, 
        "model": "poll.sectionordering", 
        "fields": {
            "position": 4, 
            "section": 1, 
            "poll": 10
        }
    }, 
    {
        "pk": 45, 
        "model": "poll.sectionordering", 
        "fields": {
            "position": 1, 
            "section": 3, 
            "poll": 12
        }
    }, 
    {
        "pk": 46, 
        "model": "poll.sectionordering", 
        "fields": {
            "position": 2, 
            "section": 4, 
            "poll": 12
        }
    }, 
    {
        "pk": 47, 
        "model": "poll.sectionordering", 
        "fields": {
            "position": 3, 
            "section": 5, 
            "poll": 12
        }
    }, 
    {
        "pk": 48, 
        "model": "poll.sectionordering", 
        "fields": {
            "position": 4, 
            "section": 1, 
            "poll": 12
        }
    }, 
    {
        "pk": 49, 
        "model": "poll.sectionordering", 
        "fields": {
            "position": 1, 
            "section": 3, 
            "poll": 13
        }
    }, 
    {
        "pk": 50, 
        "model": "poll.sectionordering", 
        "fields": {
            "position": 2, 
            "section": 4, 
            "poll": 13
        }
    }, 
    {
        "pk": 51, 
        "model": "poll.sectionordering", 
        "fields": {
            "position": 3, 
            "section": 5, 
            "poll": 13
        }
    }, 
    {
        "pk": 52, 
        "model": "poll.sectionordering", 
        "fields": {
            "position": 4, 
            "section": 1, 
            "poll": 13
        }
    }, 
    {
        "pk": 53, 
        "model": "poll.sectionordering", 
        "fields": {
            "position": 1, 
            "section": 2, 
            "poll": 14
        }
    }, 
    {
        "pk": 54, 
        "model": "poll.sectionordering", 
        "fields": {
            "position": 2, 
            "section": 4, 
            "poll": 14
        }
    }, 
    {
        "pk": 55, 
        "model": "poll.sectionordering", 
        "fields": {
            "position": 3, 
            "section": 5, 
            "poll": 14
        }
    }, 
    {
        "pk": 56, 
        "model": "poll.sectionordering", 
        "fields": {
            "position": 4, 
            "section": 1, 
            "poll": 14
        }
    }, 
    {
        "pk": 57, 
        "model": "poll.sectionordering", 
        "fields": {
            "position": 1, 
            "section": 6, 
            "poll": 15
        }
    }, 
    {
        "pk": 58, 
        "model": "poll.sectionordering", 
        "fields": {
            "position": 2, 
            "section": 1, 
            "poll": 15
        }
    }, 
    {
        "pk": 59, 
        "model": "poll.sectionordering", 
        "fields": {
            "position": 1, 
            "section": 6, 
            "poll": 16
        }
    }, 
    {
        "pk": 60, 
        "model": "poll.sectionordering", 
        "fields": {
            "position": 2, 
            "section": 1, 
            "poll": 16
        }
    }, 
    {
        "pk": 61, 
        "model": "poll.sectionordering", 
        "fields": {
            "position": 1, 
            "section": 6, 
            "poll": 17
        }
    }, 
    {
        "pk": 62, 
        "model": "poll.sectionordering", 
        "fields": {
            "position": 2, 
            "section": 1, 
            "poll": 17
        }
    }, 
    {
        "pk": 63, 
        "model": "poll.sectionordering", 
        "fields": {
            "position": 1, 
            "section": 6, 
            "poll": 18
        }
    }, 
    {
        "pk": 64, 
        "model": "poll.sectionordering", 
        "fields": {
            "position": 2, 
            "section": 1, 
            "poll": 18
        }
    }, 
    {
        "pk": 65, 
        "model": "poll.sectionordering", 
        "fields": {
            "position": 1, 
            "section": 6, 
            "poll": 19
        }
    }, 
    {
        "pk": 66, 
        "model": "poll.sectionordering", 
        "fields": {
            "position": 2, 
            "section": 1, 
            "poll": 19
        }
    }, 
    {
        "pk": 67, 
        "model": "poll.sectionordering", 
        "fields": {
            "position": 1, 
            "section": 6, 
            "poll": 20
        }
    }, 
    {
        "pk": 68, 
        "model": "poll.sectionordering", 
        "fields": {
            "position": 2, 
            "section": 1, 
            "poll": 20
        }
    }, 
    {
        "pk": 69, 
        "model": "poll.sectionordering", 
        "fields": {
            "position": 1, 
            "section": 6, 
            "poll": 21
        }
    }, 
    {
        "pk": 70, 
        "model": "poll.sectionordering", 
        "fields": {
            "position": 2, 
            "section": 1, 
            "poll": 21
        }
    }, 
    {
        "pk": 71, 
        "model": "poll.sectionordering", 
        "fields": {
            "position": 1, 
            "section": 6, 
            "poll": 22
        }
    }, 
    {
        "pk": 72, 
        "model": "poll.sectionordering", 
        "fields": {
            "position": 2, 
            "section": 1, 
            "poll": 22
        }
    }, 
    {
        "pk": 73, 
        "model": "poll.sectionordering", 
        "fields": {
            "position": 1, 
            "section": 6, 
            "poll": 23
        }
    }, 
    {
        "pk": 74, 
        "model": "poll.sectionordering", 
        "fields": {
            "position": 2, 
            "section": 1, 
            "poll": 23
        }
    }, 
    {
        "pk": 75, 
        "model": "poll.sectionordering", 
        "fields": {
            "position": 1, 
            "section": 6, 
            "poll": 24
        }
    }, 
    {
        "pk": 76, 
        "model": "poll.sectionordering", 
        "fields": {
            "position": 2, 
            "section": 1, 
            "poll": 24
        }
    }, 
    {
        "pk": 77, 
        "model": "poll.sectionordering", 
        "fields": {
            "position": 1, 
            "section": 6, 
            "poll": 25
        }
    }, 
    {
        "pk": 78, 
        "model": "poll.sectionordering", 
        "fields": {
            "position": 2, 
            "section": 1, 
            "poll": 25
        }
    }, 
    {
        "pk": 79, 
        "model": "poll.sectionordering", 
        "fields": {
            "position": 1, 
            "section": 6, 
            "poll": 26
        }
    }, 
    {
        "pk": 80, 
        "model": "poll.sectionordering", 
        "fields": {
            "position": 2, 
            "section": 1, 
            "poll": 26
        }
    }, 
    {
        "pk": 81, 
        "model": "poll.sectionordering", 
        "fields": {
            "position": 1, 
            "section": 6, 
            "poll": 27
        }
    }, 
    {
        "pk": 82, 
        "model": "poll.sectionordering", 
        "fields": {
            "position": 2, 
            "section": 1, 
            "poll": 27
        }
    }, 
    {
        "pk": 83, 
        "model": "poll.sectionordering", 
        "fields": {
            "position": 1, 
            "section": 6, 
            "poll": 28
        }
    }, 
    {
        "pk": 84, 
        "model": "poll.sectionordering", 
        "fields": {
            "position": 2, 
            "section": 1, 
            "poll": 28
        }
    }, 
    {
        "pk": 85, 
        "model": "poll.sectionordering", 
        "fields": {
            "position": 1, 
            "section": 6, 
            "poll": 29
        }
    }, 
    {
        "pk": 86, 
        "model": "poll.sectionordering", 
        "fields": {
            "position": 2, 
            "section": 1, 
            "poll": 29
        }
    }, 
    {
        "pk": 87, 
        "model": "poll.sectionordering", 
        "fields": {
            "position": 1, 
            "section": 6, 
            "poll": 30
        }
    }, 
    {
        "pk": 88, 
        "model": "poll.sectionordering", 
        "fields": {
            "position": 2, 
            "section": 1, 
            "poll": 30
        }
    }, 
    {
        "pk": 89, 
        "model": "poll.sectionordering", 
        "fields": {
            "position": 1, 
            "section": 6, 
            "poll": 31
        }
    }, 
    {
        "pk": 90, 
        "model": "poll.sectionordering", 
        "fields": {
            "position": 2, 
            "section": 1, 
            "poll": 31
        }
    }, 
    {
        "pk": 91, 
        "model": "poll.sectionordering", 
        "fields": {
            "position": 1, 
            "section": 9, 
            "poll": 32
        }
    }, 
    {
        "pk": 92, 
        "model": "poll.sectionordering", 
        "fields": {
            "position": 2, 
            "section": 1, 
            "poll": 32
        }
    }, 
    {
        "pk": 93, 
        "model": "poll.sectionordering", 
        "fields": {
            "position": 1, 
            "section": 9, 
            "poll": 33
        }
    }, 
    {
        "pk": 94, 
        "model": "poll.sectionordering", 
        "fields": {
            "position": 2, 
            "section": 1, 
            "poll": 33
        }
    }, 
    {
        "pk": 97, 
        "model": "poll.sectionordering", 
        "fields": {
            "position": 1, 
            "section": 9, 
            "poll": 35
        }
    }, 
    {
        "pk": 98, 
        "model": "poll.sectionordering", 
        "fields": {
            "position": 2, 
            "section": 1, 
            "poll": 35
        }
    }, 
    {
        "pk": 99, 
        "model": "poll.sectionordering", 
        "fields": {
            "position": 1, 
            "section": 9, 
            "poll": 36
        }
    }, 
    {
        "pk": 100, 
        "model": "poll.sectionordering", 
        "fields": {
            "position": 2, 
            "section": 1, 
            "poll": 36
        }
    }, 
    {
        "pk": 101, 
        "model": "poll.sectionordering", 
        "fields": {
            "position": 1, 
            "section": 9, 
            "poll": 37
        }
    }, 
    {
        "pk": 102, 
        "model": "poll.sectionordering", 
        "fields": {
            "position": 2, 
            "section": 1, 
            "poll": 37
        }
    }, 
    {
        "pk": 113, 
        "model": "poll.sectionordering", 
        "fields": {
            "position": 1, 
            "section": 9, 
            "poll": 43
        }
    }, 
    {
        "pk": 114, 
        "model": "poll.sectionordering", 
        "fields": {
            "position": 2, 
            "section": 1, 
            "poll": 43
        }
    }, 
    {
        "pk": 115, 
        "model": "poll.sectionordering", 
        "fields": {
            "position": 1, 
            "section": 6, 
            "poll": 44
        }
    }, 
    {
        "pk": 116, 
        "model": "poll.sectionordering", 
        "fields": {
            "position": 2, 
            "section": 9, 
            "poll": 44
        }
    }, 
    {
        "pk": 117, 
        "model": "poll.sectionordering", 
        "fields": {
            "position": 3, 
            "section": 1, 
            "poll": 44
        }
    }, 
    {
        "pk": 118, 
        "model": "poll.sectionordering", 
        "fields": {
            "position": 1, 
            "section": 11, 
            "poll": 45
        }
    }, 
    {
        "pk": 119, 
        "model": "poll.sectionordering", 
        "fields": {
            "position": 2, 
            "section": 10, 
            "poll": 45
        }
    }, 
    {
        "pk": 120, 
        "model": "poll.sectionordering", 
        "fields": {
            "position": 3, 
            "section": 1, 
            "poll": 45
        }
    }, 
    {
        "pk": 121, 
        "model": "poll.sectionordering", 
        "fields": {
            "position": 1, 
            "section": 11, 
            "poll": 46
        }
    }, 
    {
        "pk": 122, 
        "model": "poll.sectionordering", 
        "fields": {
            "position": 2, 
            "section": 10, 
            "poll": 46
        }
    }, 
    {
        "pk": 123, 
        "model": "poll.sectionordering", 
        "fields": {
            "position": 3, 
            "section": 1, 
            "poll": 46
        }
    }, 
    {
        "pk": 124, 
        "model": "poll.sectionordering", 
        "fields": {
            "position": 1, 
            "section": 11, 
            "poll": 47
        }
    }, 
    {
        "pk": 125, 
        "model": "poll.sectionordering", 
        "fields": {
            "position": 2, 
            "section": 10, 
            "poll": 47
        }
    }, 
    {
        "pk": 126, 
        "model": "poll.sectionordering", 
        "fields": {
            "position": 3, 
            "section": 1, 
            "poll": 47
        }
    }, 
    {
        "pk": 127, 
        "model": "poll.sectionordering", 
        "fields": {
            "position": 1, 
            "section": 11, 
            "poll": 48
        }
    }, 
    {
        "pk": 128, 
        "model": "poll.sectionordering", 
        "fields": {
            "position": 2, 
            "section": 10, 
            "poll": 48
        }
    }, 
    {
        "pk": 129, 
        "model": "poll.sectionordering", 
        "fields": {
            "position": 3, 
            "section": 1, 
            "poll": 48
        }
    }, 
    {
        "pk": 130, 
        "model": "poll.sectionordering", 
        "fields": {
            "position": 1, 
            "section": 11, 
            "poll": 49
        }
    }, 
    {
        "pk": 131, 
        "model": "poll.sectionordering", 
        "fields": {
            "position": 2, 
            "section": 10, 
            "poll": 49
        }
    }, 
    {
        "pk": 132, 
        "model": "poll.sectionordering", 
        "fields": {
            "position": 3, 
            "section": 1, 
            "poll": 49
        }
    }, 
    {
        "pk": 133, 
        "model": "poll.sectionordering", 
        "fields": {
            "position": 1, 
            "section": 11, 
            "poll": 50
        }
    }, 
    {
        "pk": 134, 
        "model": "poll.sectionordering", 
        "fields": {
            "position": 2, 
            "section": 10, 
            "poll": 50
        }
    }, 
    {
        "pk": 135, 
        "model": "poll.sectionordering", 
        "fields": {
            "position": 3, 
            "section": 1, 
            "poll": 50
        }
    }, 
    {
        "pk": 136, 
        "model": "poll.sectionordering", 
        "fields": {
            "position": 1, 
            "section": 11, 
            "poll": 51
        }
    }, 
    {
        "pk": 137, 
        "model": "poll.sectionordering", 
        "fields": {
            "position": 2, 
            "section": 10, 
            "poll": 51
        }
    }, 
    {
        "pk": 138, 
        "model": "poll.sectionordering", 
        "fields": {
            "position": 3, 
            "section": 1, 
            "poll": 51
        }
    }, 
    {
        "pk": 139, 
        "model": "poll.sectionordering", 
        "fields": {
            "position": 1, 
            "section": 11, 
            "poll": 52
        }
    }, 
    {
        "pk": 140, 
        "model": "poll.sectionordering", 
        "fields": {
            "position": 2, 
            "section": 10, 
            "poll": 52
        }
    }, 
    {
        "pk": 141, 
        "model": "poll.sectionordering", 
        "fields": {
            "position": 3, 
            "section": 1, 
            "poll": 52
        }
    }, 
    {
        "pk": 142, 
        "model": "poll.sectionordering", 
        "fields": {
            "position": 1, 
            "section": 11, 
            "poll": 53
        }
    }, 
    {
        "pk": 143, 
        "model": "poll.sectionordering", 
        "fields": {
            "position": 2, 
            "section": 10, 
            "poll": 53
        }
    }, 
    {
        "pk": 144, 
        "model": "poll.sectionordering", 
        "fields": {
            "position": 3, 
            "section": 1, 
            "poll": 53
        }
    }, 
    {
        "pk": 145, 
        "model": "poll.sectionordering", 
        "fields": {
            "position": 1, 
            "section": 11, 
            "poll": 54
        }
    }, 
    {
        "pk": 146, 
        "model": "poll.sectionordering", 
        "fields": {
            "position": 2, 
            "section": 10, 
            "poll": 54
        }
    }, 
    {
        "pk": 147, 
        "model": "poll.sectionordering", 
        "fields": {
            "position": 3, 
            "section": 1, 
            "poll": 54
        }
    }, 
    {
        "pk": 148, 
        "model": "poll.sectionordering", 
        "fields": {
            "position": 1, 
            "section": 11, 
            "poll": 55
        }
    }, 
    {
        "pk": 149, 
        "model": "poll.sectionordering", 
        "fields": {
            "position": 2, 
            "section": 10, 
            "poll": 55
        }
    }, 
    {
        "pk": 150, 
        "model": "poll.sectionordering", 
        "fields": {
            "position": 3, 
            "section": 1, 
            "poll": 55
        }
    }, 
    {
        "pk": 151, 
        "model": "poll.sectionordering", 
        "fields": {
            "position": 1, 
            "section": 11, 
            "poll": 56
        }
    }, 
    {
        "pk": 152, 
        "model": "poll.sectionordering", 
        "fields": {
            "position": 2, 
            "section": 10, 
            "poll": 56
        }
    }, 
    {
        "pk": 153, 
        "model": "poll.sectionordering", 
        "fields": {
            "position": 3, 
            "section": 1, 
            "poll": 56
        }
    }, 
    {
        "pk": 154, 
        "model": "poll.sectionordering", 
        "fields": {
            "position": 1, 
            "section": 11, 
            "poll": 57
        }
    }, 
    {
        "pk": 155, 
        "model": "poll.sectionordering", 
        "fields": {
            "position": 2, 
            "section": 10, 
            "poll": 57
        }
    }, 
    {
        "pk": 156, 
        "model": "poll.sectionordering", 
        "fields": {
            "position": 3, 
            "section": 1, 
            "poll": 57
        }
    }, 
    {
        "pk": 157, 
        "model": "poll.sectionordering", 
        "fields": {
            "position": 1, 
            "section": 8, 
            "poll": 58
        }
    }, 
    {
        "pk": 158, 
        "model": "poll.sectionordering", 
        "fields": {
            "position": 2, 
            "section": 1, 
            "poll": 58
        }
    }, 
    {
        "pk": 159, 
        "model": "poll.sectionordering", 
        "fields": {
            "position": 1, 
            "section": 8, 
            "poll": 59
        }
    }, 
    {
        "pk": 160, 
        "model": "poll.sectionordering", 
        "fields": {
            "position": 2, 
            "section": 1, 
            "poll": 59
        }
    }, 
    {
        "pk": 161, 
        "model": "poll.sectionordering", 
        "fields": {
            "position": 1, 
            "section": 8, 
            "poll": 60
        }
    }, 
    {
        "pk": 162, 
        "model": "poll.sectionordering", 
        "fields": {
            "position": 2, 
            "section": 1, 
            "poll": 60
        }
    }, 
    {
        "pk": 163, 
        "model": "poll.sectionordering", 
        "fields": {
            "position": 1, 
            "section": 8, 
            "poll": 61
        }
    }, 
    {
        "pk": 164, 
        "model": "poll.sectionordering", 
        "fields": {
            "position": 2, 
            "section": 1, 
            "poll": 61
        }
    }, 
    {
        "pk": 165, 
        "model": "poll.sectionordering", 
        "fields": {
            "position": 1, 
            "section": 8, 
            "poll": 62
        }
    }, 
    {
        "pk": 166, 
        "model": "poll.sectionordering", 
        "fields": {
            "position": 2, 
            "section": 1, 
            "poll": 62
        }
    }, 
    {
        "pk": 167, 
        "model": "poll.sectionordering", 
        "fields": {
            "position": 1, 
            "section": 7, 
            "poll": 63
        }
    }, 
    {
        "pk": 168, 
        "model": "poll.sectionordering", 
        "fields": {
            "position": 2, 
            "section": 1, 
            "poll": 63
        }
    }, 
    {
        "pk": 169, 
        "model": "poll.sectionordering", 
        "fields": {
            "position": 1, 
            "section": 12, 
            "poll": 64
        }
    }, 
    {
        "pk": 170, 
        "model": "poll.sectionordering", 
        "fields": {
            "position": 2, 
            "section": 13, 
            "poll": 64
        }
    }, 
    {
        "pk": 1, 
        "model": "poll.poll", 
        "fields": {
            "studies_type": null, 
            "group": 100, 
            "description": "", 
            "title": "Ocena wyk\u0142adu", 
            "author": 1020, 
            "semester": 100, 
            "sharing_employees": []
        }
    }, 
    {
        "pk": 2, 
        "model": "poll.poll", 
        "fields": {
            "studies_type": null, 
            "group": 107, 
            "description": "", 
            "title": "Ocena wyk\u0142adu", 
            "author": 1020, 
            "semester": 100, 
            "sharing_employees": []
        }
    }, 
    {
        "pk": 3, 
        "model": "poll.poll", 
        "fields": {
            "studies_type": null, 
            "group": 109, 
            "description": "", 
            "title": "Ocena wyk\u0142adu", 
            "author": 1020, 
            "semester": 100, 
            "sharing_employees": []
        }
    }, 
    {
        "pk": 4, 
        "model": "poll.poll", 
        "fields": {
            "studies_type": null, 
            "group": 112, 
            "description": "", 
            "title": "Ocena wyk\u0142adu", 
            "author": 1020, 
            "semester": 100, 
            "sharing_employees": []
        }
    }, 
    {
        "pk": 5, 
        "model": "poll.poll", 
        "fields": {
            "studies_type": null, 
            "group": 140, 
            "description": "", 
            "title": "Ocena wyk\u0142adu", 
            "author": 1020, 
            "semester": 100, 
            "sharing_employees": []
        }
    }, 
    {
        "pk": 6, 
        "model": "poll.poll", 
        "fields": {
            "studies_type": null, 
            "group": 146, 
            "description": "", 
            "title": "Ocena wyk\u0142adu", 
            "author": 1020, 
            "semester": 100, 
            "sharing_employees": []
        }
    }, 
    {
        "pk": 7, 
        "model": "poll.poll", 
        "fields": {
            "studies_type": null, 
            "group": 157, 
            "description": "", 
            "title": "Ocena wyk\u0142adu", 
            "author": 1020, 
            "semester": 100, 
            "sharing_employees": []
        }
    }, 
    {
        "pk": 8, 
        "model": "poll.poll", 
        "fields": {
            "studies_type": null, 
            "group": 160, 
            "description": "", 
            "title": "Ocena wyk\u0142adu", 
            "author": 1020, 
            "semester": 100, 
            "sharing_employees": []
        }
    }, 
    {
        "pk": 9, 
        "model": "poll.poll", 
        "fields": {
            "studies_type": null, 
            "group": 178, 
            "description": "", 
            "title": "Ocena wyk\u0142adu", 
            "author": 1020, 
            "semester": 100, 
            "sharing_employees": []
        }
    }, 
    {
        "pk": 10, 
        "model": "poll.poll", 
        "fields": {
            "studies_type": null, 
            "group": 184, 
            "description": "", 
            "title": "Ocena wyk\u0142adu", 
            "author": 1020, 
            "semester": 100, 
            "sharing_employees": []
        }
    }, 
    {
        "pk": 12, 
        "model": "poll.poll", 
        "fields": {
            "studies_type": null, 
            "group": 188, 
            "description": "", 
            "title": "Ocena wyk\u0142adu", 
            "author": 1020, 
            "semester": 100, 
            "sharing_employees": []
        }
    }, 
    {
        "pk": 13, 
        "model": "poll.poll", 
        "fields": {
            "studies_type": null, 
            "group": 195, 
            "description": "", 
            "title": "Ocena wyk\u0142adu", 
            "author": 1020, 
            "semester": 100, 
            "sharing_employees": []
        }
    }, 
    {
        "pk": 14, 
        "model": "poll.poll", 
        "fields": {
            "studies_type": null, 
            "group": 185, 
            "description": "..bo JFiZO jest inne, ni\u017c wszystko, co nim nie jest!", 
            "title": "Ocena JFiZO", 
            "author": 1020, 
            "semester": 100, 
            "sharing_employees": []
        }
    }, 
    {
        "pk": 15, 
        "model": "poll.poll", 
        "fields": {
            "studies_type": null, 
            "group": 101, 
            "description": "", 
            "title": "Ocena \u0107wicze\u0144", 
            "author": 1020, 
            "semester": 100, 
            "sharing_employees": []
        }
    }, 
    {
        "pk": 16, 
        "model": "poll.poll", 
        "fields": {
            "studies_type": null, 
            "group": 102, 
            "description": "", 
            "title": "Ocena \u0107wicze\u0144", 
            "author": 1020, 
            "semester": 100, 
            "sharing_employees": []
        }
    }, 
    {
        "pk": 17, 
        "model": "poll.poll", 
        "fields": {
            "studies_type": null, 
            "group": 108, 
            "description": "", 
            "title": "Ocena \u0107wicze\u0144", 
            "author": 1020, 
            "semester": 100, 
            "sharing_employees": []
        }
    }, 
    {
        "pk": 18, 
        "model": "poll.poll", 
        "fields": {
            "studies_type": null, 
            "group": 110, 
            "description": "", 
            "title": "Ocena \u0107wicze\u0144", 
            "author": 1020, 
            "semester": 100, 
            "sharing_employees": []
        }
    }, 
    {
        "pk": 19, 
        "model": "poll.poll", 
        "fields": {
            "studies_type": null, 
            "group": 111, 
            "description": "", 
            "title": "Ocena \u0107wicze\u0144", 
            "author": 1020, 
            "semester": 100, 
            "sharing_employees": []
        }
    }, 
    {
        "pk": 20, 
        "model": "poll.poll", 
        "fields": {
            "studies_type": null, 
            "group": 113, 
            "description": "", 
            "title": "Ocena \u0107wicze\u0144", 
            "author": 1020, 
            "semester": 100, 
            "sharing_employees": []
        }
    }, 
    {
        "pk": 21, 
        "model": "poll.poll", 
        "fields": {
            "studies_type": null, 
            "group": 114, 
            "description": "", 
            "title": "Ocena \u0107wicze\u0144", 
            "author": 1020, 
            "semester": 100, 
            "sharing_employees": []
        }
    }, 
    {
        "pk": 22, 
        "model": "poll.poll", 
        "fields": {
            "studies_type": null, 
            "group": 115, 
            "description": "", 
            "title": "Ocena \u0107wicze\u0144", 
            "author": 1020, 
            "semester": 100, 
            "sharing_employees": []
        }
    }, 
    {
        "pk": 23, 
        "model": "poll.poll", 
        "fields": {
            "studies_type": null, 
            "group": 141, 
            "description": "", 
            "title": "Ocena \u0107wicze\u0144", 
            "author": 1020, 
            "semester": 100, 
            "sharing_employees": []
        }
    }, 
    {
        "pk": 24, 
        "model": "poll.poll", 
        "fields": {
            "studies_type": null, 
            "group": 142, 
            "description": "", 
            "title": "Ocena \u0107wicze\u0144", 
            "author": 1020, 
            "semester": 100, 
            "sharing_employees": []
        }
    }, 
    {
        "pk": 25, 
        "model": "poll.poll", 
        "fields": {
            "studies_type": null, 
            "group": 158, 
            "description": "", 
            "title": "Ocena \u0107wicze\u0144", 
            "author": 1020, 
            "semester": 100, 
            "sharing_employees": []
        }
    }, 
    {
        "pk": 26, 
        "model": "poll.poll", 
        "fields": {
            "studies_type": null, 
            "group": 186, 
            "description": "", 
            "title": "Ocena \u0107wicze\u0144", 
            "author": 1020, 
            "semester": 100, 
            "sharing_employees": []
        }
    }, 
    {
        "pk": 27, 
        "model": "poll.poll", 
        "fields": {
            "studies_type": null, 
            "group": 187, 
            "description": "", 
            "title": "Ocena \u0107wicze\u0144", 
            "author": 1020, 
            "semester": 100, 
            "sharing_employees": []
        }
    }, 
    {
        "pk": 28, 
        "model": "poll.poll", 
        "fields": {
            "studies_type": null, 
            "group": 196, 
            "description": "", 
            "title": "Ocena \u0107wicze\u0144", 
            "author": 1020, 
            "semester": 100, 
            "sharing_employees": []
        }
    }, 
    {
        "pk": 29, 
        "model": "poll.poll", 
        "fields": {
            "studies_type": null, 
            "group": 197, 
            "description": "", 
            "title": "Ocena \u0107wicze\u0144", 
            "author": 1020, 
            "semester": 100, 
            "sharing_employees": []
        }
    }, 
    {
        "pk": 30, 
        "model": "poll.poll", 
        "fields": {
            "studies_type": null, 
            "group": 198, 
            "description": "", 
            "title": "Ocena \u0107wicze\u0144", 
            "author": 1020, 
            "semester": 100, 
            "sharing_employees": []
        }
    }, 
    {
        "pk": 31, 
        "model": "poll.poll", 
        "fields": {
            "studies_type": null, 
            "group": 199, 
            "description": "", 
            "title": "Ocena \u0107wicze\u0144", 
            "author": 1020, 
            "semester": 100, 
            "sharing_employees": []
        }
    }, 
    {
        "pk": 32, 
        "model": "poll.poll", 
        "fields": {
            "studies_type": null, 
            "group": 147, 
            "description": "", 
            "title": "Ocena pracowni", 
            "author": 1020, 
            "semester": 100, 
            "sharing_employees": []
        }
    }, 
    {
        "pk": 33, 
        "model": "poll.poll", 
        "fields": {
            "studies_type": null, 
            "group": 148, 
            "description": "", 
            "title": "Ocena pracowni", 
            "author": 1020, 
            "semester": 100, 
            "sharing_employees": []
        }
    }, 
    {
        "pk": 35, 
        "model": "poll.poll", 
        "fields": {
            "studies_type": null, 
            "group": 161, 
            "description": "", 
            "title": "Ocena pracowni", 
            "author": 1020, 
            "semester": 100, 
            "sharing_employees": []
        }
    }, 
    {
        "pk": 36, 
        "model": "poll.poll", 
        "fields": {
            "studies_type": null, 
            "group": 162, 
            "description": "", 
            "title": "Ocena pracowni", 
            "author": 1020, 
            "semester": 100, 
            "sharing_employees": []
        }
    }, 
    {
        "pk": 37, 
        "model": "poll.poll", 
        "fields": {
            "studies_type": null, 
            "group": 163, 
            "description": "", 
            "title": "Ocena pracowni", 
            "author": 1020, 
            "semester": 100, 
            "sharing_employees": []
        }
    }, 
    {
        "pk": 43, 
        "model": "poll.poll", 
        "fields": {
            "studies_type": null, 
            "group": 179, 
            "description": "", 
            "title": "Ocena pracowni", 
            "author": 1020, 
            "semester": 100, 
            "sharing_employees": []
        }
    }, 
    {
        "pk": 44, 
        "model": "poll.poll", 
        "fields": {
            "studies_type": null, 
            "group": 189, 
            "description": "..bo przecie\u017c s\u0105 bazy danych!", 
            "title": "Ocena \u0107wiczenio-pracowni", 
            "author": 1020, 
            "semester": 100, 
            "sharing_employees": []
        }
    }, 
    {
        "pk": 45, 
        "model": "poll.poll", 
        "fields": {
            "studies_type": null, 
            "group": 116, 
            "description": "", 
            "title": "Ocena seminarium", 
            "author": 1020, 
            "semester": 100, 
            "sharing_employees": []
        }
    }, 
    {
        "pk": 46, 
        "model": "poll.poll", 
        "fields": {
            "studies_type": null, 
            "group": 117, 
            "description": "", 
            "title": "Ocena seminarium", 
            "author": 1020, 
            "semester": 100, 
            "sharing_employees": []
        }
    }, 
    {
        "pk": 47, 
        "model": "poll.poll", 
        "fields": {
            "studies_type": null, 
            "group": 118, 
            "description": "", 
            "title": "Ocena seminarium", 
            "author": 1020, 
            "semester": 100, 
            "sharing_employees": []
        }
    }, 
    {
        "pk": 48, 
        "model": "poll.poll", 
        "fields": {
            "studies_type": null, 
            "group": 119, 
            "description": "", 
            "title": "Ocena seminarium", 
            "author": 1020, 
            "semester": 100, 
            "sharing_employees": []
        }
    }, 
    {
        "pk": 49, 
        "model": "poll.poll", 
        "fields": {
            "studies_type": null, 
            "group": 120, 
            "description": "", 
            "title": "Ocena seminarium", 
            "author": 1020, 
            "semester": 100, 
            "sharing_employees": []
        }
    }, 
    {
        "pk": 50, 
        "model": "poll.poll", 
        "fields": {
            "studies_type": null, 
            "group": 128, 
            "description": "", 
            "title": "Ocena seminarium", 
            "author": 1020, 
            "semester": 100, 
            "sharing_employees": []
        }
    }, 
    {
        "pk": 51, 
        "model": "poll.poll", 
        "fields": {
            "studies_type": null, 
            "group": 129, 
            "description": "", 
            "title": "Ocena seminarium", 
            "author": 1020, 
            "semester": 100, 
            "sharing_employees": []
        }
    }, 
    {
        "pk": 52, 
        "model": "poll.poll", 
        "fields": {
            "studies_type": null, 
            "group": 130, 
            "description": "", 
            "title": "Ocena seminarium", 
            "author": 1020, 
            "semester": 100, 
            "sharing_employees": []
        }
    }, 
    {
        "pk": 53, 
        "model": "poll.poll", 
        "fields": {
            "studies_type": null, 
            "group": 131, 
            "description": "", 
            "title": "Ocena seminarium", 
            "author": 1020, 
            "semester": 100, 
            "sharing_employees": []
        }
    }, 
    {
        "pk": 54, 
        "model": "poll.poll", 
        "fields": {
            "studies_type": null, 
            "group": 132, 
            "description": "", 
            "title": "Ocena seminarium", 
            "author": 1020, 
            "semester": 100, 
            "sharing_employees": []
        }
    }, 
    {
        "pk": 55, 
        "model": "poll.poll", 
        "fields": {
            "studies_type": null, 
            "group": 133, 
            "description": "", 
            "title": "Ocena seminarium", 
            "author": 1020, 
            "semester": 100, 
            "sharing_employees": []
        }
    }, 
    {
        "pk": 56, 
        "model": "poll.poll", 
        "fields": {
            "studies_type": null, 
            "group": 134, 
            "description": "", 
            "title": "Ocena seminarium", 
            "author": 1020, 
            "semester": 100, 
            "sharing_employees": []
        }
    }, 
    {
        "pk": 57, 
        "model": "poll.poll", 
        "fields": {
            "studies_type": null, 
            "group": 135, 
            "description": "", 
            "title": "Ocena seminarium", 
            "author": 1020, 
            "semester": 100, 
            "sharing_employees": []
        }
    }, 
    {
        "pk": 58, 
        "model": "poll.poll", 
        "fields": {
            "studies_type": null, 
            "group": 164, 
            "description": "", 
            "title": "Ocena LPP", 
            "author": 1020, 
            "semester": 100, 
            "sharing_employees": []
        }
    }, 
    {
        "pk": 59, 
        "model": "poll.poll", 
        "fields": {
            "studies_type": null, 
            "group": 165, 
            "description": "", 
            "title": "Ocena LPP", 
            "author": 1020, 
            "semester": 100, 
            "sharing_employees": []
        }
    }, 
    {
        "pk": 60, 
        "model": "poll.poll", 
        "fields": {
            "studies_type": null, 
            "group": 166, 
            "description": "", 
            "title": "Ocena LPP", 
            "author": 1020, 
            "semester": 100, 
            "sharing_employees": []
        }
    }, 
    {
        "pk": 61, 
        "model": "poll.poll", 
        "fields": {
            "studies_type": null, 
            "group": 167, 
            "description": "", 
            "title": "Ocena LPP", 
            "author": 1020, 
            "semester": 100, 
            "sharing_employees": []
        }
    }, 
    {
        "pk": 62, 
        "model": "poll.poll", 
        "fields": {
            "studies_type": null, 
            "group": 168, 
            "description": "", 
            "title": "Ocena LPP", 
            "author": 1020, 
            "semester": 100, 
            "sharing_employees": []
        }
    }, 
    {
        "pk": 63, 
        "model": "poll.poll", 
        "fields": {
            "studies_type": null, 
            "group": 159, 
            "description": "", 
            "title": "Ocena Programowanie pracownia zdalna", 
            "author": 1020, 
            "semester": 100, 
            "sharing_employees": []
        }
    }, 
    {
        "pk": 64, 
        "model": "poll.poll", 
        "fields": {
            "studies_type": null, 
            "group": null, 
            "description": "Ankieta dot. og\u00f3\u0142u zaj\u0119\u0107", 
            "title": "Og\u00f3\u0142 zaj\u0119\u0107 w instytucie", 
            "author": 1020, 
            "semester": 100, 
            "sharing_employees": []
        }
    }
]