[
    {
        "pk": 10, 
        "model": "news.news", 
        "fields": {
            "body": "[b] [/b] Koniec zapis\u00f3w zostanie przesuni\u0119ty do ko\u0144ca tego tygodnia (czyli niedzielnego wieczoru, 14-go marca).\n\n Bardzo prosz\u0119, by osoby kt\u00f3re nie zamierzaj\u0105 chodzi\u0107 na zaj\u0119cia wypisa\u0142y si\u0119 z nich mo\u017cliwie jak najszybciej. Po zamkni\u0119ciu zapis\u00f3w [b]nie b\u0119d\u0119[/b] wypisywa\u0142 nikogo z grup, kt\u00f3re by\u0142y pe\u0142ne w momencie zamkni\u0119cia zapis\u00f3w (wy\u0142\u0105czywszy trudne do przewidzenia przypadki losowe), zatem zapisanych do grup zape\u0142nionych prosz\u0119 o szczeg\u00f3ln\u0105 uwag\u0119 przy ustalaniu ostatecznego planu na obecny semestr.", 
            "date": "2010-03-09 23:15:24", 
            "author": 1, 
            "category": "enrollment", 
            "title": "Sprawy ostateczne (koniec zapis\u00f3w)"
        }
    }, 
    {
        "pk": 9, 
        "model": "news.news", 
        "fields": {
            "body": "[b] [/b] Dzisiaj nieznacznie zwi\u0119kszona zostanie liczba miejsc na kursie WWW. Niestety nie powstanie pi\u0105ta grupa z tego przedmiotu.", 
            "date": "2010-03-09 23:15:10", 
            "author": 1, 
            "category": "enrollment", 
            "title": "Kurs WWW"
        }
    }, 
    {
        "pk": 8, 
        "model": "news.news", 
        "fields": {
            "body": "[b] [/b] Do ko\u0144ca tygodnia b\u0119dzie dzia\u0142a\u0107 te\u017c Ocena zaj\u0119\u0107, kt\u00f3ra mia\u0142a ostatnio przerw\u0119 (z powod\u00f3w technicznych)", 
            "date": "2010-03-09 23:14:58", 
            "author": 1, 
            "category": "offer", 
            "title": "Ocena zaj\u0119\u0107"
        }
    }, 
    {
        "pk": 7, 
        "model": "news.news", 
        "fields": {
            "body": "[b] [/b] Niestety, uwzgl\u0119dniaj\u0105c ograniczenia zwi\u0105zane z terminami i salami, \u017caden z prowadz\u0105cych nie mo\u017ce prowadzi\u0107 dodatkowej grupy CCNA.\n\n Poniewa\u017c, jak pokazuje sytuacja z grupami oczekuj\u0105cymi na zapis, s\u0105 ch\u0119tni zar\u00f3wno \"zamawiani\", jak i \"niezamawiani\", nie b\u0119dzie si\u0119 zmienia\u0142 podzia\u0142 12+4.\n\n W przysz\u0142ym semestrze planujemy otwarcie dw\u00f3ch grup CCNA 1, podobnie w jeszcze przy\u015blejszym.\n\n Bardzo prosz\u0119, by osoby, kt\u00f3re s\u0105 zapisane na CCNA 1, a zdecydowa\u0142y ju\u017c, \u017ce nie chc\u0105 chodzi\u0107 na te zaj\u0119cia, wypisa\u0142y si\u0119 z nich jak najszybciej, zwalniaj\u0105c tym samym miejsca dla rzeczywistych ch\u0119tnych.", 
            "date": "2010-03-08 23:14:32", 
            "author": 1, 
            "category": "enrollment", 
            "title": "CCNA 1"
        }
    }, 
    {
        "pk": 6, 
        "model": "news.news", 
        "fields": {
            "body": "[b] [/b] Grupa oczekuj\u0105cych na zapis zosta\u0142a przekszta\u0142cona w normaln\u0105 grup\u0119, kt\u00f3r\u0105 poprowadzi dr Mieczys\u0142aw Wodecki.", 
            "date": "2010-03-04 23:14:19", 
            "author": 1, 
            "category": "enrollment", 
            "title": "Obliczenia R\u00f3wnoleg\u0142e i Rozproszone"
        }
    }, 
    {
        "pk": 5, 
        "model": "news.news", 
        "fields": {
            "body": "[b] [/b] Niestety ze wzgl\u0119du na inne obowi\u0105zku p. Jakuba Michaliszyna jego (pusta) grupa z kursu WWW zosta\u0142a usuni\u0119ta. Najp\u00f3\u017aniej do pocz\u0105tku przysz\u0142ego tygodnia oka\u017ce si\u0119, czy b\u0119dzie mo\u017cliwe (i potrzebne) utworzenie nowej grupy. \n\n Wszystkich zainteresowanych prosz\u0119 zatem o cierpliwo\u015b\u0107.", 
            "date": "2010-03-02 23:14:05", 
            "author": 1, 
            "category": "enrollment", 
            "title": "Kurs WWW"
        }
    }, 
    {
        "pk": 4, 
        "model": "news.news", 
        "fields": {
            "body": "[b] [/b] Utworzona zosta\u0142a grupa oczekuj\u0105cych na zapis. Je\u017celi si\u0119 oka\u017ce, \u017ce jest du\u017ce zainteresowanie, b\u0119d\u0119 pr\u00f3bowa\u0142 otworzy\u0107 now\u0105 grup\u0119 c+p.", 
            "date": "2010-03-02 23:13:51", 
            "author": 1, 
            "category": "enrollment", 
            "title": "Obliczenia R\u00f3wnoleg\u0142e i Rozproszone"
        }
    }, 
    {
        "pk": 3, 
        "model": "news.news", 
        "fields": {
            "body": "Zwi\u0119kszona zosta\u0142a liczba miejsc na przedmiocie Sztuka wojny", 
            "date": "2010-03-01 23:13:36", 
            "author": 1, 
            "category": "enrollment", 
            "title": "Sztuka wojny"
        }
    }, 
    {
        "pk": 2, 
        "model": "news.news", 
        "fields": {
            "body": "[b] [/b] Od pierwszego marca (godzina 9.00) mo\u017cna zapisywa\u0107 si\u0119 na zaj\u0119cia bez limitu 40 punkt\u00f3w.\n\n Zapisy potrwaj\u0105 do 11.03, do p\u00f3\u0142nocy.", 
            "date": "2010-02-28 23:13:22", 
            "author": 1, 
            "category": "enrollment", 
            "title": "Terminy w systemie zapis\u00f3w"
        }
    }, 
    {
        "pk": 1, 
        "model": "news.news", 
        "fields": {
            "body": "[b] [/b] Kryptografia (jako przedmiot zaawansowany/I.2) oczywi\u015bcie ko\u0144czy si\u0119 egzaminem, w Systemie Zapis\u00f3w parametr \"czy egzamin\" by\u0142 ustawiony b\u0142\u0119dnie", 
            "date": "2010-02-28 23:13:04", 
            "author": 1, 
            "category": "enrollment", 
            "title": "Kryptografia: przedmiot z egzaminem"
        }
    }, 
    {
        "pk": 1, 
        "model": "proposal.proposaltag", 
        "fields": {
            "name": "offer"
        }
    }, 
    {
        "pk": 2, 
        "model": "proposal.proposaltag", 
        "fields": {
            "name": "vote"
        }
    }, 
    {
        "pk": 3, 
        "model": "proposal.proposaltag", 
        "fields": {
            "name": "summer"
        }
    }, 
    {
        "pk": 4, 
        "model": "proposal.proposaltag", 
        "fields": {
            "name": "winter"
        }
    }, 
    {
        "pk": 5, 
        "model": "proposal.proposaltag", 
        "fields": {
            "name": "exam"
        }
    }, 
    {
        "pk": 1, 
        "model": "proposal.proposal", 
        "fields": {
            "name": "J\u0119zyki formalne i z\u0142o\u017cono\u015b\u0107 obliczeniowa", 
            "tags": [
                1, 
                2, 
                4
            ], 
            "deleted": false, 
            "fans": [], 
            "helpers": [], 
            "teachers": [], 
            "owner": null, 
            "slug": "jezyki-formalne-i-zlozonosc-obliczeniowa"
        }
    }, 
    {
        "pk": 2, 
        "model": "proposal.proposal", 
        "fields": {
            "name": "Programowanie", 
            "tags": [
                1, 
                2, 
                3
            ], 
            "deleted": false, 
            "fans": [], 
            "helpers": [], 
            "teachers": [], 
            "owner": null, 
            "slug": "programowanie"
        }
    }, 
    {
        "pk": 3, 
        "model": "proposal.proposal", 
        "fields": {
            "name": "Programowanie obiektowe", 
            "tags": [
                1, 
                2
            ], 
            "deleted": false, 
            "fans": [], 
            "helpers": [], 
            "teachers": [], 
            "owner": null, 
            "slug": "programowanie-obiektowe"
        }
    }, 
    {
        "pk": 4, 
        "model": "proposal.proposal", 
        "fields": {
            "name": "Projektowanie obiektowe oprogramowania", 
            "tags": [
                1, 
                2, 
                3
            ], 
            "deleted": false, 
            "fans": [], 
            "helpers": [], 
            "teachers": [], 
            "owner": null, 
            "slug": "projektowanie-obiektowe-oprogramowania"
        }
    }, 
    {
        "pk": 5, 
        "model": "proposal.proposal", 
        "fields": {
            "name": "Sieci komputerowe", 
            "tags": [
                1, 
                2, 
                4
            ], 
            "deleted": false, 
            "fans": [], 
            "helpers": [], 
            "teachers": [], 
            "owner": null, 
            "slug": "sieci-komputerowe"
        }
    }, 
    {
        "pk": 6, 
        "model": "proposal.proposal", 
        "fields": {
            "name": "Teoretyczne podstawy j\u0119zyk\u00f3w programowania", 
            "tags": [
                2, 
                3
            ], 
            "deleted": false, 
            "fans": [], 
            "helpers": [], 
            "teachers": [], 
            "owner": null, 
            "slug": "teoretyczne-podstawy-jezykow-programowania"
        }
    }, 
    {
        "pk": 7, 
        "model": "proposal.proposal", 
        "fields": {
            "name": "Teoria graf\u00f3w", 
            "tags": [
                2, 
                3
            ], 
            "deleted": false, 
            "fans": [], 
            "helpers": [], 
            "teachers": [], 
            "owner": null, 
            "slug": "teoria-grafow"
        }
    }, 
    {
        "pk": 8, 
        "model": "proposal.proposal", 
        "fields": {
            "name": "Wnioskowanie statystyczne", 
            "tags": [
                1, 
                2
            ], 
            "deleted": false, 
            "fans": [], 
            "helpers": [], 
            "teachers": [], 
            "owner": null, 
            "slug": "wnioskowanie-statystyczne"
        }
    }, 
    {
        "pk": 9, 
        "model": "proposal.proposal", 
        "fields": {
            "name": "Algebra", 
            "tags": [
                1, 
                2, 
                4
            ], 
            "deleted": false, 
            "fans": [], 
            "helpers": [], 
            "teachers": [], 
            "owner": null, 
            "slug": "algebra"
        }
    }, 
    {
        "pk": 10, 
        "model": "proposal.proposal", 
        "fields": {
            "name": "Kurs WWW", 
            "tags": [], 
            "deleted": false, 
            "fans": [], 
            "helpers": [], 
            "teachers": [], 
            "owner": null, 
            "slug": "kurs-www"
        }
    }, 
    {
        "pk": 11, 
        "model": "proposal.proposal", 
        "fields": {
            "name": "Kurs system\u00f3w wspomagaj\u0105cych obliczenia: Maple i Matlab", 
            "tags": [
                1
            ], 
            "deleted": false, 
            "fans": [], 
            "helpers": [], 
            "teachers": [], 
            "owner": null, 
            "slug": "kurs-systemow-wspomagajacych-obliczenia-maple-i-matlab"
        }
    }, 
    {
        "pk": 12, 
        "model": "proposal.proposal", 
        "fields": {
            "name": "Zastosowanie teorii kategorii do konstruowania program\u00f3w", 
            "tags": [
                1
            ], 
            "deleted": false, 
            "fans": [], 
            "helpers": [], 
            "teachers": [], 
            "owner": null, 
            "slug": "zastosowanie-teorii-kategorii-do-konstruowania-programow"
        }
    }, 
    {
        "pk": 13, 
        "model": "proposal.proposal", 
        "fields": {
            "name": "Fizyka dla informatyk\u00f3w", 
            "tags": [
                1, 
                2, 
                4, 
                5
            ], 
            "deleted": false, 
            "fans": [], 
            "helpers": [], 
            "teachers": [], 
            "owner": null, 
            "slug": "fizyka-dla-informatykow"
        }
    }, 
    {
        "pk": 1, 
        "model": "proposal.proposaldescription", 
        "fields": {
            "lectures": 60, 
            "requirements": "Logika dla informatyk\u00f3w, Matematyka dyskretna oraz Algorytmy i struktury danych", 
            "description": "Wyra\u017cenia i j\u0119zyki regularne. Automaty sko\u0144czone, r\u00f3wnowa\u017cno\u015b\u0107 deterministycznych automat\u00f3w sko\u0144czonych, niedeterministycznych automat\u00f3w sko\u0144czonych i wyra\u017ce\u0144 regularnych. (4 godz.)\n\nLemat o pompowaniu. Twierdzenie Myhilla-Nerode'a i minimalizacja automatu. (4 godz.)\n\nGramatyki i j\u0119zyki bezkontekstowe. Posta\u0107 normalna Greibach i Chomsky'ego.\n\nAutomaty ze stosem. R\u00f3wnowa\u017cno\u015b\u0107 gramatyk bezkontekstowych i automat\u00f3w ze stosem. (10 godz.)\n\nLemat o pompowaniu i lemat Ogdena. (4 godz.)\n\nJ\u0119zyki deterministyczne i jednoznaczne. (4 godz.)\n\nTeoretyczne modele maszyn obliczaj\u0105cych. Modele oblicze\u0144 sekwencyjnych: maszyna Turinga i jej modyfikacje, RAM. Niedeterministyczna maszyna Turinga.\n\nPrzyk\u0142adowe symulacje pomi\u0119dzy r\u00f3\u017cnymi modelami. Definicja Kleene'go. Teza Churcha. (6 godz.)\n\nPoj\u0119cie zbioru rekurencyjnego i rekurencyjnie przeliczalnego. Kodowanie i numeracja maszyn Turinga, maszyna uniwersalna. Nierozstrzygalno\u015b\u0107 problemu stopu. Inne przyk\u0142ady problem\u00f3w nierozstrzygalnych. Twierdzenie Rice'a. (4 godz.)\n\nNierozstrzygalno\u015b\u0107 problem\u00f3w Posta i problemu s\u0142\u00f3w w p\u00f3\u0142grupie. Informacja o nierozstrzygalno\u015bci arytmetyki. (4 godz.)\n\nCzasowa i pami\u0119ciowa z\u0142o\u017cono\u015b\u0107 obliczeniowa dla modelu maszyny Turinga.\n\nZale\u017cno\u015bci pomi\u0119dzy nimi. Poj\u0119cie klasy z\u0142o\u017cono\u015bci i najwa\u017cniejsze przyk\u0142ady (LOGSPACE, NLOGSPACE, PTIME, UP, NP, PSPACE, EXPTIME). Przyk\u0142ad problemu wymagaj\u0105cego wyk\u0142adniczego czasu i pami\u0119ci. (8 godz.)\n\nNP-zupe\u0142no\u015b\u0107, sens poj\u0119cia, przyk\u0142ady, tw. Cooka, redukcje pomi\u0119dzy problemami, hipoteza P\u00b9 NP. (6 godz.)\n\nZagadnienie z\u0142o\u017cono\u015bci dla modeli r\u00f3wnoleg\u0142ych, klasa PSPACE jako pu\u0142ap z\u0142o\u017cono\u015bci dla oblicze\u0144 r\u00f3wnoleg\u0142ych w czasie wielomianowym, informacja o klasie NC, jej podklasach i strukturze. (4 godz.)", 
            "author": 1, 
            "deleted": false, 
            "ects": 9, 
            "comments": "", 
            "repetitories": 30, 
            "exercises": 30, 
            "web_page": null, 
            "date": "2010-06-08 23:46:11", 
            "proposal": 1, 
            "laboratories": 0, 
            "tags": []
        }
    }, 
    {
        "pk": 2, 
        "model": "proposal.proposaldescription", 
        "fields": {
            "lectures": 60, 
            "requirements": "Logika dla informatyk\u00f3w\r\nKurs Pascala lub C", 
            "description": "Celem zaj\u0119\u0107 jest przedstawienie studentom mo\u017cliwie szerokiego kr\u0119gu zagadnie\u0144 zwi\u0105zanych z programowaniem komputer\u00f3w, ze szczeg\u00f3lnym uwzgl\u0119dnieniem podstawowych konstrukcji wyst\u0119puj\u0105cych w j\u0119zykach programowania i zwi\u0105zanych z nimi technik tworzenia program\u00f3w.\r\n\r\n Istniej\u0105 dwa sposoby wyk\u0142adania podstaw j\u0119zyk\u00f3w programowania. Jeden, spopularyzowany przez Abelsona i Sussman\u00f3w [1], polega na prezentowaniu konstrukcji j\u0119zykowych jako zdefiniowanych przez u\u017cytkownika idiom\u00f3w w prostym j\u0119zyku programowania (takim jak Lisp). Zalet\u0105 takiego podej\u015bcia jest uproszczenie i ujednolicenie sk\u0142adni, wad\u0105 za\u015b - nieunikniona sztuczno\u015b\u0107 prezentacji.\r\n\r\n Wyk\u0142ad reprezentuje komplementarne podej\u015bcie: r\u00f3\u017cne koncepcje i konstrukcje j\u0119zykowe przedstawiane s\u0105 na przyk\u0142adzie u\u017cywanych w praktyce j\u0119zyk\u00f3w programowania. Dzi\u0119ki temu konstrukcje te s\u0105 prezentowane w dostosowanym do nich formalizmie. Takie podej\u015bcie zmusza student\u00f3w do wi\u0119kszego wysi\u0142ku zwi\u0105zanego z opanowaniem zmieniaj\u0105cej si\u0119 w czasie wyk\u0142adu sk\u0142adni. Rozwija to jednak u s\u0142uchaczy umiej\u0119tno\u015b\u0107 abstrahowania istotnych koncepcji od ma\u0142o wa\u017cnych detali sk\u0142adniowych.\r\n\r\n Wyk\u0142ad ilustrowany jest przyk\u0142adami z wielu j\u0119zyk\u00f3w programowania. Nie zak\u0142ada jednak znajomo\u015bci \u017cadnego z nich. Nie ma tak\u017ce na celu nauczenia student\u00f3w \u017cadnego z nich. Powinien da\u0107 natomiast zrozumienie i umiej\u0119tno\u015b\u0107 \u015bwiadomego korzystania z mechanizm\u00f3w spotykanych w j\u0119zykach programowania, kt\u00f3re studenci opanuj\u0105 samodzielnie lub w ramach Kurs\u00f3w Narz\u0119dzi Informatyki. W szczeg\u00f3lno\u015bci wyk\u0142ad przedstawia koncepcj\u0119 j\u0119zyka programowania jako sp\u00f3jnej ca\u0142o\u015bci, konflikty pomi\u0119dzy r\u00f3\u017cnymi za\u0142o\u017ceniami konstrukcyjnymi, m.in. zale\u017cno\u015b\u0107 mi\u0119dzy konstrukcjami wysokiego poziomu i efektywno\u015bci\u0105 implementacji j\u0119zyka oraz techniki programowania indukowane przez struktur\u0119 j\u0119zyk\u00f3w programowania, tj. idiomatyk\u0119, styl i metody programowania w r\u00f3\u017cnych j\u0119zykach.\r\n\r\n Wyk\u0142ad zajmuje centralne miejsce w zestawie przedmiot\u00f3w informatycznych i zapewnia podstawy do studiowania wielu przedmiot\u00f3w zwi\u0105zanych z programowaniem komputer\u00f3w.", 
            "author": 1, 
            "deleted": false, 
            "ects": 12, 
            "comments": "", 
            "repetitories": 30, 
            "exercises": 30, 
            "web_page": null, 
            "date": "2010-06-08 23:57:25", 
            "proposal": 2, 
            "laboratories": 15, 
            "tags": []
        }
    }, 
    {
        "pk": 3, 
        "model": "proposal.proposaldescription", 
        "fields": {
            "lectures": 30, 
            "requirements": "Programowanie (lic lub mgr) lub znajomo\u015b\u0107 podstawowych struktur danych (listy, stosy), znajomo\u015b\u0107 j\u0119zyka C w stopniu elementarnym", 
            "description": "Jednym z najwa\u017cniejszych narz\u0119dzi u\u017cywanych obecnie w in\u017cynierii oprogramowania jest paradygmat programowania obiektowego. Podstawowym poj\u0119ciem w tym paradygmacie jest obiekt: swego rodzaju czarna skrzynka posiadaj\u0105ca pewn\u0105 wewn\u0119trzn\u0105 struktur\u0119 oraz \u015bci\u015ble wyspecyfikowany interfejs za pomoc\u0105 kt\u00f3rego mo\u017cna modyfikowa\u0107 t\u0119 struktur\u0119. Dzi\u0119ki temu projektowanie aplikacji rozumiane jako odzwierciedlenie pewnego fragmentu rzeczywisto\u015bci sta\u0142o si\u0119 bardziej naturalne. Nie by\u0142oby jednak programowania obiektowego bez obiektowych j\u0119zyk\u00f3w programowania, dlatego do podstawowego warsztatu ka\u017cdego programisty nale\u017cy znajomo\u015b\u0107 przynajmnniej jednego z takich j\u0119zyk\u00f3w: C++, Java czy C#.\n\n Podczas zaj\u0119\u0107 przedstawiane s\u0105 zar\u00f3wno podstawowe zagadnienia programownia obiektowego, jak r\u00f3wnie\u017c prezentowane s\u0105 techniki implementacji popularnych struktur danych w wybranych obiektowych j\u0119zykach programowania. Pracownia przypisana do zaj\u0119\u0107 daje zar\u00f3wno mo\u017cliwo\u015bc praktycznego zg\u0142\u0119biania wyk\u0142adanych zagadnie\u0144 w powszechnie stosowanych j\u0119zykach takich jak C# czy Java, jak i samodzielnego przygotowania analizy i projeku wybranego zagadnienia.", 
            "author": 1, 
            "deleted": false, 
            "ects": 6, 
            "comments": "", 
            "repetitories": 0, 
            "exercises": 0, 
            "web_page": null, 
            "date": "2010-06-08 23:59:09", 
            "proposal": 3, 
            "laboratories": 30, 
            "tags": []
        }
    }, 
    {
        "pk": 4, 
        "model": "proposal.proposaldescription", 
        "fields": {
            "lectures": 30, 
            "requirements": "Efektywne tworzenie oprogramowania i/lub In\u017cynieria Oprogramowania\r\nDobra znajomo\u015b\u0107: podstaw baz danych i jednego z j\u0119zyk\u00f3w OOP", 
            "description": "Na \u0107wiczenia sk\u0142ada si\u0119 (przyrostowe) wykonywanie przyk\u0142ad\u00f3w zwi\u0105zanych bezpo\u015brednio z wyk\u0142adem i pracowni\u0105. Na pracowni jest kontynuowane tworzenie systemu, kt\u00f3rego realizacj\u0119 rozpocz\u0119to na zaj\u0119ciach z Efektywnego tworzenia oprogramowania.\r\n\r\n [b]Uwagi:[/b] zalecane jest jednoczesne ucz\u0119szczanie na seminarium o tym samym tytule co wyk\u0142ad.", 
            "author": 1, 
            "deleted": false, 
            "ects": 6, 
            "comments": "", 
            "repetitories": 0, 
            "exercises": 0, 
            "web_page": null, 
            "date": "2010-06-09 00:01:32", 
            "proposal": 4, 
            "laboratories": 30, 
            "tags": []
        }
    }, 
    {
        "pk": 5, 
        "model": "proposal.proposaldescription", 
        "fields": {
            "lectures": 30, 
            "requirements": "Matematyka dyskretna\r\nAlgebra\r\nRachunek prawdopodobie\u0144stwa", 
            "description": "Wyk\u0142ad jest wst\u0119pem do szerokiej tematyki sieci komputerowych. Przedstawione b\u0119d\u0105 na nim podstawowe zasady dzia\u0142ania sieci komputerowych, ze szczeg\u00f3lnym uwzgl\u0119dnieniem sieci opartych na protokole TCP/IP, oraz przegl\u0105d zastosowa\u0144 sieciowych spotykanych w Internecie. Nacisk po\u0142o\u017cony b\u0119dzie na przedstawienie s\u0142uchaczowi mechanizm\u00f3w, protoko\u0142\u00f3w i algorytmicznych podstaw stoj\u0105cych za problemami komunikacji w sieciach, a tak\u017ce na praktyczne wykorzystanie element\u00f3w tej wiedzy.", 
            "author": 1, 
            "deleted": false, 
            "ects": 6, 
            "comments": "", 
            "repetitories": 0, 
            "exercises": 30, 
            "web_page": null, 
            "date": "2010-06-09 00:07:43", 
            "proposal": 5, 
            "laboratories": 0, 
            "tags": []
        }
    }, 
    {
        "pk": 6, 
        "model": "proposal.proposaldescription", 
        "fields": {
            "lectures": 30, 
            "requirements": "Programowanie\r\nLogika dla informatyk\u00f3w\r\nWskazane zaliczenie programowania funkcyjnego", 
            "description": "Programy i j\u0119zyki programowania b\u0119d\u0105 rozpatrywane jakoobiekty matematyczne, kt\u00f3rych w\u0142asno\u015bci mog\u0105 by\u0107 \u015bci\u015ble formu\u0142owane i dowodzone. B\u0119d\u0105 omawiane sposoby formalnego definiowania mechanizm\u00f3wj\u0119zykowych, systemy typ\u00f3w, polimorfizm, podtypowanie, teoretycznepodstawy j\u0119zyk\u00f3w obiektowych.", 
            "author": 1, 
            "deleted": false, 
            "ects": 6, 
            "comments": "", 
            "repetitories": 0, 
            "exercises": 30, 
            "web_page": null, 
            "date": "2010-06-09 00:09:34", 
            "proposal": 6, 
            "laboratories": 0, 
            "tags": []
        }
    }, 
    {
        "pk": 7, 
        "model": "proposal.proposaldescription", 
        "fields": {
            "lectures": 30, 
            "requirements": "Matematyka Dyskretna", 
            "description": "Wyk\u0142ad stanowi wprowadzenie do kilku dzia\u0142\u00f3w wsp\u00f3\u0142czesnej teorii graf\u00f3w. Pomijam w nim tematy omawiane na matematyce dyskretnej (cykle Hamiltona, Eulera, drzewa i algorytmy grafowe). W programie klasyczne tematyka (planarno\u015b\u0107 i zanurzanie graf\u00f3w na r\u00f3\u017cnego rodzaju powierzchniach, kolorowanie i komputerowy dow\u00f3d twierdzenia o czterech barwach) oraz wybrane bardziej zaawansowane zagadnienia. Wyk\u0142ad dost\u0119pny jest w zasadzie ju\u017c dla student\u00f3w II roku. Korzystne jest wcze\u015bniejsze zaliczenie \"Wst\u0119pu do matematyki dyskretnej\", ale kolejno\u015b\u0107 t\u0119 mo\u017cna odwr\u00f3ci\u0107.\r\n\r\n Po wyk\u0142adzie mo\u017cna uzyska\u0107 temat na prace magistersk\u0105 z zakresu pogranicza informatyki i teorii graf\u00f3w (o charakterze przegladowym lub badawczym). Terminy \u0107wicze\u0144 i wyk\u0142adu mo\u017cemy jeszcze przedyskutowa\u0107.", 
            "author": 1, 
            "deleted": false, 
            "ects": 6, 
            "comments": "", 
            "repetitories": 0, 
            "exercises": 30, 
            "web_page": null, 
            "date": "2010-06-09 00:11:28", 
            "proposal": 7, 
            "laboratories": 0, 
            "tags": []
        }
    }, 
    {
        "pk": 8, 
        "model": "proposal.proposaldescription", 
        "fields": {
            "lectures": 30, 
            "requirements": "Analiza matematyczna.\r\nRachunek prawdopodobie\u0144stwa i statystyka.", 
            "description": "Kontynuacja wyk\u0142adu \"Rachunek prawdopodobie\u0144stwa i statystyka\". W por\u00f3wnaniu z tym pierwszym wyk\u0142ad ma o wiele bardziej praktyczny charakter. Po cz\u0119\u015bci przegl\u0105dowy charakter wyk\u0142adu zak\u0142ada pewne obeznanie z podstawami rachunku prawdopodobie\u0144stwa, st\u0105d wymagania wst\u0119pne takie jak podano powy\u017cej.", 
            "author": 1, 
            "deleted": false, 
            "ects": 6, 
            "comments": "", 
            "repetitories": 0, 
            "exercises": 30, 
            "web_page": null, 
            "date": "2010-06-09 00:12:38", 
            "proposal": 8, 
            "laboratories": 0, 
            "tags": []
        }
    }, 
    {
        "pk": 9, 
        "model": "proposal.proposaldescription", 
        "fields": {
            "lectures": 30, 
            "requirements": "Matematyka w zakresie szko\u0142y \u015bredniej", 
            "description": "1. Grupy i grupy permutacji. Podstawowe poj\u0119cia: rz\u0105d grupy, rz\u0105d elementu grupy, podgrupa. Grupy permutacji. Rozk\u0142ad permutacji na cykle. Znak permutacji.\r\n 2. Homomorfizmy grup. Kongruencje, dzielniki normalne, grupy ilorazowe, wzmianka o algebrach pocz\u0105tkowych.\r\n 3. Zagadnienia kombinatoryczne. Twierdzenie Lagrange'a, orbity i stabilizatory, dzia\u0142anie grupy na zbiorze, lemat Bernsteina.\r\n 4. Arytmetyka modularna. Relacja podzielno\u015bci. Pier\u015bcienie i pier\u015bcienie Z_n. Algorytm Euklidesa, chi\u0144skie twierdzenie o resztach, w\u0142asno\u015bci grup cyklicznych.\r\n 5. Wielomiany. Pier\u015bcienie wielomian\u00f3w. Podzielno\u015b\u0107 wielomian\u00f3w. Przyk\u0142ad konstrukcji cia\u0142a sko\u0144czonego. Cykliczno\u015b\u0107 grupy multiplikatywnej cia\u0142a sko\u0144czonego.\r\n 6. Przestrzenie liniowe i moduly. Zbiory liniowo niezale\u017cne. Bazy. Macierze i przekszta\u0142cenia liniowe. Rz\u0105d macierzy. Algorytm eliminacji Gaussa.\r\n 7. Wyznaczniki. W\u0142asno\u015bci wyznacznik\u00f3w. Rozwiniecie Laplace'a.\r\n 8. R\u00f3wnania liniowe. Zbi\u00f3r rozwiaz\u0105\u0144 uk\u0142adu r\u00f3wna\u0144 liniowych. Dope\u0142nienie ortogonalne podprzestrzeni. Wzory Cramera.\r\n 9. Elementy geometrii. Iloczyn skalarny. Odleg\u0142o\u015b\u0107 punkt\u00f3w. R\u00f3wnania prostych i p\u0142aszczyzn. Izometrie i przekszta\u0142cenia ortogonalne. Wielomian charakterystyczny. Obroty. Wzmianka o kwaternionach.\r\n 10. Nier\u00f3wnosci liniowe. Lemat Farkasa. Zbi\u00f3r rozwiaza\u0144 uk\u0142adu nier\u00f3wno\u015bci liniowych a uwypukleniem zbioru rozwi\u0105za\u0144 bazowych.\r\n 11. Formy dwuliniowe i kwadratowe. R\u00f3wnowazne formy kwadratowe (w pe\u0142nej grupie przekszta\u0142ce\u0144 i grupie ortogonalnej). Metoda Lagrange'a sprowadzania formy kwadratowej do postaci kanonicznej. Sprowadzanie formy kwadratowej do postaci kanonicznej w grupie ortogonalnej.", 
            "author": 1, 
            "deleted": false, 
            "ects": 7, 
            "comments": "", 
            "repetitories": 30, 
            "exercises": 30, 
            "web_page": null, 
            "date": "2010-06-09 00:14:08", 
            "proposal": 9, 
            "laboratories": 0, 
            "tags": []
        }
    }, 
    {
        "pk": 10, 
        "model": "proposal.proposaldescription", 
        "fields": {
            "lectures": 15, 
            "requirements": "Podstawy sieci komputerowych.\r\nPodstawy bazy danych, j\u0119zyk SQL.\r\nPodstawowa znajomo\u015b\u0107 j\u0119zyk\u00f3w Java i C#.", 
            "description": "Celem wyk\u0142adu jest zapoznanie s\u0142uchaczy z technologiami panuj\u0105cymi w \u015bwiecie Internetu. Przedstawione zostan\u0105 technologie wyst\u0119puj\u0105ce zar\u00f3wno po stronie klienta, jak i te po stronie serwera. Om\u00f3wiona zostanie konfiguracja serwer\u00f3w WWW z punktu widzenia bezpiecze\u0144stwa i wydajno\u015bci. Poniewa\u017c era notatnika, czy vi-a odchodzi w zapomnienie, przedstawione zostan\u0105 tak\u017ce \u015brodowiska zintegrowane wspieraj\u0105ce tworzenie serwis\u00f3w WWW.", 
            "author": 1, 
            "deleted": false, 
            "ects": 5, 
            "comments": "", 
            "repetitories": 0, 
            "exercises": 0, 
            "web_page": null, 
            "date": "2010-06-09 00:15:36", 
            "proposal": 10, 
            "laboratories": 30, 
            "tags": []
        }
    }, 
    {
        "pk": 11, 
        "model": "proposal.proposaldescription", 
        "fields": {
            "lectures": 15, 
            "requirements": "Algebra\r\nAnaliza matematyczna", 
            "description": "Rozwi\u0105zywanie mniej lub bardziej skomplikowanych problem\u00f3w z zakresu matematyki jest w dzisiejszych czasach nieod\u0142\u0105cznym elementem pracy ka\u017cdego programisty. R\u0119czne rozwi\u0105zywanie tego typu problem\u00f3w cz\u0119sto bywa czasoch\u0142onne i jest obarczone ryzykiem pope\u0142nienia b\u0142\u0119du. W trakcie tego kursu przedstawione zostan\u0105 dwa popularne systemy wspomagania oblicze\u0144 matematycznych: Maple i Matlab. J\u0119zyk Maple dzi\u0119ki zaawansowanemu mechanizmowi oblicze\u0144 symbolicznych pozwala prosto i szybko rozwi\u0105zywa\u0107 problemy mi\u0119dzy innymi z zakresu matematyki dyskretnej oraz analizy matematycznej. J\u0119zyk Matlab zosta\u0142 natomiast stworzony z my\u015bl\u0105 o \u0142atwym i skutecznym rozwi\u0105zywaniu problem\u00f3w obliczeniowych g\u0142ownie z zakresu algebry. Oba omawiane j\u0119zyki programowania s\u0105 \u0142atwe do opanowania, posiadaj\u0105 bardzo intuicyjn\u0105 sk\u0142adni\u0119, dzi\u0119ki czemu ich u\u017cytkownik mo\u017ce koncentrowa\u0107 si\u0119 na rozwi\u0105zywaniu problemu, a nie na zawi\u0142o\u015bciach zwi\u0105zanych z tworzeniem samego programu. Bogaty zestaw narz\u0119dzi wizualizacyjnych daje mo\u017cliwo\u015b\u0107 tworzenia atrakcyjnych graficznych prezentacji obliczanych rozwi\u0105za\u0144.", 
            "author": 1, 
            "deleted": false, 
            "ects": 5, 
            "comments": "", 
            "repetitories": 0, 
            "exercises": 0, 
            "web_page": null, 
            "date": "2010-06-12 11:04:23", 
            "proposal": 11, 
            "laboratories": 45, 
            "tags": []
        }
    }, 
    {
        "pk": 12, 
        "model": "proposal.proposaldescription", 
        "fields": {
            "lectures": 30, 
            "requirements": "Programowanie", 
            "description": "Application of category theory to program construction", 
            "author": 1, 
            "deleted": false, 
            "ects": 9, 
            "comments": "", 
            "repetitories": 0, 
            "exercises": 30, 
            "web_page": null, 
            "date": "2010-06-12 11:05:37", 
            "proposal": 12, 
            "laboratories": 0, 
            "tags": []
        }
    }, 
    {
        "pk": 13, 
        "model": "proposal.proposaldescription", 
        "fields": {
            "lectures": 30, 
            "requirements": "analiza matematyczna", 
            "description": "Przedmiot obowi\u0105zkowy dla studi\u00f3w in\u017cynierskich \r\n\r\n Tre\u015bci kszta\u0142cenia: Elementy mechaniki klasycznej. Grawitacja. Elementy elektryczno\u015bci, optyki i akustyki. Wprowadzenie do mechaniki kwantowej. Podstawy oblicze\u0144 kwantowych. \r\n\r\n Umiej\u0119tno\u015bci: Analizowania i wyja\u015bniania obserwowanych zjawisk; tworzenia i wery\u001ckacji modeli \u015bwiata rzeczywistego oraz pos\u0142ugiwania si\u0119 nimi w celu predykcji zdarze\u0144 i stan\u00f3w.", 
            "author": 1, 
            "deleted": false, 
            "ects": 6, 
            "comments": "", 
            "repetitories": 0, 
            "exercises": 30, 
            "web_page": "", 
            "date": "2010-06-30 19:25:15", 
            "proposal": 13, 
            "laboratories": 0, 
            "tags": []
        }
    }, 
    {
        "pk": 1, 
        "model": "proposal.book", 
        "fields": {
            "proposal": 1, 
            "name": "A.V. Aho, J.E. Hopcroft, J.D. Ullman, Projektowanie i analiza algorytm\u00f3w komputerowych, PWN, Warszawa 1983", 
            "order": 0
        }
    }, 
    {
        "pk": 4, 
        "model": "proposal.book", 
        "fields": {
            "proposal": 2, 
            "name": "H. Abelson, G. J. Sussman, J. Sussman, Structure and Interpretation of Computer Programs, MIT Press, 1985.", 
            "order": 0
        }
    }, 
    {
        "pk": 12, 
        "model": "proposal.book", 
        "fields": {
            "proposal": 3, 
            "name": "G. Booch, Object Oriented Design, Benjamin/Cummings, 1991.", 
            "order": 0
        }
    }, 
    {
        "pk": 18, 
        "model": "proposal.book", 
        "fields": {
            "proposal": 4, 
            "name": "E. J. Braude, Software Design: From Programming to Architecture, JohnWiley & Sons, 2004.", 
            "order": 0
        }
    }, 
    {
        "pk": 23, 
        "model": "proposal.book", 
        "fields": {
            "proposal": 5, 
            "name": "Andrew S. Tanenbaum, Computer Networks, 3th Edition, Prentice-Hall, 1996. ", 
            "order": 0
        }
    }, 
    {
        "pk": 26, 
        "model": "proposal.book", 
        "fields": {
            "proposal": 7, 
            "name": "B. Bollob'as, Modern graph theory, Springer 1998. ", 
            "order": 0
        }
    }, 
    {
        "pk": 30, 
        "model": "proposal.book", 
        "fields": {
            "proposal": 8, 
            "name": "S. Brandt, Analiza danych, PWN 1998.", 
            "order": 0
        }
    }, 
    {
        "pk": 32, 
        "model": "proposal.book", 
        "fields": {
            "proposal": 9, 
            "name": "A. Bia\u0142ynicki-Birula, Algebra, PWN, Warszawa 1980.", 
            "order": 0
        }
    }, 
    {
        "pk": 35, 
        "model": "proposal.book", 
        "fields": {
            "proposal": 11, 
            "name": "Martha L. Abell, James Braselton, Maple V by example, Boston 1994", 
            "order": 0
        }
    }, 
    {
        "pk": 2, 
        "model": "proposal.book", 
        "fields": {
            "proposal": 1, 
            "name": "J.E. Hopcroft, J.D. Ullman, Wprowadzenie do teorii automat\u00f3w, j\u0119zyk\u00f3w i oblicze\u0144, WNT, Warszawa 1994", 
            "order": 1
        }
    }, 
    {
        "pk": 5, 
        "model": "proposal.book", 
        "fields": {
            "proposal": 2, 
            "name": "M.A. Arbib, Projektowanie program\u00f3w poprawnych i dobrze zbudowanych, WNT, Warszawa 1982.", 
            "order": 1
        }
    }, 
    {
        "pk": 13, 
        "model": "proposal.book", 
        "fields": {
            "proposal": 3, 
            "name": "P. Coad, E. Yourdon, Object-oriented analysis, Prentice-Hall, 1991.", 
            "order": 1
        }
    }, 
    {
        "pk": 19, 
        "model": "proposal.book", 
        "fields": {
            "proposal": 4, 
            "name": "F. Buschmann, R. Meunier, H. Rohnet, P. Sommerlad, M. Stal, Pattern-Oriented Software Architecture, John Wiley & Sons, 1996.", 
            "order": 1
        }
    }, 
    {
        "pk": 24, 
        "model": "proposal.book", 
        "fields": {
            "proposal": 5, 
            "name": "Douglas E. Comer, Sieci komputerowe TCP/IP, tom 1 i 2, PWN 1997. ", 
            "order": 1
        }
    }, 
    {
        "pk": 27, 
        "model": "proposal.book", 
        "fields": {
            "proposal": 7, 
            "name": "P. J. Cameron, Combinatorics, Cambridge Univ. Press 1994. ", 
            "order": 1
        }
    }, 
    {
        "pk": 31, 
        "model": "proposal.book", 
        "fields": {
            "proposal": 8, 
            "name": "M. Fisz, Rachunek prawdopodobie\u0144stwa i statystyka matematyczna. PWN 1958.", 
            "order": 1
        }
    }, 
    {
        "pk": 33, 
        "model": "proposal.book", 
        "fields": {
            "proposal": 9, 
            "name": "G. Birkhoff, S. Mac Lane, Przegl\u0105d algebry wsp\u00f3\u0142czesnej, PWN, Warszawa 1963.", 
            "order": 1
        }
    }, 
    {
        "pk": 36, 
        "model": "proposal.book", 
        "fields": {
            "proposal": 11, 
            "name": "First Leaves: a tutorial introduction to Maple, Waterloo Maple Publ.", 
            "order": 1
        }
    }, 
    {
        "pk": 3, 
        "model": "proposal.book", 
        "fields": {
            "proposal": 1, 
            "name": "N.D. Jones, Computability and Complexity from a Programming Perspective, w druku", 
            "order": 2
        }
    }, 
    {
        "pk": 6, 
        "model": "proposal.book", 
        "fields": {
            "proposal": 2, 
            "name": "M. Ben-Ari, Podstawy programowania wspo\u0142bie\u017cnego, WNT, Warszawa 1989.", 
            "order": 2
        }
    }, 
    {
        "pk": 14, 
        "model": "proposal.book", 
        "fields": {
            "proposal": 3, 
            "name": "A. Goldberg, D. Robson, Smalltalk-80: the Language, Addison-Wesley, 1989.", 
            "order": 2
        }
    }, 
    {
        "pk": 20, 
        "model": "proposal.book", 
        "fields": {
            "proposal": 4, 
            "name": "J. W. Cooper, Java. Wzorce projektowe, Helion, 2001.", 
            "order": 2
        }
    }, 
    {
        "pk": 25, 
        "model": "proposal.book", 
        "fields": {
            "proposal": 5, 
            "name": "W. Richard Stevens, Unix programowanie us\u0142ug sieciowych, tom 1, WNT 2000", 
            "order": 2
        }
    }, 
    {
        "pk": 28, 
        "model": "proposal.book", 
        "fields": {
            "proposal": 7, 
            "name": "R. Diestel, Graph Theory, Springer 2000.(dost\u0119pna na sieci!) ", 
            "order": 2
        }
    }, 
    {
        "pk": 34, 
        "model": "proposal.book", 
        "fields": {
            "proposal": 9, 
            "name": "L. Garding, T. Tambour, Algebra for Computer Science, Springer-Verlag, 1988.", 
            "order": 2
        }
    }, 
    {
        "pk": 37, 
        "model": "proposal.book", 
        "fields": {
            "proposal": 11, 
            "name": "Maple V language reference manual", 
            "order": 2
        }
    }, 
    {
        "pk": 7, 
        "model": "proposal.book", 
        "fields": {
            "proposal": 2, 
            "name": "E. W. Dijkstra, Umiejetno\u015b\u0107 programowania, WNT, Warszawa 1985.C.B. Jones, Konstruowanie oprogramowania metod\u0105 systematyczn\u0105, WNT, Warszawa 1984.", 
            "order": 3
        }
    }, 
    {
        "pk": 15, 
        "model": "proposal.book", 
        "fields": {
            "proposal": 3, 
            "name": "H. Oktaba, W. Ratajczak, Simula 67, WNT, Warszawa 1980.", 
            "order": 3
        }
    }, 
    {
        "pk": 21, 
        "model": "proposal.book", 
        "fields": {
            "proposal": 4, 
            "name": "M. Fowler, K. Beck, J. Brant, W. Opdyke, D. Roberts, Refaktoryzacja. Ulepszaie struktury isniejacego kodu, WNT, 2006.", 
            "order": 3
        }
    }, 
    {
        "pk": 29, 
        "model": "proposal.book", 
        "fields": {
            "proposal": 7, 
            "name": "H.P. Yap, Some topics in graph theory, Cambridge Univ. Press 1986.", 
            "order": 3
        }
    }, 
    {
        "pk": 38, 
        "model": "proposal.book", 
        "fields": {
            "proposal": 11, 
            "name": "Desmond J. Higham, Nicholas J. Higham, Matlab guide, Philadelphia 2000", 
            "order": 3
        }
    }, 
    {
        "pk": 8, 
        "model": "proposal.book", 
        "fields": {
            "proposal": 2, 
            "name": "M. Marcotty, H. Ledgard, W kregu jezyk\u00f3w programowania, WNT, Warszawa 1991.", 
            "order": 4
        }
    }, 
    {
        "pk": 16, 
        "model": "proposal.book", 
        "fields": {
            "proposal": 3, 
            "name": "B. Stroustrup, The C++ Programming Language, Addison-Wesley, 1991.", 
            "order": 4
        }
    }, 
    {
        "pk": 22, 
        "model": "proposal.book", 
        "fields": {
            "proposal": 4, 
            "name": "E. Freeman, E. Freeman, Head First Design Patterns, O'Reilly (HelionS.A.), 2005.", 
            "order": 4
        }
    }, 
    {
        "pk": 39, 
        "model": "proposal.book", 
        "fields": {
            "proposal": 11, 
            "name": "Bogumi\u0142a Mrozek, Zbigniew Mrozek, Matlab: uniwersalne \u015brodowisko do oblicze\u0144 naukowo-technicznych, Krak\u00f3w, 1995", 
            "order": 4
        }
    }, 
    {
        "pk": 9, 
        "model": "proposal.book", 
        "fields": {
            "proposal": 2, 
            "name": "R. Sethi, Programming Languages: Concepts and Constructs, Addison-Wesley, 1996.", 
            "order": 5
        }
    }, 
    {
        "pk": 17, 
        "model": "proposal.book", 
        "fields": {
            "proposal": 3, 
            "name": "I. Graham, Metody obiektowe w teorii i praktyce, WNT Warszawa 2004", 
            "order": 5
        }
    }, 
    {
        "pk": 40, 
        "model": "proposal.book", 
        "fields": {
            "proposal": 11, 
            "name": "Patrick Marchand, Graphics and GUIs with Matlab, CRC Press 1999", 
            "order": 5
        }
    }, 
    {
        "pk": 10, 
        "model": "proposal.book", 
        "fields": {
            "proposal": 2, 
            "name": "W.M. Turski, Metodologia programowania, WNT, Warszawa 1982.", 
            "order": 6
        }
    }, 
    {
        "pk": 11, 
        "model": "proposal.book", 
        "fields": {
            "proposal": 2, 
            "name": "N. Wirth, Algorytmy + struktury danych = programy, WNT, Warszawa 1989.", 
            "order": 7
        }
    }, 
    {
        "pk": 1, 
        "model": "proposal.types", 
        "fields": {
            "meta_type": true, 
            "group": null, 
            "name": "Obowi\u0105zkowy"
        }
    }, 
    {
        "pk": 2, 
        "model": "proposal.types", 
        "fields": {
            "meta_type": true, 
            "group": null, 
            "name": "Informatyczny"
        }
    }, 
    {
        "pk": 3, 
        "model": "proposal.types", 
        "fields": {
            "meta_type": false, 
            "group": 1, 
            "name": "Obowi\u0105zkowy 1"
        }
    }, 
    {
        "pk": 4, 
        "model": "proposal.types", 
        "fields": {
            "meta_type": false, 
            "group": 1, 
            "name": "Obowi\u0105zkowy 2"
        }
    }, 
    {
        "pk": 5, 
        "model": "proposal.types", 
        "fields": {
            "meta_type": false, 
            "group": 1, 
            "name": "Obowi\u0105zkowy 3"
        }
    }, 
    {
        "pk": 6, 
        "model": "proposal.types", 
        "fields": {
            "meta_type": false, 
            "group": 2, 
            "name": "Informatyczny 1"
        }
    }, 
    {
        "pk": 7, 
        "model": "proposal.types", 
        "fields": {
            "meta_type": false, 
            "group": 2, 
            "name": "Informatyczny 2"
        }
    }, 
    {
        "pk": 8, 
        "model": "proposal.types", 
        "fields": {
            "meta_type": true, 
            "group": null, 
            "name": "Kurs"
        }
    }, 
    {
        "pk": 9, 
        "model": "proposal.types", 
        "fields": {
            "meta_type": false, 
            "group": 8, 
            "name": "Kurs"
        }
    }, 
    {
        "pk": 10, 
        "model": "proposal.types", 
        "fields": {
            "meta_type": false, 
            "group": 8, 
            "name": "Projekt"
        }
    }, 
    {
        "pk": 11, 
        "model": "proposal.types", 
        "fields": {
            "meta_type": false, 
            "group": null, 
            "name": "Seminarium"
        }
    }, 
    {
        "pk": 12, 
        "model": "proposal.types", 
        "fields": {
            "meta_type": false, 
            "group": null, 
            "name": "Nieinformatyczny"
        }
    }, 
    {
        "pk": 1, 
        "model": "proposal.descriptiontypes", 
        "fields": {
            "lecture_type": 5, 
            "description": 1
        }
    }, 
    {
        "pk": 2, 
        "model": "proposal.descriptiontypes", 
        "fields": {
            "lecture_type": 3, 
            "description": 2
        }
    }, 
    {
        "pk": 3, 
        "model": "proposal.descriptiontypes", 
        "fields": {
            "lecture_type": 7, 
            "description": 3
        }
    }, 
    {
        "pk": 4, 
        "model": "proposal.descriptiontypes", 
        "fields": {
            "lecture_type": 7, 
            "description": 4
        }
    }, 
    {
        "pk": 5, 
        "model": "proposal.descriptiontypes", 
        "fields": {
            "lecture_type": 6, 
            "description": 5
        }
    }, 
    {
        "pk": 6, 
        "model": "proposal.descriptiontypes", 
        "fields": {
            "lecture_type": 7, 
            "description": 6
        }
    }, 
    {
        "pk": 7, 
        "model": "proposal.descriptiontypes", 
        "fields": {
            "lecture_type": 7, 
            "description": 7
        }
    }, 
    {
        "pk": 8, 
        "model": "proposal.descriptiontypes", 
        "fields": {
            "lecture_type": 7, 
            "description": 8
        }
    }, 
    {
        "pk": 9, 
        "model": "proposal.descriptiontypes", 
        "fields": {
            "lecture_type": 3, 
            "description": 9
        }
    }, 
    {
        "pk": 10, 
        "model": "proposal.descriptiontypes", 
        "fields": {
            "lecture_type": 9, 
            "description": 10
        }
    }, 
    {
        "pk": 11, 
        "model": "proposal.descriptiontypes", 
        "fields": {
            "lecture_type": 9, 
            "description": 11
        }
    }, 
    {
        "pk": 12, 
        "model": "proposal.descriptiontypes", 
        "fields": {
            "lecture_type": 7, 
            "description": 12
        }
    }, 
    {
        "pk": 13, 
        "model": "proposal.descriptiontypes", 
        "fields": {
            "lecture_type": 3, 
            "description": 13
        }
    }, 
    {
        "pk": 14, 
        "model": "proposal.descriptiontypes", 
        "fields": {
            "lecture_type": 12, 
            "description": 13
        }
    },
    {
        "pk": 100, 
        "model": "auth.user", 
        "fields": {
            "username": "1000000", 
            "first_name": "Jan", 
            "last_name": "Kowalski0", 
            "is_active": true, 
            "is_superuser": false, 
            "is_staff": false, 
            "last_login": "2010-11-04 14:43:11", 
            "groups": [], 
            "user_permissions": [], 
            "password": "sha1$9915f$38f8781f7fbaed11078a9f38295b7bea1f871cb7", 
            "email": "aaa@aa.pl", 
            "date_joined": "2010-11-04 14:42:09"
        }
    }, 
    {
        "pk": 101, 
        "model": "auth.user", 
        "fields": {
            "username": "1000001", 
            "first_name": "Jan", 
            "last_name": "Kowalski1", 
            "is_active": true, 
            "is_superuser": false, 
            "is_staff": false, 
            "last_login": "2010-11-04 14:43:11", 
            "groups": [], 
            "user_permissions": [], 
            "password": "sha1$9915f$38f8781f7fbaed11078a9f38295b7bea1f871cb7", 
            "email": "aaa@aa.pl", 
            "date_joined": "2010-11-04 14:42:09"
        }
    }, 
    {
        "pk": 102, 
        "model": "auth.user", 
        "fields": {
            "username": "1000002", 
            "first_name": "Jan", 
            "last_name": "Kowalski2", 
            "is_active": true, 
            "is_superuser": false, 
            "is_staff": false, 
            "last_login": "2010-11-04 14:43:11", 
            "groups": [], 
            "user_permissions": [], 
            "password": "sha1$9915f$38f8781f7fbaed11078a9f38295b7bea1f871cb7", 
            "email": "aaa@aa.pl", 
            "date_joined": "2010-11-04 14:42:09"
        }
    }, 
    {
        "pk": 103, 
        "model": "auth.user", 
        "fields": {
            "username": "1000003", 
            "first_name": "Jan", 
            "last_name": "Kowalski3", 
            "is_active": true, 
            "is_superuser": false, 
            "is_staff": false, 
            "last_login": "2010-11-04 14:43:11", 
            "groups": [], 
            "user_permissions": [], 
            "password": "sha1$9915f$38f8781f7fbaed11078a9f38295b7bea1f871cb7", 
            "email": "aaa@aa.pl", 
            "date_joined": "2010-11-04 14:42:09"
        }
    }, 
    {
        "pk": 104, 
        "model": "auth.user", 
        "fields": {
            "username": "1000004", 
            "first_name": "Jan", 
            "last_name": "Kowalski4", 
            "is_active": true, 
            "is_superuser": false, 
            "is_staff": false, 
            "last_login": "2010-11-04 14:43:11", 
            "groups": [], 
            "user_permissions": [], 
            "password": "sha1$9915f$38f8781f7fbaed11078a9f38295b7bea1f871cb7", 
            "email": "aaa@aa.pl", 
            "date_joined": "2010-11-04 14:42:09"
        }
    }, 
    {
        "pk": 105, 
        "model": "auth.user", 
        "fields": {
            "username": "1000005", 
            "first_name": "Jan", 
            "last_name": "Kowalski5", 
            "is_active": true, 
            "is_superuser": false, 
            "is_staff": false, 
            "last_login": "2010-11-04 14:43:11", 
            "groups": [], 
            "user_permissions": [], 
            "password": "sha1$9915f$38f8781f7fbaed11078a9f38295b7bea1f871cb7", 
            "email": "aaa@aa.pl", 
            "date_joined": "2010-11-04 14:42:09"
        }
    }, 
    {
        "pk": 106, 
        "model": "auth.user", 
        "fields": {
            "username": "1000006", 
            "first_name": "Jan", 
            "last_name": "Kowalski6", 
            "is_active": true, 
            "is_superuser": false, 
            "is_staff": false, 
            "last_login": "2010-11-11 19:12:02", 
            "groups": [], 
            "user_permissions": [], 
            "password": "sha1$9915f$38f8781f7fbaed11078a9f38295b7bea1f871cb7", 
            "email": "aaa@aa.pl", 
            "date_joined": "2010-11-04 14:42:09"
        }
    }, 
    {
        "pk": 107, 
        "model": "auth.user", 
        "fields": {
            "username": "1000007", 
            "first_name": "Jan", 
            "last_name": "Kowalski7", 
            "is_active": true, 
            "is_superuser": false, 
            "is_staff": false, 
            "last_login": "2010-11-11 17:09:24", 
            "groups": [], 
            "user_permissions": [], 
            "password": "sha1$9915f$38f8781f7fbaed11078a9f38295b7bea1f871cb7", 
            "email": "aaa@aa.pl", 
            "date_joined": "2010-11-04 14:42:09"
        }
    }, 
    {
        "pk": 108, 
        "model": "auth.user", 
        "fields": {
            "username": "1000008", 
            "first_name": "Jan", 
            "last_name": "Kowalski8", 
            "is_active": true, 
            "is_superuser": false, 
            "is_staff": false, 
            "last_login": "2010-11-04 14:43:11", 
            "groups": [], 
            "user_permissions": [], 
            "password": "sha1$9915f$38f8781f7fbaed11078a9f38295b7bea1f871cb7", 
            "email": "aaa@aa.pl", 
            "date_joined": "2010-11-04 14:42:09"
        }
    }, 
    {
        "pk": 109, 
        "model": "auth.user", 
        "fields": {
            "username": "1000009", 
            "first_name": "Jan", 
            "last_name": "Kowalski9", 
            "is_active": true, 
            "is_superuser": false, 
            "is_staff": false, 
            "last_login": "2010-11-04 14:43:11", 
            "groups": [], 
            "user_permissions": [], 
            "password": "sha1$9915f$38f8781f7fbaed11078a9f38295b7bea1f871cb7", 
            "email": "aaa@aa.pl", 
            "date_joined": "2010-11-04 14:42:09"
        }
    }, 
    {
        "pk": 110, 
        "model": "auth.user", 
        "fields": {
            "username": "1000010", 
            "first_name": "Jan", 
            "last_name": "Kowalski10", 
            "is_active": true, 
            "is_superuser": false, 
            "is_staff": false, 
            "last_login": "2010-11-04 14:43:11", 
            "groups": [], 
            "user_permissions": [], 
            "password": "sha1$9915f$38f8781f7fbaed11078a9f38295b7bea1f871cb7", 
            "email": "aaa@aa.pl", 
            "date_joined": "2010-11-04 14:42:09"
        }
    }, 
    {
        "pk": 111, 
        "model": "auth.user", 
        "fields": {
            "username": "1000011", 
            "first_name": "Jan", 
            "last_name": "Kowalski11", 
            "is_active": true, 
            "is_superuser": false, 
            "is_staff": false, 
            "last_login": "2010-11-04 14:43:11", 
            "groups": [], 
            "user_permissions": [], 
            "password": "sha1$9915f$38f8781f7fbaed11078a9f38295b7bea1f871cb7", 
            "email": "aaa@aa.pl", 
            "date_joined": "2010-11-04 14:42:09"
        }
    }, 
    {
        "pk": 112, 
        "model": "auth.user", 
        "fields": {
            "username": "1000012", 
            "first_name": "Jan", 
            "last_name": "Kowalski12", 
            "is_active": true, 
            "is_superuser": false, 
            "is_staff": false, 
            "last_login": "2010-11-04 14:43:11", 
            "groups": [], 
            "user_permissions": [], 
            "password": "sha1$9915f$38f8781f7fbaed11078a9f38295b7bea1f871cb7", 
            "email": "aaa@aa.pl", 
            "date_joined": "2010-11-04 14:42:09"
        }
    }, 
    {
        "pk": 113, 
        "model": "auth.user", 
        "fields": {
            "username": "1000013", 
            "first_name": "Jan", 
            "last_name": "Kowalski13", 
            "is_active": true, 
            "is_superuser": false, 
            "is_staff": false, 
            "last_login": "2010-11-04 14:43:11", 
            "groups": [], 
            "user_permissions": [], 
            "password": "sha1$9915f$38f8781f7fbaed11078a9f38295b7bea1f871cb7", 
            "email": "aaa@aa.pl", 
            "date_joined": "2010-11-04 14:42:09"
        }
    }, 
    {
        "pk": 114, 
        "model": "auth.user", 
        "fields": {
            "username": "1000014", 
            "first_name": "Jan", 
            "last_name": "Kowalski14", 
            "is_active": true, 
            "is_superuser": false, 
            "is_staff": false, 
            "last_login": "2010-11-04 14:43:11", 
            "groups": [], 
            "user_permissions": [], 
            "password": "sha1$9915f$38f8781f7fbaed11078a9f38295b7bea1f871cb7", 
            "email": "aaa@aa.pl", 
            "date_joined": "2010-11-04 14:42:09"
        }
    }, 
    {
        "pk": 115, 
        "model": "auth.user", 
        "fields": {
            "username": "1000015", 
            "first_name": "Jan", 
            "last_name": "Kowalski15", 
            "is_active": true, 
            "is_superuser": false, 
            "is_staff": false, 
            "last_login": "2010-11-04 14:43:11", 
            "groups": [], 
            "user_permissions": [], 
            "password": "sha1$9915f$38f8781f7fbaed11078a9f38295b7bea1f871cb7", 
            "email": "aaa@aa.pl", 
            "date_joined": "2010-11-04 14:42:09"
        }
    }, 
    {
        "pk": 116, 
        "model": "auth.user", 
        "fields": {
            "username": "1000016", 
            "first_name": "Jan", 
            "last_name": "Kowalski16", 
            "is_active": true, 
            "is_superuser": false, 
            "is_staff": false, 
            "last_login": "2010-11-04 14:43:11", 
            "groups": [], 
            "user_permissions": [], 
            "password": "sha1$9915f$38f8781f7fbaed11078a9f38295b7bea1f871cb7", 
            "email": "aaa@aa.pl", 
            "date_joined": "2010-11-04 14:42:09"
        }
    }, 
    {
        "pk": 117, 
        "model": "auth.user", 
        "fields": {
            "username": "1000017", 
            "first_name": "Jan", 
            "last_name": "Kowalski17", 
            "is_active": true, 
            "is_superuser": false, 
            "is_staff": false, 
            "last_login": "2010-11-04 14:43:11", 
            "groups": [], 
            "user_permissions": [], 
            "password": "sha1$9915f$38f8781f7fbaed11078a9f38295b7bea1f871cb7", 
            "email": "aaa@aa.pl", 
            "date_joined": "2010-11-04 14:42:09"
        }
    }, 
    {
        "pk": 118, 
        "model": "auth.user", 
        "fields": {
            "username": "1000018", 
            "first_name": "Jan", 
            "last_name": "Kowalski18", 
            "is_active": true, 
            "is_superuser": false, 
            "is_staff": false, 
            "last_login": "2010-11-04 14:43:11", 
            "groups": [], 
            "user_permissions": [], 
            "password": "sha1$9915f$38f8781f7fbaed11078a9f38295b7bea1f871cb7", 
            "email": "aaa@aa.pl", 
            "date_joined": "2010-11-04 14:42:09"
        }
    }, 
    {
        "pk": 119, 
        "model": "auth.user", 
        "fields": {
            "username": "1000019", 
            "first_name": "Jan", 
            "last_name": "Kowalski19", 
            "is_active": true, 
            "is_superuser": false, 
            "is_staff": false, 
            "last_login": "2010-11-04 14:43:11", 
            "groups": [], 
            "user_permissions": [], 
            "password": "sha1$9915f$38f8781f7fbaed11078a9f38295b7bea1f871cb7", 
            "email": "aaa@aa.pl", 
            "date_joined": "2010-11-04 14:42:09"
        }
    }, 
    {
        "pk": 120, 
        "model": "auth.user", 
        "fields": {
            "username": "1000020", 
            "first_name": "Jan", 
            "last_name": "Kowalski20", 
            "is_active": true, 
            "is_superuser": false, 
            "is_staff": false, 
            "last_login": "2010-11-04 14:43:11", 
            "groups": [], 
            "user_permissions": [], 
            "password": "sha1$9915f$38f8781f7fbaed11078a9f38295b7bea1f871cb7", 
            "email": "aaa@aa.pl", 
            "date_joined": "2010-11-04 14:42:09"
        }
    }, 
    {
        "pk": 121, 
        "model": "auth.user", 
        "fields": {
            "username": "1000021", 
            "first_name": "Jan", 
            "last_name": "Kowalski21", 
            "is_active": true, 
            "is_superuser": false, 
            "is_staff": false, 
            "last_login": "2010-11-04 14:43:11", 
            "groups": [], 
            "user_permissions": [], 
            "password": "sha1$9915f$38f8781f7fbaed11078a9f38295b7bea1f871cb7", 
            "email": "aaa@aa.pl", 
            "date_joined": "2010-11-04 14:42:09"
        }
    }, 
    {
        "pk": 122, 
        "model": "auth.user", 
        "fields": {
            "username": "1000022", 
            "first_name": "Jan", 
            "last_name": "Kowalski22", 
            "is_active": true, 
            "is_superuser": false, 
            "is_staff": false, 
            "last_login": "2010-11-04 14:43:11", 
            "groups": [], 
            "user_permissions": [], 
            "password": "sha1$9915f$38f8781f7fbaed11078a9f38295b7bea1f871cb7", 
            "email": "aaa@aa.pl", 
            "date_joined": "2010-11-04 14:42:09"
        }
    }, 
    {
        "pk": 123, 
        "model": "auth.user", 
        "fields": {
            "username": "1000023", 
            "first_name": "Jan", 
            "last_name": "Kowalski23", 
            "is_active": true, 
            "is_superuser": false, 
            "is_staff": false, 
            "last_login": "2010-11-04 14:43:11", 
            "groups": [], 
            "user_permissions": [], 
            "password": "sha1$9915f$38f8781f7fbaed11078a9f38295b7bea1f871cb7", 
            "email": "aaa@aa.pl", 
            "date_joined": "2010-11-04 14:42:09"
        }
    }, 
    {
        "pk": 124, 
        "model": "auth.user", 
        "fields": {
            "username": "1000024", 
            "first_name": "Jan", 
            "last_name": "Kowalski24", 
            "is_active": true, 
            "is_superuser": false, 
            "is_staff": false, 
            "last_login": "2010-11-04 14:43:11", 
            "groups": [], 
            "user_permissions": [], 
            "password": "sha1$9915f$38f8781f7fbaed11078a9f38295b7bea1f871cb7", 
            "email": "aaa@aa.pl", 
            "date_joined": "2010-11-04 14:42:09"
        }
    }, 
    {
        "pk": 125, 
        "model": "auth.user", 
        "fields": {
            "username": "1000025", 
            "first_name": "Jan", 
            "last_name": "Kowalski25", 
            "is_active": true, 
            "is_superuser": false, 
            "is_staff": false, 
            "last_login": "2010-11-04 14:43:11", 
            "groups": [], 
            "user_permissions": [], 
            "password": "sha1$9915f$38f8781f7fbaed11078a9f38295b7bea1f871cb7", 
            "email": "aaa@aa.pl", 
            "date_joined": "2010-11-04 14:42:09"
        }
    }, 
    {
        "pk": 126, 
        "model": "auth.user", 
        "fields": {
            "username": "1000026", 
            "first_name": "Jan", 
            "last_name": "Kowalski26", 
            "is_active": true, 
            "is_superuser": false, 
            "is_staff": false, 
            "last_login": "2010-11-04 14:43:11", 
            "groups": [], 
            "user_permissions": [], 
            "password": "sha1$9915f$38f8781f7fbaed11078a9f38295b7bea1f871cb7", 
            "email": "aaa@aa.pl", 
            "date_joined": "2010-11-04 14:42:09"
        }
    }, 
    {
        "pk": 127, 
        "model": "auth.user", 
        "fields": {
            "username": "1000027", 
            "first_name": "Jan", 
            "last_name": "Kowalski27", 
            "is_active": true, 
            "is_superuser": false, 
            "is_staff": false, 
            "last_login": "2010-11-04 14:43:11", 
            "groups": [], 
            "user_permissions": [], 
            "password": "sha1$9915f$38f8781f7fbaed11078a9f38295b7bea1f871cb7", 
            "email": "aaa@aa.pl", 
            "date_joined": "2010-11-04 14:42:09"
        }
    }, 
    {
        "pk": 128, 
        "model": "auth.user", 
        "fields": {
            "username": "1000028", 
            "first_name": "Jan", 
            "last_name": "Kowalski28", 
            "is_active": true, 
            "is_superuser": false, 
            "is_staff": false, 
            "last_login": "2010-11-04 14:43:11", 
            "groups": [], 
            "user_permissions": [], 
            "password": "sha1$9915f$38f8781f7fbaed11078a9f38295b7bea1f871cb7", 
            "email": "aaa@aa.pl", 
            "date_joined": "2010-11-04 14:42:09"
        }
    }, 
    {
        "pk": 129, 
        "model": "auth.user", 
        "fields": {
            "username": "1000029", 
            "first_name": "Jan", 
            "last_name": "Kowalski29", 
            "is_active": true, 
            "is_superuser": false, 
            "is_staff": false, 
            "last_login": "2010-11-04 14:43:11", 
            "groups": [], 
            "user_permissions": [], 
            "password": "sha1$9915f$38f8781f7fbaed11078a9f38295b7bea1f871cb7", 
            "email": "aaa@aa.pl", 
            "date_joined": "2010-11-04 14:42:09"
        }
    }, 
    {
        "pk": 130, 
        "model": "auth.user", 
        "fields": {
            "username": "1000030", 
            "first_name": "Jan", 
            "last_name": "Kowalski30", 
            "is_active": true, 
            "is_superuser": false, 
            "is_staff": false, 
            "last_login": "2010-11-04 14:43:11", 
            "groups": [], 
            "user_permissions": [], 
            "password": "sha1$9915f$38f8781f7fbaed11078a9f38295b7bea1f871cb7", 
            "email": "aaa@aa.pl", 
            "date_joined": "2010-11-04 14:42:09"
        }
    }, 
    {
        "pk": 131, 
        "model": "auth.user", 
        "fields": {
            "username": "1000031", 
            "first_name": "Jan", 
            "last_name": "Kowalski31", 
            "is_active": true, 
            "is_superuser": false, 
            "is_staff": false, 
            "last_login": "2010-11-04 14:43:11", 
            "groups": [], 
            "user_permissions": [], 
            "password": "sha1$9915f$38f8781f7fbaed11078a9f38295b7bea1f871cb7", 
            "email": "aaa@aa.pl", 
            "date_joined": "2010-11-04 14:42:09"
        }
    }, 
    {
        "pk": 132, 
        "model": "auth.user", 
        "fields": {
            "username": "1000032", 
            "first_name": "Jan", 
            "last_name": "Kowalski32", 
            "is_active": true, 
            "is_superuser": false, 
            "is_staff": false, 
            "last_login": "2010-11-04 14:43:11", 
            "groups": [], 
            "user_permissions": [], 
            "password": "sha1$9915f$38f8781f7fbaed11078a9f38295b7bea1f871cb7", 
            "email": "aaa@aa.pl", 
            "date_joined": "2010-11-04 14:42:09"
        }
    }, 
    {
        "pk": 133, 
        "model": "auth.user", 
        "fields": {
            "username": "1000033", 
            "first_name": "Jan", 
            "last_name": "Kowalski33", 
            "is_active": true, 
            "is_superuser": false, 
            "is_staff": false, 
            "last_login": "2010-11-04 14:43:11", 
            "groups": [], 
            "user_permissions": [], 
            "password": "sha1$9915f$38f8781f7fbaed11078a9f38295b7bea1f871cb7", 
            "email": "aaa@aa.pl", 
            "date_joined": "2010-11-04 14:42:09"
        }
    }, 
    {
        "pk": 134, 
        "model": "auth.user", 
        "fields": {
            "username": "1000034", 
            "first_name": "Jan", 
            "last_name": "Kowalski34", 
            "is_active": true, 
            "is_superuser": false, 
            "is_staff": false, 
            "last_login": "2010-11-04 14:43:11", 
            "groups": [], 
            "user_permissions": [], 
            "password": "sha1$9915f$38f8781f7fbaed11078a9f38295b7bea1f871cb7", 
            "email": "aaa@aa.pl", 
            "date_joined": "2010-11-04 14:42:09"
        }
    }, 
    {
        "pk": 135, 
        "model": "auth.user", 
        "fields": {
            "username": "1000035", 
            "first_name": "Jan", 
            "last_name": "Kowalski35", 
            "is_active": true, 
            "is_superuser": false, 
            "is_staff": false, 
            "last_login": "2010-11-04 14:43:11", 
            "groups": [], 
            "user_permissions": [], 
            "password": "sha1$9915f$38f8781f7fbaed11078a9f38295b7bea1f871cb7", 
            "email": "aaa@aa.pl", 
            "date_joined": "2010-11-04 14:42:09"
        }
    }, 
    {
        "pk": 136, 
        "model": "auth.user", 
        "fields": {
            "username": "1000036", 
            "first_name": "Jan", 
            "last_name": "Kowalski36", 
            "is_active": true, 
            "is_superuser": false, 
            "is_staff": false, 
            "last_login": "2010-11-04 14:43:11", 
            "groups": [], 
            "user_permissions": [], 
            "password": "sha1$9915f$38f8781f7fbaed11078a9f38295b7bea1f871cb7", 
            "email": "aaa@aa.pl", 
            "date_joined": "2010-11-04 14:42:09"
        }
    }, 
    {
        "pk": 137, 
        "model": "auth.user", 
        "fields": {
            "username": "1000037", 
            "first_name": "Jan", 
            "last_name": "Kowalski37", 
            "is_active": true, 
            "is_superuser": false, 
            "is_staff": false, 
            "last_login": "2010-11-04 14:43:11", 
            "groups": [], 
            "user_permissions": [], 
            "password": "sha1$9915f$38f8781f7fbaed11078a9f38295b7bea1f871cb7", 
            "email": "aaa@aa.pl", 
            "date_joined": "2010-11-04 14:42:09"
        }
    }, 
    {
        "pk": 138, 
        "model": "auth.user", 
        "fields": {
            "username": "1000038", 
            "first_name": "Jan", 
            "last_name": "Kowalski38", 
            "is_active": true, 
            "is_superuser": false, 
            "is_staff": false, 
            "last_login": "2010-11-04 14:43:11", 
            "groups": [], 
            "user_permissions": [], 
            "password": "sha1$9915f$38f8781f7fbaed11078a9f38295b7bea1f871cb7", 
            "email": "aaa@aa.pl", 
            "date_joined": "2010-11-04 14:42:09"
        }
    }, 
    {
        "pk": 139, 
        "model": "auth.user", 
        "fields": {
            "username": "1000039", 
            "first_name": "Jan", 
            "last_name": "Kowalski39", 
            "is_active": true, 
            "is_superuser": false, 
            "is_staff": false, 
            "last_login": "2010-11-04 14:43:11", 
            "groups": [], 
            "user_permissions": [], 
            "password": "sha1$9915f$38f8781f7fbaed11078a9f38295b7bea1f871cb7", 
            "email": "aaa@aa.pl", 
            "date_joined": "2010-11-04 14:42:09"
        }
    }, 
    {
        "pk": 1000, 
        "model": "auth.user", 
        "fields": {
            "username": "prac0", 
            "first_name": "Artur", 
            "last_name": "Nowakowski0", 
            "is_active": true, 
            "is_superuser": true, 
            "is_staff": true, 
            "last_login": "2010-11-04 14:43:11", 
            "groups": [], 
            "user_permissions": [], 
            "password": "sha1$9915f$38f8781f7fbaed11078a9f38295b7bea1f871cb7", 
            "email": "aaa@aa.pl", 
            "date_joined": "2010-11-04 14:42:09"
        }
    }, 
    {
        "pk": 1001, 
        "model": "auth.user", 
        "fields": {
            "username": "prac1", 
            "first_name": "Artur", 
            "last_name": "Nowakowski1", 
            "is_active": true, 
            "is_superuser": true, 
            "is_staff": true, 
            "last_login": "2010-11-04 14:43:11", 
            "groups": [], 
            "user_permissions": [], 
            "password": "sha1$9915f$38f8781f7fbaed11078a9f38295b7bea1f871cb7", 
            "email": "aaa@aa.pl", 
            "date_joined": "2010-11-04 14:42:09"
        }
    }, 
    {
        "pk": 1002, 
        "model": "auth.user", 
        "fields": {
            "username": "prac2", 
            "first_name": "Artur", 
            "last_name": "Nowakowski2", 
            "is_active": true, 
            "is_superuser": true, 
            "is_staff": true, 
            "last_login": "2010-11-04 14:43:11", 
            "groups": [], 
            "user_permissions": [], 
            "password": "sha1$9915f$38f8781f7fbaed11078a9f38295b7bea1f871cb7", 
            "email": "aaa@aa.pl", 
            "date_joined": "2010-11-04 14:42:09"
        }
    }, 
    {
        "pk": 1003, 
        "model": "auth.user", 
        "fields": {
            "username": "prac3", 
            "first_name": "Artur", 
            "last_name": "Nowakowski3", 
            "is_active": true, 
            "is_superuser": true, 
            "is_staff": true, 
            "last_login": "2010-11-04 14:43:11", 
            "groups": [], 
            "user_permissions": [], 
            "password": "sha1$9915f$38f8781f7fbaed11078a9f38295b7bea1f871cb7", 
            "email": "aaa@aa.pl", 
            "date_joined": "2010-11-04 14:42:09"
        }
    }, 
    {
        "pk": 1004, 
        "model": "auth.user", 
        "fields": {
            "username": "prac4", 
            "first_name": "Artur", 
            "last_name": "Nowakowski4", 
            "is_active": true, 
            "is_superuser": true, 
            "is_staff": true, 
            "last_login": "2010-11-04 14:43:11", 
            "groups": [], 
            "user_permissions": [], 
            "password": "sha1$9915f$38f8781f7fbaed11078a9f38295b7bea1f871cb7", 
            "email": "aaa@aa.pl", 
            "date_joined": "2010-11-04 14:42:09"
        }
    }, 
    {
        "pk": 1005, 
        "model": "auth.user", 
        "fields": {
            "username": "prac5", 
            "first_name": "Artur", 
            "last_name": "Nowakowski5", 
            "is_active": true, 
            "is_superuser": true, 
            "is_staff": true, 
            "last_login": "2010-11-04 14:43:11", 
            "groups": [], 
            "user_permissions": [], 
            "password": "sha1$9915f$38f8781f7fbaed11078a9f38295b7bea1f871cb7", 
            "email": "aaa@aa.pl", 
            "date_joined": "2010-11-04 14:42:09"
        }
    }, 
    {
        "pk": 1006, 
        "model": "auth.user", 
        "fields": {
            "username": "prac6", 
            "first_name": "Artur", 
            "last_name": "Nowakowski6", 
            "is_active": true, 
            "is_superuser": true, 
            "is_staff": true, 
            "last_login": "2010-11-04 14:43:11", 
            "groups": [], 
            "user_permissions": [], 
            "password": "sha1$9915f$38f8781f7fbaed11078a9f38295b7bea1f871cb7", 
            "email": "aaa@aa.pl", 
            "date_joined": "2010-11-04 14:42:09"
        }
    }, 
    {
        "pk": 1007, 
        "model": "auth.user", 
        "fields": {
            "username": "prac7", 
            "first_name": "Artur", 
            "last_name": "Nowakowski7", 
            "is_active": true, 
            "is_superuser": true, 
            "is_staff": true, 
            "last_login": "2010-11-04 14:43:11", 
            "groups": [], 
            "user_permissions": [], 
            "password": "sha1$9915f$38f8781f7fbaed11078a9f38295b7bea1f871cb7", 
            "email": "aaa@aa.pl", 
            "date_joined": "2010-11-04 14:42:09"
        }
    }, 
    {
        "pk": 1008, 
        "model": "auth.user", 
        "fields": {
            "username": "prac8", 
            "first_name": "Artur", 
            "last_name": "Nowakowski8", 
            "is_active": true, 
            "is_superuser": true, 
            "is_staff": true, 
            "last_login": "2010-11-04 14:43:11", 
            "groups": [], 
            "user_permissions": [], 
            "password": "sha1$9915f$38f8781f7fbaed11078a9f38295b7bea1f871cb7", 
            "email": "aaa@aa.pl", 
            "date_joined": "2010-11-04 14:42:09"
        }
    }, 
    {
        "pk": 1009, 
        "model": "auth.user", 
        "fields": {
            "username": "prac9", 
            "first_name": "Artur", 
            "last_name": "Nowakowski9", 
            "is_active": true, 
            "is_superuser": true, 
            "is_staff": true, 
            "last_login": "2010-11-04 14:43:11", 
            "groups": [], 
            "user_permissions": [], 
            "password": "sha1$9915f$38f8781f7fbaed11078a9f38295b7bea1f871cb7", 
            "email": "aaa@aa.pl", 
            "date_joined": "2010-11-04 14:42:09"
        }
    }, 
    {
        "pk": 1010, 
        "model": "auth.user", 
        "fields": {
            "username": "prac10", 
            "first_name": "Artur", 
            "last_name": "Nowakowski10", 
            "is_active": true, 
            "is_superuser": true, 
            "is_staff": true, 
            "last_login": "2010-11-04 14:43:11", 
            "groups": [], 
            "user_permissions": [], 
            "password": "sha1$9915f$38f8781f7fbaed11078a9f38295b7bea1f871cb7", 
            "email": "aaa@aa.pl", 
            "date_joined": "2010-11-04 14:42:09"
        }
    }, 
    {
        "pk": 1011, 
        "model": "auth.user", 
        "fields": {
            "username": "prac11", 
            "first_name": "Artur", 
            "last_name": "Nowakowski11", 
            "is_active": true, 
            "is_superuser": true, 
            "is_staff": true, 
            "last_login": "2010-11-04 14:43:11", 
            "groups": [], 
            "user_permissions": [], 
            "password": "sha1$9915f$38f8781f7fbaed11078a9f38295b7bea1f871cb7", 
            "email": "aaa@aa.pl", 
            "date_joined": "2010-11-04 14:42:09"
        }
    }, 
    {
        "pk": 1012, 
        "model": "auth.user", 
        "fields": {
            "username": "prac12", 
            "first_name": "Artur", 
            "last_name": "Nowakowski12", 
            "is_active": true, 
            "is_superuser": true, 
            "is_staff": true, 
            "last_login": "2010-11-04 14:43:11", 
            "groups": [], 
            "user_permissions": [], 
            "password": "sha1$9915f$38f8781f7fbaed11078a9f38295b7bea1f871cb7", 
            "email": "aaa@aa.pl", 
            "date_joined": "2010-11-04 14:42:09"
        }
    }, 
    {
        "pk": 1013, 
        "model": "auth.user", 
        "fields": {
            "username": "prac13", 
            "first_name": "Artur", 
            "last_name": "Nowakowski13", 
            "is_active": true, 
            "is_superuser": true, 
            "is_staff": true, 
            "last_login": "2010-11-04 14:43:11", 
            "groups": [], 
            "user_permissions": [], 
            "password": "sha1$9915f$38f8781f7fbaed11078a9f38295b7bea1f871cb7", 
            "email": "aaa@aa.pl", 
            "date_joined": "2010-11-04 14:42:09"
        }
    }, 
    {
        "pk": 1014, 
        "model": "auth.user", 
        "fields": {
            "username": "prac14", 
            "first_name": "Artur", 
            "last_name": "Nowakowski14", 
            "is_active": true, 
            "is_superuser": true, 
            "is_staff": true, 
            "last_login": "2010-11-04 14:43:11", 
            "groups": [], 
            "user_permissions": [], 
            "password": "sha1$9915f$38f8781f7fbaed11078a9f38295b7bea1f871cb7", 
            "email": "aaa@aa.pl", 
            "date_joined": "2010-11-04 14:42:09"
        }
    }, 
    {
        "pk": 1015, 
        "model": "auth.user", 
        "fields": {
            "username": "prac15", 
            "first_name": "Artur", 
            "last_name": "Nowakowski15", 
            "is_active": true, 
            "is_superuser": true, 
            "is_staff": true, 
            "last_login": "2010-11-04 14:43:11", 
            "groups": [], 
            "user_permissions": [], 
            "password": "sha1$9915f$38f8781f7fbaed11078a9f38295b7bea1f871cb7", 
            "email": "aaa@aa.pl", 
            "date_joined": "2010-11-04 14:42:09"
        }
    }, 
    {
        "pk": 1016, 
        "model": "auth.user", 
        "fields": {
            "username": "prac16", 
            "first_name": "Artur", 
            "last_name": "Nowakowski16", 
            "is_active": true, 
            "is_superuser": true, 
            "is_staff": true, 
            "last_login": "2010-11-04 14:43:11", 
            "groups": [], 
            "user_permissions": [], 
            "password": "sha1$9915f$38f8781f7fbaed11078a9f38295b7bea1f871cb7", 
            "email": "aaa@aa.pl", 
            "date_joined": "2010-11-04 14:42:09"
        }
    }, 
    {
        "pk": 1017, 
        "model": "auth.user", 
        "fields": {
            "username": "prac17", 
            "first_name": "Artur", 
            "last_name": "Nowakowski17", 
            "is_active": true, 
            "is_superuser": true, 
            "is_staff": true, 
            "last_login": "2010-11-04 14:43:11", 
            "groups": [], 
            "user_permissions": [], 
            "password": "sha1$9915f$38f8781f7fbaed11078a9f38295b7bea1f871cb7", 
            "email": "aaa@aa.pl", 
            "date_joined": "2010-11-04 14:42:09"
        }
    }, 
    {
        "pk": 1018, 
        "model": "auth.user", 
        "fields": {
            "username": "prac18", 
            "first_name": "Artur", 
            "last_name": "Nowakowski18", 
            "is_active": true, 
            "is_superuser": true, 
            "is_staff": true, 
            "last_login": "2010-11-04 14:43:11", 
            "groups": [], 
            "user_permissions": [], 
            "password": "sha1$9915f$38f8781f7fbaed11078a9f38295b7bea1f871cb7", 
            "email": "aaa@aa.pl", 
            "date_joined": "2010-11-04 14:42:09"
        }
    }, 
    {
        "pk": 1019, 
        "model": "auth.user", 
        "fields": {
            "username": "prac19", 
            "first_name": "Artur", 
            "last_name": "Nowakowski19", 
            "is_active": true, 
            "is_superuser": true, 
            "is_staff": true, 
            "last_login": "2010-11-04 14:43:11", 
            "groups": [], 
            "user_permissions": [], 
            "password": "sha1$9915f$38f8781f7fbaed11078a9f38295b7bea1f871cb7", 
            "email": "aaa@aa.pl", 
            "date_joined": "2010-11-04 14:42:09"
        }
    }, 
    {
        "pk": 1, 
        "model": "subjects.type", 
        "fields": {
            "meta_type": false, 
            "group": 8, 
            "name": "Obowi\u0105zkowy 1"
        }
    }, 
    {
        "pk": 2, 
        "model": "subjects.type", 
        "fields": {
            "meta_type": false, 
            "group": 8, 
            "name": "Obowi\u0105zkowy 2"
        }
    }, 
    {
        "pk": 3, 
        "model": "subjects.type", 
        "fields": {
            "meta_type": false, 
            "group": 8, 
            "name": "Obowi\u0105zkowy 3"
        }
    }, 
    {
        "pk": 4, 
        "model": "subjects.type", 
        "fields": {
            "meta_type": false, 
            "group": 9, 
            "name": "Informatyczny 1"
        }
    }, 
    {
        "pk": 5, 
        "model": "subjects.type", 
        "fields": {
            "meta_type": false, 
            "group": 9, 
            "name": "Informatyczny 2"
        }
    }, 
    {
        "pk": 6, 
        "model": "subjects.type", 
        "fields": {
            "meta_type": false, 
            "group": 10, 
            "name": "Kurs"
        }
    }, 
    {
        "pk": 7, 
        "model": "subjects.type", 
        "fields": {
            "meta_type": false, 
            "group": null, 
            "name": "Seminarium"
        }
    }, 
    {
        "pk": 8, 
        "model": "subjects.type", 
        "fields": {
            "meta_type": true, 
            "group": null, 
            "name": "Obowi\u0105zkowy"
        }
    }, 
    {
        "pk": 9, 
        "model": "subjects.type", 
        "fields": {
            "meta_type": true, 
            "group": null, 
            "name": "Informatyczny"
        }
    }, 
    {
        "pk": 10, 
        "model": "subjects.type", 
        "fields": {
            "meta_type": true, 
            "group": null, 
            "name": "Kurs"
        }
    }, 
    {
        "pk": 11, 
        "model": "subjects.type", 
        "fields": {
            "meta_type": false, 
            "group": 10, 
            "name": "Projekt"
        }
    }, 
    {
        "pk": 12, 
        "model": "subjects.type", 
        "fields": {
            "meta_type": false, 
            "group": null, 
            "name": "Nieinformatyczny"
        }
    }, 
    {
        "pk": 100, 
        "model": "subjects.studentoptions", 
        "fields": {
            "records_opening_delay_hours": 23, 
            "student": 123, 
            "subject": 111
        }
    }, 
    {
        "pk": 101, 
        "model": "subjects.studentoptions", 
        "fields": {
            "records_opening_delay_hours": 7, 
            "student": 126, 
            "subject": 113
        }
    }, 
    {
        "pk": 102, 
        "model": "subjects.studentoptions", 
        "fields": {
            "records_opening_delay_hours": 44, 
            "student": 121, 
            "subject": 124
        }
    }, 
    {
        "pk": 103, 
        "model": "subjects.studentoptions", 
        "fields": {
            "records_opening_delay_hours": 11, 
            "student": 103, 
            "subject": 114
        }
    }, 
    {
        "pk": 104, 
        "model": "subjects.studentoptions", 
        "fields": {
            "records_opening_delay_hours": 83, 
            "student": 138, 
            "subject": 105
        }
    }, 
    {
        "pk": 105, 
        "model": "subjects.studentoptions", 
        "fields": {
            "records_opening_delay_hours": 8, 
            "student": 116, 
            "subject": 122
        }
    }, 
    {
        "pk": 106, 
        "model": "subjects.studentoptions", 
        "fields": {
            "records_opening_delay_hours": 67, 
            "student": 103, 
            "subject": 121
        }
    }, 
    {
        "pk": 107, 
        "model": "subjects.studentoptions", 
        "fields": {
            "records_opening_delay_hours": 80, 
            "student": 100, 
            "subject": 127
        }
    }, 
    {
        "pk": 108, 
        "model": "subjects.studentoptions", 
        "fields": {
            "records_opening_delay_hours": 75, 
            "student": 103, 
            "subject": 128
        }
    }, 
    {
        "pk": 109, 
        "model": "subjects.studentoptions", 
        "fields": {
            "records_opening_delay_hours": 51, 
            "student": 111, 
            "subject": 109
        }
    }, 
    {
        "pk": 110, 
        "model": "subjects.studentoptions", 
        "fields": {
            "records_opening_delay_hours": 5, 
            "student": 134, 
            "subject": 123
        }
    }, 
    {
        "pk": 111, 
        "model": "subjects.studentoptions", 
        "fields": {
            "records_opening_delay_hours": 49, 
            "student": 134, 
            "subject": 101
        }
    }, 
    {
        "pk": 112, 
        "model": "subjects.studentoptions", 
        "fields": {
            "records_opening_delay_hours": 92, 
            "student": 118, 
            "subject": 122
        }
    }, 
    {
        "pk": 113, 
        "model": "subjects.studentoptions", 
        "fields": {
            "records_opening_delay_hours": 28, 
            "student": 101, 
            "subject": 127
        }
    }, 
    {
        "pk": 114, 
        "model": "subjects.studentoptions", 
        "fields": {
            "records_opening_delay_hours": 34, 
            "student": 117, 
            "subject": 105
        }
    }, 
    {
        "pk": 115, 
        "model": "subjects.studentoptions", 
        "fields": {
            "records_opening_delay_hours": 80, 
            "student": 125, 
            "subject": 111
        }
    }, 
    {
        "pk": 116, 
        "model": "subjects.studentoptions", 
        "fields": {
            "records_opening_delay_hours": 42, 
            "student": 113, 
            "subject": 106
        }
    }, 
    {
        "pk": 117, 
        "model": "subjects.studentoptions", 
        "fields": {
            "records_opening_delay_hours": 75, 
            "student": 113, 
            "subject": 127
        }
    }, 
    {
        "pk": 118, 
        "model": "subjects.studentoptions", 
        "fields": {
            "records_opening_delay_hours": 55, 
            "student": 120, 
            "subject": 122
        }
    }, 
    {
        "pk": 119, 
        "model": "subjects.studentoptions", 
        "fields": {
            "records_opening_delay_hours": 13, 
            "student": 111, 
            "subject": 106
        }
    }, 
    {
        "pk": 120, 
        "model": "subjects.studentoptions", 
        "fields": {
            "records_opening_delay_hours": 12, 
            "student": 109, 
            "subject": 100
        }
    }, 
    {
        "pk": 121, 
        "model": "subjects.studentoptions", 
        "fields": {
            "records_opening_delay_hours": 7, 
            "student": 138, 
            "subject": 116
        }
    }, 
    {
        "pk": 122, 
        "model": "subjects.studentoptions", 
        "fields": {
            "records_opening_delay_hours": 9, 
            "student": 130, 
            "subject": 106
        }
    }, 
    {
        "pk": 123, 
        "model": "subjects.studentoptions", 
        "fields": {
            "records_opening_delay_hours": 83, 
            "student": 130, 
            "subject": 120
        }
    }, 
    {
        "pk": 124, 
        "model": "subjects.studentoptions", 
        "fields": {
            "records_opening_delay_hours": 61, 
            "student": 105, 
            "subject": 117
        }
    }, 
    {
        "pk": 125, 
        "model": "subjects.studentoptions", 
        "fields": {
            "records_opening_delay_hours": 68, 
            "student": 125, 
            "subject": 122
        }
    }, 
    {
        "pk": 126, 
        "model": "subjects.studentoptions", 
        "fields": {
            "records_opening_delay_hours": 32, 
            "student": 139, 
            "subject": 115
        }
    }, 
    {
        "pk": 127, 
        "model": "subjects.studentoptions", 
        "fields": {
            "records_opening_delay_hours": 78, 
            "student": 135, 
            "subject": 121
        }
    }, 
    {
        "pk": 128, 
        "model": "subjects.studentoptions", 
        "fields": {
            "records_opening_delay_hours": 37, 
            "student": 102, 
            "subject": 111
        }
    }, 
    {
        "pk": 129, 
        "model": "subjects.studentoptions", 
        "fields": {
            "records_opening_delay_hours": 80, 
            "student": 135, 
            "subject": 123
        }
    }, 
    {
        "pk": 130, 
        "model": "subjects.studentoptions", 
        "fields": {
            "records_opening_delay_hours": 46, 
            "student": 119, 
            "subject": 122
        }
    }, 
    {
        "pk": 131, 
        "model": "subjects.studentoptions", 
        "fields": {
            "records_opening_delay_hours": 58, 
            "student": 127, 
            "subject": 112
        }
    }, 
    {
        "pk": 132, 
        "model": "subjects.studentoptions", 
        "fields": {
            "records_opening_delay_hours": 25, 
            "student": 128, 
            "subject": 122
        }
    }, 
    {
        "pk": 133, 
        "model": "subjects.studentoptions", 
        "fields": {
            "records_opening_delay_hours": 41, 
            "student": 103, 
            "subject": 114
        }
    }, 
    {
        "pk": 134, 
        "model": "subjects.studentoptions", 
        "fields": {
            "records_opening_delay_hours": 71, 
            "student": 104, 
            "subject": 119
        }
    }, 
    {
        "pk": 135, 
        "model": "subjects.studentoptions", 
        "fields": {
            "records_opening_delay_hours": 50, 
            "student": 105, 
            "subject": 104
        }
    }, 
    {
        "pk": 136, 
        "model": "subjects.studentoptions", 
        "fields": {
            "records_opening_delay_hours": 83, 
            "student": 137, 
            "subject": 106
        }
    }, 
    {
        "pk": 137, 
        "model": "subjects.studentoptions", 
        "fields": {
            "records_opening_delay_hours": 40, 
            "student": 107, 
            "subject": 101
        }
    }, 
    {
        "pk": 138, 
        "model": "subjects.studentoptions", 
        "fields": {
            "records_opening_delay_hours": 51, 
            "student": 105, 
            "subject": 123
        }
    }, 
    {
        "pk": 139, 
        "model": "subjects.studentoptions", 
        "fields": {
            "records_opening_delay_hours": 43, 
            "student": 117, 
            "subject": 110
        }
    }, 
    {
        "pk": 140, 
        "model": "subjects.studentoptions", 
        "fields": {
            "records_opening_delay_hours": 18, 
            "student": 115, 
            "subject": 109
        }
    }, 
    {
        "pk": 141, 
        "model": "subjects.studentoptions", 
        "fields": {
            "records_opening_delay_hours": 30, 
            "student": 133, 
            "subject": 128
        }
    }, 
    {
        "pk": 142, 
        "model": "subjects.studentoptions", 
        "fields": {
            "records_opening_delay_hours": 32, 
            "student": 110, 
            "subject": 108
        }
    }, 
    {
        "pk": 143, 
        "model": "subjects.studentoptions", 
        "fields": {
            "records_opening_delay_hours": 16, 
            "student": 104, 
            "subject": 102
        }
    }, 
    {
        "pk": 144, 
        "model": "subjects.studentoptions", 
        "fields": {
            "records_opening_delay_hours": 10, 
            "student": 107, 
            "subject": 128
        }
    }, 
    {
        "pk": 145, 
        "model": "subjects.studentoptions", 
        "fields": {
            "records_opening_delay_hours": 2, 
            "student": 138, 
            "subject": 125
        }
    }, 
    {
        "pk": 146, 
        "model": "subjects.studentoptions", 
        "fields": {
            "records_opening_delay_hours": 18, 
            "student": 101, 
            "subject": 104
        }
    }, 
    {
        "pk": 147, 
        "model": "subjects.studentoptions", 
        "fields": {
            "records_opening_delay_hours": 54, 
            "student": 113, 
            "subject": 102
        }
    }, 
    {
        "pk": 148, 
        "model": "subjects.studentoptions", 
        "fields": {
            "records_opening_delay_hours": 37, 
            "student": 125, 
            "subject": 129
        }
    }, 
    {
        "pk": 149, 
        "model": "subjects.studentoptions", 
        "fields": {
            "records_opening_delay_hours": 70, 
            "student": 100, 
            "subject": 126
        }
    }, 
    {
        "pk": 150, 
        "model": "subjects.studentoptions", 
        "fields": {
            "records_opening_delay_hours": 22, 
            "student": 138, 
            "subject": 121
        }
    }, 
    {
        "pk": 151, 
        "model": "subjects.studentoptions", 
        "fields": {
            "records_opening_delay_hours": 54, 
            "student": 128, 
            "subject": 106
        }
    }, 
    {
        "pk": 152, 
        "model": "subjects.studentoptions", 
        "fields": {
            "records_opening_delay_hours": 24, 
            "student": 132, 
            "subject": 107
        }
    }, 
    {
        "pk": 153, 
        "model": "subjects.studentoptions", 
        "fields": {
            "records_opening_delay_hours": 95, 
            "student": 100, 
            "subject": 113
        }
    }, 
    {
        "pk": 154, 
        "model": "subjects.studentoptions", 
        "fields": {
            "records_opening_delay_hours": 97, 
            "student": 102, 
            "subject": 100
        }
    }, 
    {
        "pk": 155, 
        "model": "subjects.studentoptions", 
        "fields": {
            "records_opening_delay_hours": 47, 
            "student": 104, 
            "subject": 108
        }
    }, 
    {
        "pk": 156, 
        "model": "subjects.studentoptions", 
        "fields": {
            "records_opening_delay_hours": 63, 
            "student": 123, 
            "subject": 121
        }
    }, 
    {
        "pk": 157, 
        "model": "subjects.studentoptions", 
        "fields": {
            "records_opening_delay_hours": 27, 
            "student": 117, 
            "subject": 125
        }
    }, 
    {
        "pk": 158, 
        "model": "subjects.studentoptions", 
        "fields": {
            "records_opening_delay_hours": 71, 
            "student": 115, 
            "subject": 102
        }
    }, 
    {
        "pk": 159, 
        "model": "subjects.studentoptions", 
        "fields": {
            "records_opening_delay_hours": 80, 
            "student": 117, 
            "subject": 102
        }
    }, 
    {
        "pk": 160, 
        "model": "subjects.studentoptions", 
        "fields": {
            "records_opening_delay_hours": 38, 
            "student": 112, 
            "subject": 110
        }
    }, 
    {
        "pk": 161, 
        "model": "subjects.studentoptions", 
        "fields": {
            "records_opening_delay_hours": 91, 
            "student": 126, 
            "subject": 110
        }
    }, 
    {
        "pk": 162, 
        "model": "subjects.studentoptions", 
        "fields": {
            "records_opening_delay_hours": 98, 
            "student": 122, 
            "subject": 114
        }
    }, 
    {
        "pk": 163, 
        "model": "subjects.studentoptions", 
        "fields": {
            "records_opening_delay_hours": 87, 
            "student": 137, 
            "subject": 114
        }
    }, 
    {
        "pk": 164, 
        "model": "subjects.studentoptions", 
        "fields": {
            "records_opening_delay_hours": 0, 
            "student": 134, 
            "subject": 116
        }
    }, 
    {
        "pk": 165, 
        "model": "subjects.studentoptions", 
        "fields": {
            "records_opening_delay_hours": 60, 
            "student": 134, 
            "subject": 103
        }
    }, 
    {
        "pk": 166, 
        "model": "subjects.studentoptions", 
        "fields": {
            "records_opening_delay_hours": 71, 
            "student": 117, 
            "subject": 116
        }
    }, 
    {
        "pk": 167, 
        "model": "subjects.studentoptions", 
        "fields": {
            "records_opening_delay_hours": 62, 
            "student": 136, 
            "subject": 115
        }
    }, 
    {
        "pk": 168, 
        "model": "subjects.studentoptions", 
        "fields": {
            "records_opening_delay_hours": 79, 
            "student": 128, 
            "subject": 110
        }
    }, 
    {
        "pk": 169, 
        "model": "subjects.studentoptions", 
        "fields": {
            "records_opening_delay_hours": 73, 
            "student": 128, 
            "subject": 100
        }
    }, 
    {
        "pk": 170, 
        "model": "subjects.studentoptions", 
        "fields": {
            "records_opening_delay_hours": 35, 
            "student": 107, 
            "subject": 102
        }
    }, 
    {
        "pk": 171, 
        "model": "subjects.studentoptions", 
        "fields": {
            "records_opening_delay_hours": 87, 
            "student": 110, 
            "subject": 110
        }
    }, 
    {
        "pk": 172, 
        "model": "subjects.studentoptions", 
        "fields": {
            "records_opening_delay_hours": 7, 
            "student": 108, 
            "subject": 122
        }
    }, 
    {
        "pk": 173, 
        "model": "subjects.studentoptions", 
        "fields": {
            "records_opening_delay_hours": 83, 
            "student": 135, 
            "subject": 110
        }
    }, 
    {
        "pk": 174, 
        "model": "subjects.studentoptions", 
        "fields": {
            "records_opening_delay_hours": 27, 
            "student": 107, 
            "subject": 126
        }
    }, 
    {
        "pk": 175, 
        "model": "subjects.studentoptions", 
        "fields": {
            "records_opening_delay_hours": 6, 
            "student": 128, 
            "subject": 110
        }
    }, 
    {
        "pk": 176, 
        "model": "subjects.studentoptions", 
        "fields": {
            "records_opening_delay_hours": 21, 
            "student": 131, 
            "subject": 117
        }
    }, 
    {
        "pk": 177, 
        "model": "subjects.studentoptions", 
        "fields": {
            "records_opening_delay_hours": 87, 
            "student": 125, 
            "subject": 114
        }
    }, 
    {
        "pk": 178, 
        "model": "subjects.studentoptions", 
        "fields": {
            "records_opening_delay_hours": 14, 
            "student": 125, 
            "subject": 124
        }
    }, 
    {
        "pk": 179, 
        "model": "subjects.studentoptions", 
        "fields": {
            "records_opening_delay_hours": 37, 
            "student": 130, 
            "subject": 102
        }
    }, 
    {
        "pk": 180, 
        "model": "subjects.studentoptions", 
        "fields": {
            "records_opening_delay_hours": 77, 
            "student": 126, 
            "subject": 111
        }
    }, 
    {
        "pk": 181, 
        "model": "subjects.studentoptions", 
        "fields": {
            "records_opening_delay_hours": 61, 
            "student": 133, 
            "subject": 112
        }
    }, 
    {
        "pk": 182, 
        "model": "subjects.studentoptions", 
        "fields": {
            "records_opening_delay_hours": 91, 
            "student": 133, 
            "subject": 102
        }
    }, 
    {
        "pk": 183, 
        "model": "subjects.studentoptions", 
        "fields": {
            "records_opening_delay_hours": 43, 
            "student": 116, 
            "subject": 120
        }
    }, 
    {
        "pk": 184, 
        "model": "subjects.studentoptions", 
        "fields": {
            "records_opening_delay_hours": 13, 
            "student": 116, 
            "subject": 117
        }
    }, 
    {
        "pk": 185, 
        "model": "subjects.studentoptions", 
        "fields": {
            "records_opening_delay_hours": 2, 
            "student": 134, 
            "subject": 117
        }
    }, 
    {
        "pk": 186, 
        "model": "subjects.studentoptions", 
        "fields": {
            "records_opening_delay_hours": 52, 
            "student": 135, 
            "subject": 128
        }
    }, 
    {
        "pk": 187, 
        "model": "subjects.studentoptions", 
        "fields": {
            "records_opening_delay_hours": 32, 
            "student": 134, 
            "subject": 104
        }
    }, 
    {
        "pk": 188, 
        "model": "subjects.studentoptions", 
        "fields": {
            "records_opening_delay_hours": 68, 
            "student": 100, 
            "subject": 121
        }
    }, 
    {
        "pk": 189, 
        "model": "subjects.studentoptions", 
        "fields": {
            "records_opening_delay_hours": 32, 
            "student": 137, 
            "subject": 121
        }
    }, 
    {
        "pk": 190, 
        "model": "subjects.studentoptions", 
        "fields": {
            "records_opening_delay_hours": 56, 
            "student": 134, 
            "subject": 129
        }
    }, 
    {
        "pk": 191, 
        "model": "subjects.studentoptions", 
        "fields": {
            "records_opening_delay_hours": 80, 
            "student": 127, 
            "subject": 125
        }
    }, 
    {
        "pk": 192, 
        "model": "subjects.studentoptions", 
        "fields": {
            "records_opening_delay_hours": 94, 
            "student": 118, 
            "subject": 110
        }
    }, 
    {
        "pk": 193, 
        "model": "subjects.studentoptions", 
        "fields": {
            "records_opening_delay_hours": 96, 
            "student": 114, 
            "subject": 128
        }
    }, 
    {
        "pk": 194, 
        "model": "subjects.studentoptions", 
        "fields": {
            "records_opening_delay_hours": 26, 
            "student": 127, 
            "subject": 104
        }
    }, 
    {
        "pk": 195, 
        "model": "subjects.studentoptions", 
        "fields": {
            "records_opening_delay_hours": 36, 
            "student": 129, 
            "subject": 120
        }
    }, 
    {
        "pk": 196, 
        "model": "subjects.studentoptions", 
        "fields": {
            "records_opening_delay_hours": 33, 
            "student": 114, 
            "subject": 127
        }
    }, 
    {
        "pk": 197, 
        "model": "subjects.studentoptions", 
        "fields": {
            "records_opening_delay_hours": 42, 
            "student": 106, 
            "subject": 103
        }
    }, 
    {
        "pk": 198, 
        "model": "subjects.studentoptions", 
        "fields": {
            "records_opening_delay_hours": 28, 
            "student": 134, 
            "subject": 124
        }
    }, 
    {
        "pk": 199, 
        "model": "subjects.studentoptions", 
        "fields": {
            "records_opening_delay_hours": 71, 
            "student": 138, 
            "subject": 101
        }
    }, 
    {
        "pk": 200, 
        "model": "subjects.studentoptions", 
        "fields": {
            "records_opening_delay_hours": 92, 
            "student": 114, 
            "subject": 118
        }
    }, 
    {
        "pk": 201, 
        "model": "subjects.studentoptions", 
        "fields": {
            "records_opening_delay_hours": 84, 
            "student": 134, 
            "subject": 115
        }
    }, 
    {
        "pk": 202, 
        "model": "subjects.studentoptions", 
        "fields": {
            "records_opening_delay_hours": 29, 
            "student": 128, 
            "subject": 126
        }
    }, 
    {
        "pk": 203, 
        "model": "subjects.studentoptions", 
        "fields": {
            "records_opening_delay_hours": 91, 
            "student": 137, 
            "subject": 120
        }
    }, 
    {
        "pk": 204, 
        "model": "subjects.studentoptions", 
        "fields": {
            "records_opening_delay_hours": 49, 
            "student": 123, 
            "subject": 107
        }
    }, 
    {
        "pk": 205, 
        "model": "subjects.studentoptions", 
        "fields": {
            "records_opening_delay_hours": 36, 
            "student": 111, 
            "subject": 129
        }
    }, 
    {
        "pk": 206, 
        "model": "subjects.studentoptions", 
        "fields": {
            "records_opening_delay_hours": 56, 
            "student": 105, 
            "subject": 105
        }
    }, 
    {
        "pk": 207, 
        "model": "subjects.studentoptions", 
        "fields": {
            "records_opening_delay_hours": 36, 
            "student": 119, 
            "subject": 121
        }
    }, 
    {
        "pk": 208, 
        "model": "subjects.studentoptions", 
        "fields": {
            "records_opening_delay_hours": 9, 
            "student": 139, 
            "subject": 107
        }
    }, 
    {
        "pk": 209, 
        "model": "subjects.studentoptions", 
        "fields": {
            "records_opening_delay_hours": 95, 
            "student": 110, 
            "subject": 125
        }
    }, 
    {
        "pk": 210, 
        "model": "subjects.studentoptions", 
        "fields": {
            "records_opening_delay_hours": 79, 
            "student": 134, 
            "subject": 101
        }
    }, 
    {
        "pk": 211, 
        "model": "subjects.studentoptions", 
        "fields": {
            "records_opening_delay_hours": 37, 
            "student": 110, 
            "subject": 108
        }
    }, 
    {
        "pk": 212, 
        "model": "subjects.studentoptions", 
        "fields": {
            "records_opening_delay_hours": 34, 
            "student": 119, 
            "subject": 126
        }
    }, 
    {
        "pk": 213, 
        "model": "subjects.studentoptions", 
        "fields": {
            "records_opening_delay_hours": 10, 
            "student": 122, 
            "subject": 113
        }
    }, 
    {
        "pk": 214, 
        "model": "subjects.studentoptions", 
        "fields": {
            "records_opening_delay_hours": 60, 
            "student": 112, 
            "subject": 119
        }
    }, 
    {
        "pk": 215, 
        "model": "subjects.studentoptions", 
        "fields": {
            "records_opening_delay_hours": 50, 
            "student": 128, 
            "subject": 122
        }
    }, 
    {
        "pk": 216, 
        "model": "subjects.studentoptions", 
        "fields": {
            "records_opening_delay_hours": 81, 
            "student": 116, 
            "subject": 127
        }
    }, 
    {
        "pk": 217, 
        "model": "subjects.studentoptions", 
        "fields": {
            "records_opening_delay_hours": 6, 
            "student": 104, 
            "subject": 108
        }
    }, 
    {
        "pk": 218, 
        "model": "subjects.studentoptions", 
        "fields": {
            "records_opening_delay_hours": 57, 
            "student": 126, 
            "subject": 129
        }
    }, 
    {
        "pk": 219, 
        "model": "subjects.studentoptions", 
        "fields": {
            "records_opening_delay_hours": 6, 
            "student": 101, 
            "subject": 129
        }
    }, 
    {
        "pk": 220, 
        "model": "subjects.studentoptions", 
        "fields": {
            "records_opening_delay_hours": 33, 
            "student": 100, 
            "subject": 106
        }
    }, 
    {
        "pk": 221, 
        "model": "subjects.studentoptions", 
        "fields": {
            "records_opening_delay_hours": 94, 
            "student": 109, 
            "subject": 126
        }
    }, 
    {
        "pk": 222, 
        "model": "subjects.studentoptions", 
        "fields": {
            "records_opening_delay_hours": 74, 
            "student": 124, 
            "subject": 118
        }
    }, 
    {
        "pk": 223, 
        "model": "subjects.studentoptions", 
        "fields": {
            "records_opening_delay_hours": 11, 
            "student": 114, 
            "subject": 120
        }
    }, 
    {
        "pk": 224, 
        "model": "subjects.studentoptions", 
        "fields": {
            "records_opening_delay_hours": 56, 
            "student": 135, 
            "subject": 102
        }
    }, 
    {
        "pk": 225, 
        "model": "subjects.studentoptions", 
        "fields": {
            "records_opening_delay_hours": 37, 
            "student": 117, 
            "subject": 112
        }
    }, 
    {
        "pk": 226, 
        "model": "subjects.studentoptions", 
        "fields": {
            "records_opening_delay_hours": 90, 
            "student": 138, 
            "subject": 111
        }
    }, 
    {
        "pk": 227, 
        "model": "subjects.studentoptions", 
        "fields": {
            "records_opening_delay_hours": 99, 
            "student": 124, 
            "subject": 117
        }
    }, 
    {
        "pk": 228, 
        "model": "subjects.studentoptions", 
        "fields": {
            "records_opening_delay_hours": 60, 
            "student": 113, 
            "subject": 113
        }
    }, 
    {
        "pk": 229, 
        "model": "subjects.studentoptions", 
        "fields": {
            "records_opening_delay_hours": 99, 
            "student": 139, 
            "subject": 107
        }
    }, 
    {
        "pk": 230, 
        "model": "subjects.studentoptions", 
        "fields": {
            "records_opening_delay_hours": 41, 
            "student": 104, 
            "subject": 107
        }
    }, 
    {
        "pk": 231, 
        "model": "subjects.studentoptions", 
        "fields": {
            "records_opening_delay_hours": 77, 
            "student": 110, 
            "subject": 109
        }
    }, 
    {
        "pk": 232, 
        "model": "subjects.studentoptions", 
        "fields": {
            "records_opening_delay_hours": 43, 
            "student": 105, 
            "subject": 113
        }
    }, 
    {
        "pk": 233, 
        "model": "subjects.studentoptions", 
        "fields": {
            "records_opening_delay_hours": 21, 
            "student": 108, 
            "subject": 129
        }
    }, 
    {
        "pk": 234, 
        "model": "subjects.studentoptions", 
        "fields": {
            "records_opening_delay_hours": 2, 
            "student": 124, 
            "subject": 126
        }
    }, 
    {
        "pk": 235, 
        "model": "subjects.studentoptions", 
        "fields": {
            "records_opening_delay_hours": 86, 
            "student": 114, 
            "subject": 103
        }
    }, 
    {
        "pk": 236, 
        "model": "subjects.studentoptions", 
        "fields": {
            "records_opening_delay_hours": 11, 
            "student": 136, 
            "subject": 111
        }
    }, 
    {
        "pk": 237, 
        "model": "subjects.studentoptions", 
        "fields": {
            "records_opening_delay_hours": 84, 
            "student": 107, 
            "subject": 125
        }
    }, 
    {
        "pk": 238, 
        "model": "subjects.studentoptions", 
        "fields": {
            "records_opening_delay_hours": 41, 
            "student": 127, 
            "subject": 120
        }
    }, 
    {
        "pk": 239, 
        "model": "subjects.studentoptions", 
        "fields": {
            "records_opening_delay_hours": 45, 
            "student": 139, 
            "subject": 119
        }
    }, 
    {
        "pk": 240, 
        "model": "subjects.studentoptions", 
        "fields": {
            "records_opening_delay_hours": 94, 
            "student": 120, 
            "subject": 115
        }
    }, 
    {
        "pk": 241, 
        "model": "subjects.studentoptions", 
        "fields": {
            "records_opening_delay_hours": 11, 
            "student": 137, 
            "subject": 126
        }
    }, 
    {
        "pk": 242, 
        "model": "subjects.studentoptions", 
        "fields": {
            "records_opening_delay_hours": 42, 
            "student": 120, 
            "subject": 121
        }
    }, 
    {
        "pk": 243, 
        "model": "subjects.studentoptions", 
        "fields": {
            "records_opening_delay_hours": 65, 
            "student": 114, 
            "subject": 119
        }
    }, 
    {
        "pk": 244, 
        "model": "subjects.studentoptions", 
        "fields": {
            "records_opening_delay_hours": 47, 
            "student": 116, 
            "subject": 125
        }
    }, 
    {
        "pk": 245, 
        "model": "subjects.studentoptions", 
        "fields": {
            "records_opening_delay_hours": 43, 
            "student": 114, 
            "subject": 121
        }
    }, 
    {
        "pk": 246, 
        "model": "subjects.studentoptions", 
        "fields": {
            "records_opening_delay_hours": 57, 
            "student": 105, 
            "subject": 107
        }
    }, 
    {
        "pk": 247, 
        "model": "subjects.studentoptions", 
        "fields": {
            "records_opening_delay_hours": 20, 
            "student": 129, 
            "subject": 117
        }
    }, 
    {
        "pk": 248, 
        "model": "subjects.studentoptions", 
        "fields": {
            "records_opening_delay_hours": 88, 
            "student": 103, 
            "subject": 106
        }
    }, 
    {
        "pk": 249, 
        "model": "subjects.studentoptions", 
        "fields": {
            "records_opening_delay_hours": 68, 
            "student": 100, 
            "subject": 105
        }
    }, 
    {
        "pk": 250, 
        "model": "subjects.studentoptions", 
        "fields": {
            "records_opening_delay_hours": 20, 
            "student": 114, 
            "subject": 105
        }
    }, 
    {
        "pk": 251, 
        "model": "subjects.studentoptions", 
        "fields": {
            "records_opening_delay_hours": 75, 
            "student": 137, 
            "subject": 104
        }
    }, 
    {
        "pk": 252, 
        "model": "subjects.studentoptions", 
        "fields": {
            "records_opening_delay_hours": 81, 
            "student": 100, 
            "subject": 107
        }
    }, 
    {
        "pk": 253, 
        "model": "subjects.studentoptions", 
        "fields": {
            "records_opening_delay_hours": 64, 
            "student": 137, 
            "subject": 101
        }
    }, 
    {
        "pk": 254, 
        "model": "subjects.studentoptions", 
        "fields": {
            "records_opening_delay_hours": 83, 
            "student": 104, 
            "subject": 129
        }
    }, 
    {
        "pk": 255, 
        "model": "subjects.studentoptions", 
        "fields": {
            "records_opening_delay_hours": 51, 
            "student": 100, 
            "subject": 103
        }
    }, 
    {
        "pk": 256, 
        "model": "subjects.studentoptions", 
        "fields": {
            "records_opening_delay_hours": 52, 
            "student": 109, 
            "subject": 111
        }
    }, 
    {
        "pk": 257, 
        "model": "subjects.studentoptions", 
        "fields": {
            "records_opening_delay_hours": 82, 
            "student": 129, 
            "subject": 102
        }
    }, 
    {
        "pk": 258, 
        "model": "subjects.studentoptions", 
        "fields": {
            "records_opening_delay_hours": 39, 
            "student": 137, 
            "subject": 125
        }
    }, 
    {
        "pk": 259, 
        "model": "subjects.studentoptions", 
        "fields": {
            "records_opening_delay_hours": 35, 
            "student": 138, 
            "subject": 125
        }
    }, 
    {
        "pk": 100, 
        "model": "subjects.subjectentity", 
        "fields": {
            "shortName": "Wdra\u017canie ERP",
            "name": "Wdra\u017canie system\u00f3w klasy ERP"
        }
    }, 
    {
        "pk": 101, 
        "model": "subjects.subjectentity", 
        "fields": {
            "shortName": null,
            "name": "Text mining"
        }
    }, 
    {
        "pk": 102, 
        "model": "subjects.subjectentity", 
        "fields": {
            "shortName": "Alg. tekstowe",
            "name": "Algorytmy tekstowe"
        }
    }, 
    {
        "pk": 103, 
        "model": "subjects.subjectentity", 
        "fields": {
            "shortName": "Zast. w. Czebyszewa",
            "name": "Zastosowania wielomian\u00f3w Czebyszewa"
        }
    }, 
    {
        "pk": 104, 
        "model": "subjects.subjectentity", 
        "fields": {
            "shortName": "Logika formalna",
            "name": "Wprowadzenie do logiki formalnej"
        }
    }, 
    {
        "pk": 105, 
        "model": "subjects.subjectentity", 
        "fields": {
            "shortName": "Tpjp",
            "name": "Teoretyczne podstawy j\u0119zyk\u00f3w programowania"
        }
    }, 
    {
        "pk": 106, 
        "model": "subjects.subjectentity", 
        "fields": {
            "shortName": "Sem: Protoko\u0142y R. E.",
            "name": "Seminarium: Protoko\u0142y Rynku Elektronicznego"
        }
    }, 
    {
        "pk": 107, 
        "model": "subjects.subjectentity", 
        "fields": {
            "shortName": "CUDA",
            "name": "\tProcesory graficzne w obliczeniach r\u00f3wnoleg\u0142ych (CUDA)"
        }
    }, 
    {
        "pk": 108, 
        "model": "subjects.subjectentity", 
        "fields": {
            "shortName": "Kurs LUA",
            "name": "Kurs j\u0119zyka Lua"
        }
    }, 
    {
        "pk": 109, 
        "model": "subjects.subjectentity", 
        "fields": {
            "shortName": "Sem: k. i p. w graf. komp.",
            "name": "Seminarium: Krzywe i powierzchnie w grafice komputerowej"
        }
    }, 
    {
        "pk": 110, 
        "model": "subjects.subjectentity", 
        "fields": {
            "shortName": "Sem: algorytmika",
            "name": "Seminarium: Algorytmika: nowe osi\u0105gni\u0119cia i trendy"
        }
    }, 
    {
        "pk": 111, 
        "model": "subjects.subjectentity", 
        "fields": {
            "shortName": "Kurs C",
            "name": "Kurs j\u0119zyka ANSI C z elementami C++ (ang.)"
        }
    }, 
    {
        "pk": 112, 
        "model": "subjects.subjectentity", 
        "fields": {
            "shortName": null,
            "name": "Rachunek lambda"
        }
    }, 
    {
        "pk": 113, 
        "model": "subjects.subjectentity", 
        "fields": {
            "shortName": "Logika",
            "name": "Logika dla informatyk\u00f3w"
        }
    }, 
    {
        "pk": 114, 
        "model": "subjects.subjectentity", 
        "fields": {
            "shortName": "Funkcyjne",
            "name": "Programowanie funkcyjne"
        }
    }, 
    {
        "pk": 115, 
        "model": "subjects.subjectentity", 
        "fields": {
            "shortName": null,
            "name": "Bazy danych 2"
        }
    }, 
    {
        "pk": 116, 
        "model": "subjects.subjectentity", 
        "fields": {
            "shortName": null,
            "name": "Analiza numeryczna (M)"
        }
    }, 
    {
        "pk": 117, 
        "model": "subjects.subjectentity", 
        "fields": {
            "shortName": null,
            "name": "Programowanie"
        }
    }, 
    {
        "pk": 118, 
        "model": "subjects.subjectentity", 
        "fields": {
            "shortName": "Modelowanie",
            "name": "Modelowanie zjawisk przyrodniczych"
        }
    }, 
    {
        "pk": 119, 
        "model": "subjects.subjectentity", 
        "fields": {
            "shortName": "LPP",
            "name": "Licencjacki projekt programistyczny"
        }
    }, 
    {
        "pk": 120, 
        "model": "subjects.subjectentity", 
        "fields": {
            "shortName": null,
            "name": "Analiza matematyczna"
        }
    }, 
    {
        "pk": 121, 
        "model": "subjects.subjectentity", 
        "fields": {
            "shortName": null,
            "name": "Sieci neuronowe"
        }
    }, 
    {
        "pk": 122, 
        "model": "subjects.subjectentity", 
        "fields": {
            "shortName": "Kurs: UNIX",
            "name": "Kurs: UNIX - \u015brodowisko i narz\u0119dzia programowania"
        }
    }, 
    {
        "pk": 123, 
        "model": "subjects.subjectentity", 
        "fields": {
            "shortName": "Sem: alg. ewolucyjne",
            "name": "Seminarium: Zastosowania algorytm\u00f3w ewolucyjnych"
        }
    }, 
    {
        "pk": 124, 
        "model": "subjects.subjectentity", 
        "fields": {
            "shortName": "Kurs .NET",
            "name": "Kurs programowania pod Windows w technologii .NET"
        }
    }, 
    {
        "pk": 125, 
        "model": "subjects.subjectentity", 
        "fields": {
            "shortName": "JFiZO",
            "name": "\tJ\u0119zyki formalne i z\u0142o\u017cono\u015b\u0107 obliczeniowa"
        }
    }, 
    {
        "pk": 126, 
        "model": "subjects.subjectentity", 
        "fields": {
            "shortName": null,
            "name": "Bazy danych"
        }
    }, 
    {
        "pk": 127, 
        "model": "subjects.subjectentity", 
        "fields": {
            "shortName": "Sem: bezpiecze\u0144",
            "name": "\tSeminarium: Bezpiecze\u0144stwo i ochrona informacji"
        }
    }, 
    {
        "pk": 128, 
        "model": "subjects.subjectentity", 
        "fields": {
            "shortName": null,
            "name": "Algebra"
        }
    }, 
    {
        "pk": 129, 
        "model": "subjects.subjectentity", 
        "fields": {
            "shortName": "Teoria kategorii",
            "name": "Zastosowanie teorii kategorii do konstruowania program\u00f3w"
        }
    }, 
    {
        "pk": 100, 
        "model": "subjects.subject", 
        "fields": {
            "lectures": 30, 
            "name": "Wdra\u017canie system\u00f3w klasy ERP", 
            "entity": 100, 
            "semester": 100, 
            "teachers": [
                1001
            ], 
            "exercises": 30, 
            "laboratories": 0, 
            "type": 5, 
            "slug": "wdrazanie-systemow-klasy-erp", 
            "description": "Opis"
        }
    }, 
    {
        "pk": 101, 
        "model": "subjects.subject", 
        "fields": {
            "lectures": 30, 
            "name": "Text mining", 
            "entity": 101, 
            "semester": 101, 
            "teachers": [
                1019
            ], 
            "exercises": 30, 
            "laboratories": 0, 
            "type": 5, 
            "slug": "text-mining", 
            "description": "Opis"
        }
    }, 
    {
        "pk": 102, 
        "model": "subjects.subject", 
        "fields": {
            "lectures": 30, 
            "name": "Algorytmy tekstowe", 
            "entity": 102, 
            "semester": 101, 
            "teachers": [
                1013
            ], 
            "exercises": 30, 
            "laboratories": 0, 
            "type": 5, 
            "slug": "algorytmy-tekstowe", 
            "description": "Opis"
        }
    }, 
    {
        "pk": 103, 
        "model": "subjects.subject", 
        "fields": {
            "lectures": 30, 
            "name": "Zastosowania wielomian\u00f3w Czebyszewa", 
            "entity": 103, 
            "semester": 100, 
            "teachers": [
                1002
            ], 
            "exercises": 30, 
            "laboratories": 0, 
            "type": 5, 
            "slug": "zastosowania-wielomianow-czebyszewa", 
            "description": "Opis"
        }
    }, 
    {
        "pk": 104, 
        "model": "subjects.subject", 
        "fields": {
            "lectures": 30, 
            "name": "Wprowadzenie do logiki formalnej", 
            "entity": 104, 
            "semester": 100, 
            "teachers": [
                1013
            ], 
            "exercises": 30, 
            "laboratories": 0, 
            "type": 5, 
            "slug": "wprowadzenie-do-logiki-formalnej", 
            "description": "Opis"
        }
    }, 
    {
        "pk": 105, 
        "model": "subjects.subject", 
        "fields": {
            "lectures": 30, 
            "name": "Teoretyczne podstawy j\u0119zyk\u00f3w programowania",  
            "entity": 105, 
            "semester": 100, 
            "teachers": [
                1009
            ], 
            "exercises": 30, 
            "laboratories": 0, 
            "type": 5, 
            "slug": "teoretyczne-podstawy-jezykow-programowania", 
            "description": "Opis"
        }
    }, 
    {
        "pk": 106, 
        "model": "subjects.subject", 
        "fields": {
            "lectures": 30, 
            "name": "Seminarium: Protoko\u0142y Rynku Elektronicznego", 
            "entity": 106, 
            "semester": 100, 
            "teachers": [
                1013
            ], 
            "exercises": 0, 
            "laboratories": 0, 
            "type": 6, 
            "slug": "seminarium-protokoly-rynku-elektronicznego", 
            "description": "Opis"
        }
    }, 
    {
        "pk": 107, 
        "model": "subjects.subject", 
        "fields": {
            "lectures": 30, 
            "name": "Procesory graficzne w obliczeniach r\u00f3wnoleg\u0142ych (CUDA)", 
            "entity": 107, 
            "semester": 101, 
            "teachers": [
                1016
            ], 
            "exercises": 0, 
            "laboratories": 30, 
            "type": 6, 
            "slug": "procesory-graficzne-w-obliczeniach-rownoleglych-cuda", 
            "description": "Opis"
        }
    }, 
    {
        "pk": 108, 
        "model": "subjects.subject", 
        "fields": {
            "lectures": 30, 
            "name": "Kurs j\u0119zyka Lua", 
            "entity": 108, 
            "semester": 101, 
            "teachers": [
                1012
            ], 
            "exercises": 0, 
            "laboratories": 15, 
            "type": 6, 
            "slug": "kurs-jezyka-lua", 
            "description": "Opis"
        }
    }, 
    {
        "pk": 109, 
        "model": "subjects.subject", 
        "fields": {
            "lectures": 30, 
            "name": "Seminarium: Krzywe i powierzchnie w grafice komputerowej", 
            "entity": 109, 
            "semester": 100, 
            "teachers": [
                1000
            ], 
            "exercises": 0, 
            "laboratories": 0, 
            "type": 7, 
            "slug": "seminarium-krzywe-i-powierzchnie-w-grafice-komputerowej", 
            "description": "Opis"
        }
    }, 
    {
        "pk": 110, 
        "model": "subjects.subject", 
        "fields": {
            "lectures": 30, 
            "name": "Seminarium: Algorytmika: nowe osi\u0105gni\u0119cia i trendy", 
            "entity": 110, 
            "semester": 100, 
            "teachers": [
                1013
            ], 
            "exercises": 0, 
            "laboratories": 0, 
            "type": 7, 
            "slug": "seminarium-algorytmika-nowe-osiagniecia-i-trendy", 
            "description": "Opis"
        }
    }, 
    {
        "pk": 111, 
        "model": "subjects.subject", 
        "fields": {
            "lectures": 30, 
            "name": "Kurs j\u0119zyka ANSI C z elementami C++", 
            "entity": 111, 
            "semester": 101, 
            "teachers": [
                1009
            ], 
            "exercises": 0, 
            "laboratories": 30, 
            "type": 6, 
            "slug": "kurs-jezyka-ansi-c-z-elementami-c", 
            "description": "Opis"
        }
    }, 
    {
        "pk": 112, 
        "model": "subjects.subject", 
        "fields": {
            "lectures": 30, 
            "name": "Rachunek lambda", 
            "entity": 112, 
            "semester": 100, 
            "teachers": [
                1011
            ], 
            "exercises": 30, 
            "laboratories": 0, 
            "type": 5, 
            "slug": "rachunek-lambda", 
            "description": "Opis"
        }
    }, 
    {
        "pk": 113, 
        "model": "subjects.subject", 
        "fields": {
            "lectures": 30, 
            "name": "Logika dla informatyk\u00f3w", 
            "entity": 113, 
            "semester": 101, 
            "teachers": [
                1000
            ], 
            "exercises": 30, 
            "laboratories": 0, 
            "type": 1, 
            "slug": "logika-dla-informatykow", 
            "description": "Opis"
        }
    }, 
    {
        "pk": 114, 
        "model": "subjects.subject", 
        "fields": {
            "lectures": 30, 
            "name": "Programowanie funkcyjne", 
            "entity": 114, 
            "semester": 100, 
            "teachers": [
                1000
            ], 
            "exercises": 30, 
            "laboratories": 0, 
            "type": 5, 
            "slug": "programowanie-funkcyjne", 
            "description": "Opis"
        }
    }, 
    {
        "pk": 115, 
        "model": "subjects.subject", 
        "fields": {
            "lectures": 30, 
            "name": "Bazy danych 2", 
            "entity": 115, 
            "semester": 101, 
            "teachers": [
                1010
            ], 
            "exercises": 15, 
            "laboratories": 15, 
            "type": 5, 
            "slug": "bazy-danych-2", 
            "description": "Opis"
        }
    }, 
    {
        "pk": 116, 
        "model": "subjects.subject", 
        "fields": {
            "lectures": 30, 
            "name": "Analiza numeryczna (M)", 
            "entity": 116, 
            "semester": 101, 
            "teachers": [
                1019
            ], 
            "exercises": 30, 
            "laboratories": 15, 
            "type": 2, 
            "slug": "analiza-numeryczna-m", 
            "description": "Opis"
        }
    }, 
    {
        "pk": 117, 
        "model": "subjects.subject", 
        "fields": {
            "lectures": 30, 
            "name": "Programowanie", 
            "entity": 117, 
            "semester": 100, 
            "teachers": [
                1004
            ], 
            "exercises": 30, 
            "laboratories": 15, 
            "type": 2, 
            "slug": "programowanie", 
            "description": "Opis"
        }
    }, 
    {
        "pk": 118, 
        "model": "subjects.subject", 
        "fields": {
            "lectures": 30, 
            "name": "Modelowanie zjawisk przyrodniczych", 
            "entity": 118, 
            "semester": 100, 
            "teachers": [
                1013
            ], 
            "exercises": 0, 
            "laboratories": 30, 
            "type": 5, 
            "slug": "modelowanie-zjawisk-przyrodniczych", 
            "description": "Opis"
        }
    }, 
    {
        "pk": 119, 
        "model": "subjects.subject", 
        "fields": {
            "lectures": 0, 
            "name": "Licencjacki projekt programistyczny", 
            "entity": 119, 
            "semester": 100, 
            "teachers": [
                1000
            ], 
            "exercises": 0, 
            "laboratories": 30, 
            "type": 6, 
            "slug": "licencjacki-projekt-programistyczny", 
            "description": "Opis"
        }
    }, 
    {
        "pk": 120, 
        "model": "subjects.subject", 
        "fields": {
            "lectures": 30, 
            "name": "Analiza matematyczna", 
            "entity": 120, 
            "semester": 101, 
            "teachers": [
                1018
            ], 
            "exercises": 45, 
            "laboratories": 0, 
            "type": 1, 
            "slug": "analiza-matematyczna", 
            "description": "Opis"
        }
    }, 
    {
        "pk": 121, 
        "model": "subjects.subject", 
        "fields": {
            "lectures": 30, 
            "name": "Sieci neuronowe", 
            "entity": 121, 
            "semester": 101, 
            "teachers": [
                1012
            ], 
            "exercises": 0, 
            "laboratories": 30, 
            "type": 5, 
            "slug": "sieci-neuronowe", 
            "description": "Opis"
        }
    }, 
    {
        "pk": 122, 
        "model": "subjects.subject", 
        "fields": {
            "lectures": 30, 
            "name": "Kurs: UNIX - \u015brodowisko i narz\u0119dzia programowania", 
            "entity": 122, 
            "semester": 100, 
            "teachers": [
                1004
            ], 
            "exercises": 0, 
            "laboratories": 30, 
            "type": 6, 
            "slug": "kurs-unix-srodowisko-i-narzedzia-programowania", 
            "description": "Opis"
        }
    }, 
    {
        "pk": 123, 
        "model": "subjects.subject", 
        "fields": {
            "lectures": 30, 
            "name": "Seminarium: Zastosowania algorytm\u00f3w ewolucyjnych", 
            "entity": 123, 
            "semester": 101, 
            "teachers": [
                1015
            ], 
            "exercises": 0, 
            "laboratories": 0, 
            "type": 7, 
            "slug": "seminarium-zastosowania-algorytmow-ewolucyjnych", 
            "description": "Opis"
        }
    }, 
    {
        "pk": 124, 
        "model": "subjects.subject", 
        "fields": {
            "lectures": 30, 
            "name": "Kurs programowania pod Windows w technologii .NET", 
            "entity": 124, 
            "semester": 100, 
            "teachers": [
                1019
            ], 
            "exercises": 0, 
            "laboratories": 30, 
            "type": 6, 
            "slug": "kurs-programowania-pod-windows-w-technologii-net", 
            "description": "Opis"
        }
    }, 
    {
        "pk": 125, 
        "model": "subjects.subject", 
        "fields": {
            "lectures": 30, 
            "name": "J\u0119zyki formalne i z\u0142o\u017cono\u015b\u0107 obliczeniowa", 
            "entity": 125, 
            "semester": 100, 
            "teachers": [
                1004
            ], 
            "exercises": 30, 
            "laboratories": 0, 
            "type": 3, 
            "slug": "jezyki-formalne-i-zlozonosc-obliczeniowa", 
            "description": "Opis"
        }
    }, 
    {
        "pk": 126, 
        "model": "subjects.subject", 
        "fields": {
            "lectures": 30, 
            "name": "Bazy danych", 
            "entity": 126, 
            "semester": 100, 
            "teachers": [
                1012
            ], 
            "exercises": 15, 
            "laboratories": 15, 
            "type": 4, 
            "slug": "bazy-danych", 
            "description": "Celem wyk\u0142adu jest om\u00f3wienie zasad konstrukcji relacyjnych baz danych oraz opanowanie przez s\u0142uchaczy umiej\u0119tno\u015bci profesjonalnej obs\u0142ugi systemu baz danych od strony u\u017cytkownika, czyli:\r\n\r\n* umiej\u0119tno\u015bci zaprojektowania i zdefiniowania relacyjnej bazy danych dla rzeczywistego zagadnienia;\r\n\r\n* sprawnego wyszukiwania i odzyskiwania informacji z baz danych przypomocy j\u0119zyka SQL;\r\n\r\n* pisania aplikacji z dost\u0119pem do bazy danych;\r\n\r\n* efektywnego wykorzystania dodatkowych mo\u017cliwo\u015bci systemu (perspektyw, transakcji, wi\u0119z\u00f3w, itp.).\r\n\r\nPonadto wyk\u0142ad pozwala s\u0142uchaczom pozna\u0107 elementy system\u00f3w baz danych spoza warstwy u\u017cytkownika (system zarz\u0105dzania transakcjami, zapewnienia bezpiecze\u0144stwa i optymalizacji)."
        }
    }, 
    {
        "pk": 127, 
        "model": "subjects.subject", 
        "fields": {
            "lectures": 30, 
            "name": "Seminarium: Bezpiecze\u0144stwo i ochrona informacji", 
            "entity": 127, 
            "semester": 101, 
            "teachers": [
                1007
            ], 
            "exercises": 0, 
            "laboratories": 0, 
            "type": 7, 
            "slug": "seminarium-bezpieczenstwo-i-ochrona-informacji", 
            "description": "Opis"
        }
    }, 
    {
        "pk": 128, 
        "model": "subjects.subject", 
        "fields": {
            "lectures": 45, 
            "name": "Algebra",  
            "entity": 128, 
            "semester": 100, 
            "teachers": [
                1016
            ], 
            "exercises": 30, 
            "laboratories": 0, 
            "type": 1, 
            "slug": "algebra", 
            "description": "   1. Grupy i grupy permutacji. Podstawowe poj\u0119cia: rz\u0105d grupy, rz\u0105d elementu grupy, podgrupa. Grupy permutacji. Rozk\u0142ad permutacji na cykle. Znak permutacji.\r\n   2. Homomorfizmy grup. Kongruencje, dzielniki normalne, grupy ilorazowe, wzmianka o algebrach pocz\u0105tkowych.\r\n   3. Zagadnienia kombinatoryczne. Twierdzenie Lagrange'a, orbity i stabilizatory, dzia\u0142anie grupy na zbiorze, lemat Bernsteina.\r\n   4. Arytmetyka modularna. Relacja podzielno\u015bci. Pier\u015bcienie i pier\u015bcienie Z_n. Algorytm Euklidesa, chi\u0144skie twierdzenie o resztach, w\u0142asno\u015bci grup cyklicznych.\r\n   5. Wielomiany. Pier\u015bcienie wielomian\u00f3w. Podzielno\u015b\u0107 wielomian\u00f3w. Przyk\u0142ad konstrukcji cia\u0142a sko\u0144czonego. Cykliczno\u015b\u0107 grupy multiplikatywnej cia\u0142a sko\u0144czonego.\r\n   6. Przestrzenie liniowe i moduly. Zbiory liniowo niezale\u017cne. Bazy. Macierze i przekszta\u0142cenia liniowe. Rz\u0105d macierzy. Algorytm eliminacji Gaussa.\r\n   7. Wyznaczniki. W\u0142asno\u015bci wyznacznik\u00f3w. Rozwiniecie Laplace'a.\r\n   8. R\u00f3wnania liniowe. Zbi\u00f3r rozwiaz\u0105\u0144 uk\u0142adu r\u00f3wna\u0144 liniowych. Dope\u0142nienie ortogonalne podprzestrzeni. Wzory Cramera.\r\n   9. Elementy geometrii. Iloczyn skalarny. Odleg\u0142o\u015b\u0107 punkt\u00f3w. R\u00f3wnania prostych i p\u0142aszczyzn. Izometrie i przekszta\u0142cenia ortogonalne. Wielomian charakterystyczny. Obroty. Wzmianka o kwaternionach.\r\n  10. Nier\u00f3wnosci liniowe. Lemat Farkasa. Zbi\u00f3r rozwiaza\u0144 uk\u0142adu nier\u00f3wno\u015bci liniowych a uwypukleniem zbioru rozwi\u0105za\u0144 bazowych.\r\n  11. Formy dwuliniowe i kwadratowe. R\u00f3wnowazne formy kwadratowe (w pe\u0142nej grupie przekszta\u0142ce\u0144 i grupie ortogonalnej). Metoda Lagrange'a sprowadzania formy kwadratowej do postaci kanonicznej. Sprowadzanie formy kwadratowej do postaci kanonicznej w grupie ortogonalnej."
        }
    }, 
    {
        "pk": 129, 
        "model": "subjects.subject", 
        "fields": {
            "lectures": 30, 
            "name": "Zastosowanie teorii kategorii do konstruowania program\u00f3w", 
            "entity": 129, 
            "semester": 101, 
            "teachers": [
                1006
            ], 
            "exercises": 30, 
            "laboratories": 0, 
            "type": 5, 
            "slug": "zastosowanie-teorii-kategorii-do-konstruowania-programow", 
            "description": "Opis"
        }
    }, 
    {
        "pk": 100, 
        "model": "subjects.group", 
        "fields": {
            "limit": 20, 
            "type": "1", 
            "teacher": 1015, 
            "subject": 100
        }
    }, 
    {
        "pk": 101, 
        "model": "subjects.group", 
        "fields": {
            "limit": 20, 
            "type": "2", 
            "teacher": 1012, 
            "subject": 100
        }
    }, 
    {
        "pk": 102, 
        "model": "subjects.group", 
        "fields": {
            "limit": 20, 
            "type": "2", 
            "teacher": 1012, 
            "subject": 100
        }
    }, 
    {
        "pk": 107, 
        "model": "subjects.group", 
        "fields": {
            "limit": 20, 
            "type": "1", 
            "teacher": 1017, 
            "subject": 103
        }
    }, 
    {
        "pk": 108, 
        "model": "subjects.group", 
        "fields": {
            "limit": 20, 
            "type": "2", 
            "teacher": 1016, 
            "subject": 103
        }
    }, 
    {
        "pk": 109, 
        "model": "subjects.group", 
        "fields": {
            "limit": 20, 
            "type": "1", 
            "teacher": 1016, 
            "subject": 104
        }
    }, 
    {
        "pk": 110, 
        "model": "subjects.group", 
        "fields": {
            "limit": 20, 
            "type": "2", 
            "teacher": 1003, 
            "subject": 104
        }
    }, 
    {
        "pk": 111, 
        "model": "subjects.group", 
        "fields": {
            "limit": 20, 
            "type": "2", 
            "teacher": 1019, 
            "subject": 104
        }
    }, 
    {
        "pk": 112, 
        "model": "subjects.group", 
        "fields": {
            "limit": 20, 
            "type": "1", 
            "teacher": 1015, 
            "subject": 105
        }
    }, 
    {
        "pk": 113, 
        "model": "subjects.group", 
        "fields": {
            "limit": 20, 
            "type": "2", 
            "teacher": 1009, 
            "subject": 105
        }
    }, 
    {
        "pk": 114, 
        "model": "subjects.group", 
        "fields": {
            "limit": 20, 
            "type": "2", 
            "teacher": 1018, 
            "subject": 105
        }
    }, 
    {
        "pk": 115, 
        "model": "subjects.group", 
        "fields": {
            "limit": 20, 
            "type": "2", 
            "teacher": 1007, 
            "subject": 105
        }
    }, 
    {
        "pk": 116, 
        "model": "subjects.group", 
        "fields": {
            "limit": 20, 
            "type": "6", 
            "teacher": 1014, 
            "subject": 106
        }
    }, 
    {
        "pk": 117, 
        "model": "subjects.group", 
        "fields": {
            "limit": 20, 
            "type": "6", 
            "teacher": 1013, 
            "subject": 106
        }
    }, 
    {
        "pk": 118, 
        "model": "subjects.group", 
        "fields": {
            "limit": 20, 
            "type": "6", 
            "teacher": 1006, 
            "subject": 106
        }
    }, 
    {
        "pk": 119, 
        "model": "subjects.group", 
        "fields": {
            "limit": 20, 
            "type": "6", 
            "teacher": 1012, 
            "subject": 106
        }
    }, 
    {
        "pk": 120, 
        "model": "subjects.group", 
        "fields": {
            "limit": 20, 
            "type": "6", 
            "teacher": 1011, 
            "subject": 106
        }
    }, 
    {
        "pk": 128, 
        "model": "subjects.group", 
        "fields": {
            "limit": 20, 
            "type": "6", 
            "teacher": 1017, 
            "subject": 109
        }
    }, 
    {
        "pk": 129, 
        "model": "subjects.group", 
        "fields": {
            "limit": 20, 
            "type": "6", 
            "teacher": 1002, 
            "subject": 109
        }
    }, 
    {
        "pk": 130, 
        "model": "subjects.group", 
        "fields": {
            "limit": 20, 
            "type": "6", 
            "teacher": 1010, 
            "subject": 109
        }
    }, 
    {
        "pk": 131, 
        "model": "subjects.group", 
        "fields": {
            "limit": 20, 
            "type": "6", 
            "teacher": 1015, 
            "subject": 109
        }
    }, 
    {
        "pk": 132, 
        "model": "subjects.group", 
        "fields": {
            "limit": 20, 
            "type": "6", 
            "teacher": 1006, 
            "subject": 110
        }
    }, 
    {
        "pk": 133, 
        "model": "subjects.group", 
        "fields": {
            "limit": 20, 
            "type": "6", 
            "teacher": 1011, 
            "subject": 110
        }
    }, 
    {
        "pk": 134, 
        "model": "subjects.group", 
        "fields": {
            "limit": 20, 
            "type": "6", 
            "teacher": 1015, 
            "subject": 110
        }
    }, 
    {
        "pk": 135, 
        "model": "subjects.group", 
        "fields": {
            "limit": 20, 
            "type": "6", 
            "teacher": 1001, 
            "subject": 110
        }
    }, 
    {
        "pk": 140, 
        "model": "subjects.group", 
        "fields": {
            "limit": 20, 
            "type": "1", 
            "teacher": 1003, 
            "subject": 112
        }
    }, 
    {
        "pk": 141, 
        "model": "subjects.group", 
        "fields": {
            "limit": 20, 
            "type": "2", 
            "teacher": 1012, 
            "subject": 112
        }
    }, 
    {
        "pk": 142, 
        "model": "subjects.group", 
        "fields": {
            "limit": 20, 
            "type": "2", 
            "teacher": 1016, 
            "subject": 112
        }
    }, 
    {
        "pk": 146, 
        "model": "subjects.group", 
        "fields": {
            "limit": 20, 
            "type": "1", 
            "teacher": 1014, 
            "subject": 114
        }
    }, 
    {
        "pk": 147, 
        "model": "subjects.group", 
        "fields": {
            "limit": 20, 
            "type": "3", 
            "teacher": 1005, 
            "subject": 114
        }
    }, 
    {
        "pk": 148, 
        "model": "subjects.group", 
        "fields": {
            "limit": 20, 
            "type": "3", 
            "teacher": 1001, 
            "subject": 114
        }
    }, 
    {
        "pk": 157, 
        "model": "subjects.group", 
        "fields": {
            "limit": 20, 
            "type": "1", 
            "teacher": 1004, 
            "subject": 117
        }
    }, 
    {
        "pk": 158, 
        "model": "subjects.group", 
        "fields": {
            "limit": 20, 
            "type": "2", 
            "teacher": 1016, 
            "subject": 117
        }
    }, 
    {
        "pk": 159, 
        "model": "subjects.group", 
        "fields": {
            "limit": 20, 
            "type": "3", 
            "teacher": 1005, 
            "subject": 117
        }
    }, 
    {
        "pk": 160, 
        "model": "subjects.group", 
        "fields": {
            "limit": 20, 
            "type": "1", 
            "teacher": 1015, 
            "subject": 118
        }
    }, 
    {
        "pk": 161, 
        "model": "subjects.group", 
        "fields": {
            "limit": 20, 
            "type": "3", 
            "teacher": 1001, 
            "subject": 118
        }
    }, 
    {
        "pk": 162, 
        "model": "subjects.group", 
        "fields": {
            "limit": 20, 
            "type": "3", 
            "teacher": 1006, 
            "subject": 118
        }
    }, 
    {
        "pk": 163, 
        "model": "subjects.group", 
        "fields": {
            "limit": 20, 
            "type": "3", 
            "teacher": 1019, 
            "subject": 118
        }
    }, 
    {
        "pk": 164, 
        "model": "subjects.group", 
        "fields": {
            "limit": 20, 
            "type": "3", 
            "teacher": 1004, 
            "subject": 119
        }
    }, 
    {
        "pk": 165, 
        "model": "subjects.group", 
        "fields": {
            "limit": 20, 
            "type": "3", 
            "teacher": 1004, 
            "subject": 119
        }
    }, 
    {
        "pk": 166, 
        "model": "subjects.group", 
        "fields": {
            "limit": 20, 
            "type": "3", 
            "teacher": 1012, 
            "subject": 119
        }
    }, 
    {
        "pk": 167, 
        "model": "subjects.group", 
        "fields": {
            "limit": 20, 
            "type": "3", 
            "teacher": 1007, 
            "subject": 119
        }
    }, 
    {
        "pk": 168, 
        "model": "subjects.group", 
        "fields": {
            "limit": 20, 
            "type": "3", 
            "teacher": 1001, 
            "subject": 119
        }
    }, 
    {
        "pk": 178, 
        "model": "subjects.group", 
        "fields": {
            "limit": 20, 
            "type": "1", 
            "teacher": 1009, 
            "subject": 122
        }
    }, 
    {
        "pk": 179, 
        "model": "subjects.group", 
        "fields": {
            "limit": 20, 
            "type": "3", 
            "teacher": 1010, 
            "subject": 122
        }
    }, 
    {
        "pk": 184, 
        "model": "subjects.group", 
        "fields": {
            "limit": 20, 
            "type": "1", 
            "teacher": 1007, 
            "subject": 124
        }
    }, 
    {
        "pk": 185, 
        "model": "subjects.group", 
        "fields": {
            "limit": 20, 
            "type": "1", 
            "teacher": 1011, 
            "subject": 125
        }
    }, 
    {
        "pk": 186, 
        "model": "subjects.group", 
        "fields": {
            "limit": 20, 
            "type": "2", 
            "teacher": 1013, 
            "subject": 125
        }
    }, 
    {
        "pk": 187, 
        "model": "subjects.group", 
        "fields": {
            "limit": 20, 
            "type": "2", 
            "teacher": 1003, 
            "subject": 125
        }
    }, 
    {
        "pk": 188, 
        "model": "subjects.group", 
        "fields": {
            "limit": 20, 
            "type": "1", 
            "teacher": 1010, 
            "subject": 126
        }
    }, 
    {
        "pk": 189, 
        "model": "subjects.group", 
        "fields": {
            "limit": 20, 
            "type": "5", 
            "teacher": 1007, 
            "subject": 126
        }
    }, 
    {
        "pk": 195, 
        "model": "subjects.group", 
        "fields": {
            "limit": 20, 
            "type": "1", 
            "teacher": 1003, 
            "subject": 128
        }
    }, 
    {
        "pk": 196, 
        "model": "subjects.group", 
        "fields": {
            "limit": 20, 
            "type": "2", 
            "teacher": 1016, 
            "subject": 128
        }
    }, 
    {
        "pk": 197, 
        "model": "subjects.group", 
        "fields": {
            "limit": 20, 
            "type": "2", 
            "teacher": 1003, 
            "subject": 128
        }
    }, 
    {
        "pk": 198, 
        "model": "subjects.group", 
        "fields": {
            "limit": 20, 
            "type": "2", 
            "teacher": 1013, 
            "subject": 128
        }
    }, 
    {
        "pk": 199, 
        "model": "subjects.group", 
        "fields": {
            "limit": 20, 
            "type": "2", 
            "teacher": 1002, 
            "subject": 128
        }
    }, 
    {
        "pk": 100, 
        "model": "subjects.classroom", 
        "fields": {
            "number": "62"
        }
    }, 
    {
        "pk": 101, 
        "model": "subjects.classroom", 
        "fields": {
            "number": "37"
        }
    }, 
    {
        "pk": 102, 
        "model": "subjects.classroom", 
        "fields": {
            "number": "35"
        }
    }, 
    {
        "pk": 103, 
        "model": "subjects.classroom", 
        "fields": {
            "number": "74"
        }
    }, 
    {
        "pk": 104, 
        "model": "subjects.classroom", 
        "fields": {
            "number": "42"
        }
    }, 
    {
        "pk": 105, 
        "model": "subjects.classroom", 
        "fields": {
            "number": "79"
        }
    }, 
    {
        "pk": 106, 
        "model": "subjects.classroom", 
        "fields": {
            "number": "61"
        }
    }, 
    {
        "pk": 107, 
        "model": "subjects.classroom", 
        "fields": {
            "number": "54"
        }
    }, 
    {
        "pk": 108, 
        "model": "subjects.classroom", 
        "fields": {
            "number": "85"
        }
    }, 
    {
        "pk": 109, 
        "model": "subjects.classroom", 
        "fields": {
            "number": "66"
        }
    }, 
    {
        "pk": 110, 
        "model": "subjects.classroom", 
        "fields": {
            "number": "57"
        }
    }, 
    {
        "pk": 111, 
        "model": "subjects.classroom", 
        "fields": {
            "number": "75"
        }
    }, 
    {
        "pk": 112, 
        "model": "subjects.classroom", 
        "fields": {
            "number": "95"
        }
    }, 
    {
        "pk": 113, 
        "model": "subjects.classroom", 
        "fields": {
            "number": "36"
        }
    }, 
    {
        "pk": 114, 
        "model": "subjects.classroom", 
        "fields": {
            "number": "77"
        }
    }, 
    {
        "pk": 115, 
        "model": "subjects.classroom", 
        "fields": {
            "number": "42"
        }
    }, 
    {
        "pk": 116, 
        "model": "subjects.classroom", 
        "fields": {
            "number": "24"
        }
    }, 
    {
        "pk": 117, 
        "model": "subjects.classroom", 
        "fields": {
            "number": "84"
        }
    }, 
    {
        "pk": 118, 
        "model": "subjects.classroom", 
        "fields": {
            "number": "29"
        }
    }, 
    {
        "pk": 119, 
        "model": "subjects.classroom", 
        "fields": {
            "number": "11"
        }
    }, 
    {
        "pk": 100, 
        "model": "subjects.term", 
        "fields": {
            "dayOfWeek": "1", 
            "classroom": 101, 
            "start_time": "16:00:00", 
            "group": 100, 
            "end_time": "18:00:00"
        }
    }, 
    {
        "pk": 101, 
        "model": "subjects.term", 
        "fields": {
            "dayOfWeek": "2", 
            "classroom": 103, 
            "start_time": "10:00:00", 
            "group": 101, 
            "end_time": "12:00:00"
        }
    }, 
    {
        "pk": 102, 
        "model": "subjects.term", 
        "fields": {
            "dayOfWeek": "3", 
            "classroom": 110, 
            "start_time": "14:00:00", 
            "group": 102, 
            "end_time": "16:00:00"
        }
    }, 
    {
        "pk": 107, 
        "model": "subjects.term", 
        "fields": {
            "dayOfWeek": "3", 
            "classroom": 104, 
            "start_time": "16:00:00", 
            "group": 107, 
            "end_time": "18:00:00"
        }
    }, 
    {
        "pk": 108, 
        "model": "subjects.term", 
        "fields": {
            "dayOfWeek": "4", 
            "classroom": 104, 
            "start_time": "12:00:00", 
            "group": 108, 
            "end_time": "14:00:00"
        }
    }, 
    {
        "pk": 109, 
        "model": "subjects.term", 
        "fields": {
            "dayOfWeek": "5", 
            "classroom": 118, 
            "start_time": "14:00:00", 
            "group": 109, 
            "end_time": "16:00:00"
        }
    }, 
    {
        "pk": 110, 
        "model": "subjects.term", 
        "fields": {
            "dayOfWeek": "1", 
            "classroom": 107, 
            "start_time": "16:00:00", 
            "group": 110, 
            "end_time": "18:00:00"
        }
    }, 
    {
        "pk": 111, 
        "model": "subjects.term", 
        "fields": {
            "dayOfWeek": "2", 
            "classroom": 110, 
            "start_time": "12:00:00", 
            "group": 111, 
            "end_time": "14:00:00"
        }
    }, 
    {
        "pk": 112, 
        "model": "subjects.term", 
        "fields": {
            "dayOfWeek": "3", 
            "classroom": 102, 
            "start_time": "16:00:00", 
            "group": 112, 
            "end_time": "18:00:00"
        }
    }, 
    {
        "pk": 113, 
        "model": "subjects.term", 
        "fields": {
            "dayOfWeek": "4", 
            "classroom": 111, 
            "start_time": "10:00:00", 
            "group": 113, 
            "end_time": "12:00:00"
        }
    }, 
    {
        "pk": 114, 
        "model": "subjects.term", 
        "fields": {
            "dayOfWeek": "5", 
            "classroom": 114, 
            "start_time": "14:00:00", 
            "group": 114, 
            "end_time": "16:00:00"
        }
    }, 
    {
        "pk": 115, 
        "model": "subjects.term", 
        "fields": {
            "dayOfWeek": "1", 
            "classroom": 114, 
            "start_time": "14:00:00", 
            "group": 115, 
            "end_time": "16:00:00"
        }
    }, 
    {
        "pk": 116, 
        "model": "subjects.term", 
        "fields": {
            "dayOfWeek": "2", 
            "classroom": 102, 
            "start_time": "16:00:00", 
            "group": 116, 
            "end_time": "18:00:00"
        }
    }, 
    {
        "pk": 117, 
        "model": "subjects.term", 
        "fields": {
            "dayOfWeek": "3", 
            "classroom": 101, 
            "start_time": "12:00:00", 
            "group": 117, 
            "end_time": "14:00:00"
        }
    }, 
    {
        "pk": 118, 
        "model": "subjects.term", 
        "fields": {
            "dayOfWeek": "4", 
            "classroom": 108, 
            "start_time": "12:00:00", 
            "group": 118, 
            "end_time": "14:00:00"
        }
    }, 
    {
        "pk": 119, 
        "model": "subjects.term", 
        "fields": {
            "dayOfWeek": "5", 
            "classroom": 119, 
            "start_time": "14:00:00", 
            "group": 119, 
            "end_time": "16:00:00"
        }
    }, 
    {
        "pk": 120, 
        "model": "subjects.term", 
        "fields": {
            "dayOfWeek": "1", 
            "classroom": 104, 
            "start_time": "10:00:00", 
            "group": 120, 
            "end_time": "12:00:00"
        }
    }, 
    {
        "pk": 128, 
        "model": "subjects.term", 
        "fields": {
            "dayOfWeek": "4", 
            "classroom": 112, 
            "start_time": "10:00:00", 
            "group": 128, 
            "end_time": "12:00:00"
        }
    }, 
    {
        "pk": 129, 
        "model": "subjects.term", 
        "fields": {
            "dayOfWeek": "5", 
            "classroom": 111, 
            "start_time": "12:00:00", 
            "group": 129, 
            "end_time": "14:00:00"
        }
    }, 
    {
        "pk": 130, 
        "model": "subjects.term", 
        "fields": {
            "dayOfWeek": "1", 
            "classroom": 119, 
            "start_time": "14:00:00", 
            "group": 130, 
            "end_time": "16:00:00"
        }
    }, 
    {
        "pk": 131, 
        "model": "subjects.term", 
        "fields": {
            "dayOfWeek": "2", 
            "classroom": 113, 
            "start_time": "12:00:00", 
            "group": 131, 
            "end_time": "14:00:00"
        }
    }, 
    {
        "pk": 132, 
        "model": "subjects.term", 
        "fields": {
            "dayOfWeek": "3", 
            "classroom": 106, 
            "start_time": "14:00:00", 
            "group": 132, 
            "end_time": "16:00:00"
        }
    }, 
    {
        "pk": 133, 
        "model": "subjects.term", 
        "fields": {
            "dayOfWeek": "4", 
            "classroom": 119, 
            "start_time": "16:00:00", 
            "group": 133, 
            "end_time": "18:00:00"
        }
    }, 
    {
        "pk": 134, 
        "model": "subjects.term", 
        "fields": {
            "dayOfWeek": "5", 
            "classroom": 117, 
            "start_time": "14:00:00", 
            "group": 134, 
            "end_time": "16:00:00"
        }
    }, 
    {
        "pk": 135, 
        "model": "subjects.term", 
        "fields": {
            "dayOfWeek": "1", 
            "classroom": 119, 
            "start_time": "14:00:00", 
            "group": 135, 
            "end_time": "16:00:00"
        }
    }, 
    {
        "pk": 140, 
        "model": "subjects.term", 
        "fields": {
            "dayOfWeek": "1", 
            "classroom": 100, 
            "start_time": "16:00:00", 
            "group": 140, 
            "end_time": "18:00:00"
        }
    }, 
    {
        "pk": 141, 
        "model": "subjects.term", 
        "fields": {
            "dayOfWeek": "2", 
            "classroom": 114, 
            "start_time": "12:00:00", 
            "group": 141, 
            "end_time": "14:00:00"
        }
    }, 
    {
        "pk": 142, 
        "model": "subjects.term", 
        "fields": {
            "dayOfWeek": "3", 
            "classroom": 105, 
            "start_time": "14:00:00", 
            "group": 142, 
            "end_time": "16:00:00"
        }
    }, 
    {
        "pk": 146, 
        "model": "subjects.term", 
        "fields": {
            "dayOfWeek": "2", 
            "classroom": 110, 
            "start_time": "10:00:00", 
            "group": 146, 
            "end_time": "12:00:00"
        }
    }, 
    {
        "pk": 147, 
        "model": "subjects.term", 
        "fields": {
            "dayOfWeek": "3", 
            "classroom": 118, 
            "start_time": "12:00:00", 
            "group": 147, 
            "end_time": "14:00:00"
        }
    }, 
    {
        "pk": 148, 
        "model": "subjects.term", 
        "fields": {
            "dayOfWeek": "4", 
            "classroom": 112, 
            "start_time": "10:00:00", 
            "group": 148, 
            "end_time": "12:00:00"
        }
    }, 
    {
        "pk": 157, 
        "model": "subjects.term", 
        "fields": {
            "dayOfWeek": "3", 
            "classroom": 101, 
            "start_time": "16:00:00", 
            "group": 157, 
            "end_time": "18:00:00"
        }
    }, 
    {
        "pk": 158, 
        "model": "subjects.term", 
        "fields": {
            "dayOfWeek": "4", 
            "classroom": 103, 
            "start_time": "14:00:00", 
            "group": 158, 
            "end_time": "16:00:00"
        }
    }, 
    {
        "pk": 159, 
        "model": "subjects.term", 
        "fields": {
            "dayOfWeek": "5", 
            "classroom": 103, 
            "start_time": "16:00:00", 
            "group": 159, 
            "end_time": "18:00:00"
        }
    }, 
    {
        "pk": 160, 
        "model": "subjects.term", 
        "fields": {
            "dayOfWeek": "1", 
            "classroom": 113, 
            "start_time": "10:00:00", 
            "group": 160, 
            "end_time": "12:00:00"
        }
    }, 
    {
        "pk": 161, 
        "model": "subjects.term", 
        "fields": {
            "dayOfWeek": "2", 
            "classroom": 104, 
            "start_time": "16:00:00", 
            "group": 161, 
            "end_time": "18:00:00"
        }
    }, 
    {
        "pk": 162, 
        "model": "subjects.term", 
        "fields": {
            "dayOfWeek": "3", 
            "classroom": 109, 
            "start_time": "16:00:00", 
            "group": 162, 
            "end_time": "18:00:00"
        }
    }, 
    {
        "pk": 163, 
        "model": "subjects.term", 
        "fields": {
            "dayOfWeek": "4", 
            "classroom": 112, 
            "start_time": "16:00:00", 
            "group": 163, 
            "end_time": "18:00:00"
        }
    }, 
    {
        "pk": 164, 
        "model": "subjects.term", 
        "fields": {
            "dayOfWeek": "5", 
            "classroom": 100, 
            "start_time": "12:00:00", 
            "group": 164, 
            "end_time": "14:00:00"
        }
    }, 
    {
        "pk": 165, 
        "model": "subjects.term", 
        "fields": {
            "dayOfWeek": "1", 
            "classroom": 103, 
            "start_time": "16:00:00", 
            "group": 165, 
            "end_time": "18:00:00"
        }
    }, 
    {
        "pk": 166, 
        "model": "subjects.term", 
        "fields": {
            "dayOfWeek": "2", 
            "classroom": 113, 
            "start_time": "10:00:00", 
            "group": 166, 
            "end_time": "12:00:00"
        }
    }, 
    {
        "pk": 167, 
        "model": "subjects.term", 
        "fields": {
            "dayOfWeek": "3", 
            "classroom": 105, 
            "start_time": "16:00:00", 
            "group": 167, 
            "end_time": "18:00:00"
        }
    }, 
    {
        "pk": 168, 
        "model": "subjects.term", 
        "fields": {
            "dayOfWeek": "4", 
            "classroom": 111, 
            "start_time": "10:00:00", 
            "group": 168, 
            "end_time": "12:00:00"
        }
    }, 
    {
        "pk": 178, 
        "model": "subjects.term", 
        "fields": {
            "dayOfWeek": "4", 
            "classroom": 112, 
            "start_time": "12:00:00", 
            "group": 178, 
            "end_time": "14:00:00"
        }
    }, 
    {
        "pk": 179, 
        "model": "subjects.term", 
        "fields": {
            "dayOfWeek": "5", 
            "classroom": 106, 
            "start_time": "14:00:00", 
            "group": 179, 
            "end_time": "16:00:00"
        }
    }, 
    {
        "pk": 184, 
        "model": "subjects.term", 
        "fields": {
            "dayOfWeek": "5", 
            "classroom": 104, 
            "start_time": "12:00:00", 
            "group": 184, 
            "end_time": "14:00:00"
        }
    }, 
    {
        "pk": 185, 
        "model": "subjects.term", 
        "fields": {
            "dayOfWeek": "1", 
            "classroom": 111, 
            "start_time": "10:00:00", 
            "group": 185, 
            "end_time": "12:00:00"
        }
    }, 
    {
        "pk": 186, 
        "model": "subjects.term", 
        "fields": {
            "dayOfWeek": "2", 
            "classroom": 111, 
            "start_time": "14:00:00", 
            "group": 186, 
            "end_time": "16:00:00"
        }
    }, 
    {
        "pk": 187, 
        "model": "subjects.term", 
        "fields": {
            "dayOfWeek": "3", 
            "classroom": 109, 
            "start_time": "12:00:00", 
            "group": 187, 
            "end_time": "14:00:00"
        }
    }, 
    {
        "pk": 188, 
        "model": "subjects.term", 
        "fields": {
            "dayOfWeek": "4", 
            "classroom": 107, 
            "start_time": "12:00:00", 
            "group": 188, 
            "end_time": "14:00:00"
        }
    }, 
    {
        "pk": 189, 
        "model": "subjects.term", 
        "fields": {
            "dayOfWeek": "5", 
            "classroom": 106, 
            "start_time": "14:00:00", 
            "group": 189, 
            "end_time": "16:00:00"
        }
    }, 
    {
        "pk": 195, 
        "model": "subjects.term", 
        "fields": {
            "dayOfWeek": "1", 
            "classroom": 118, 
            "start_time": "14:00:00", 
            "group": 195, 
            "end_time": "16:00:00"
        }
    }, 
    {
        "pk": 196, 
        "model": "subjects.term", 
        "fields": {
            "dayOfWeek": "2", 
            "classroom": 112, 
            "start_time": "16:00:00", 
            "group": 196, 
            "end_time": "18:00:00"
        }
    }, 
    {
        "pk": 197, 
        "model": "subjects.term", 
        "fields": {
            "dayOfWeek": "3", 
            "classroom": 105, 
            "start_time": "16:00:00", 
            "group": 197, 
            "end_time": "18:00:00"
        }
    }, 
    {
        "pk": 198, 
        "model": "subjects.term", 
        "fields": {
            "dayOfWeek": "4", 
            "classroom": 105, 
            "start_time": "12:00:00", 
            "group": 198, 
            "end_time": "14:00:00"
        }
    }, 
    {
        "pk": 100, 
        "model": "subjects.semester", 
        "fields": {
            "records_opening": "2010-02-01 00:00:00", 
            "visible": true, 
            "type": "l", 
            "records_closing": "2010-02-15 00:00:00", 
            "year": 2009
        }
    }, 
    {
        "pk": 101, 
        "model": "subjects.semester", 
        "fields": {
            "records_opening": "2010-09-25 00:00:00", 
            "visible": true, 
            "type": "z", 
            "records_closing": "2010-10-15 00:00:00", 
            "year": 2010
        }
    }, 
    {
        "pk": 102, 
        "model": "records.record", 
        "fields": {
            "status": "1", 
            "group": 162, 
            "student": 110
        }
    }, 
    {
        "pk": 103, 
        "model": "records.record", 
        "fields": {
            "status": "1", 
            "group": 109, 
            "student": 135
        }
    }, 
    {
        "pk": 105, 
        "model": "records.record", 
        "fields": {
            "status": "1", 
            "group": 157, 
            "student": 139
        }
    }, 
    {
        "pk": 106, 
        "model": "records.record", 
        "fields": {
            "status": "1", 
            "group": 184, 
            "student": 122
        }
    }, 
    {
        "pk": 107, 
        "model": "records.record", 
        "fields": {
            "status": "1", 
            "group": 112, 
            "student": 130
        }
    }, 
    {
        "pk": 109, 
        "model": "records.record", 
        "fields": {
            "status": "1", 
            "group": 120, 
            "student": 131
        }
    }, 
    {
        "pk": 110, 
        "model": "records.record", 
        "fields": {
            "status": "1", 
            "group": 188, 
            "student": 100
        }
    }, 
    {
        "pk": 111, 
        "model": "records.record", 
        "fields": {
            "status": "1", 
            "group": 128, 
            "student": 121
        }
    }, 
    {
        "pk": 114, 
        "model": "records.record", 
        "fields": {
            "status": "1", 
            "group": 133, 
            "student": 126
        }
    }, 
    {
        "pk": 117, 
        "model": "records.record", 
        "fields": {
            "status": "1", 
            "group": 179, 
            "student": 129
        }
    }, 
    {
        "pk": 119, 
        "model": "records.record", 
        "fields": {
            "status": "1", 
            "group": 148, 
            "student": 127
        }
    }, 
    {
        "pk": 124, 
        "model": "records.record", 
        "fields": {
            "status": "1", 
            "group": 162, 
            "student": 127
        }
    }, 
    {
        "pk": 126, 
        "model": "records.record", 
        "fields": {
            "status": "1", 
            "group": 199, 
            "student": 109
        }
    }, 
    {
        "pk": 127, 
        "model": "records.record", 
        "fields": {
            "status": "1", 
            "group": 128, 
            "student": 135
        }
    }, 
    {
        "pk": 128, 
        "model": "records.record", 
        "fields": {
            "status": "1", 
            "group": 101, 
            "student": 108
        }
    }, 
    {
        "pk": 129, 
        "model": "records.record", 
        "fields": {
            "status": "1", 
            "group": 189, 
            "student": 127
        }
    }, 
    {
        "pk": 130, 
        "model": "records.record", 
        "fields": {
            "status": "1", 
            "group": 158, 
            "student": 115
        }
    }, 
    {
        "pk": 137, 
        "model": "records.record", 
        "fields": {
            "status": "1", 
            "group": 134, 
            "student": 139
        }
    }, 
    {
        "pk": 141, 
        "model": "records.record", 
        "fields": {
            "status": "1", 
            "group": 157, 
            "student": 100
        }
    }, 
    {
        "pk": 143, 
        "model": "records.record", 
        "fields": {
            "status": "1", 
            "group": 199, 
            "student": 136
        }
    }, 
    {
        "pk": 147, 
        "model": "records.record", 
        "fields": {
            "status": "1", 
            "group": 116, 
            "student": 115
        }
    }, 
    {
        "pk": 150, 
        "model": "records.record", 
        "fields": {
            "status": "1", 
            "group": 112, 
            "student": 103
        }
    }, 
    {
        "pk": 152, 
        "model": "records.record", 
        "fields": {
            "status": "1", 
            "group": 142, 
            "student": 122
        }
    }, 
    {
        "pk": 154, 
        "model": "records.record", 
        "fields": {
            "status": "1", 
            "group": 131, 
            "student": 116
        }
    }, 
    {
        "pk": 156, 
        "model": "records.record", 
        "fields": {
            "status": "1", 
            "group": 198, 
            "student": 111
        }
    }, 
    {
        "pk": 158, 
        "model": "records.record", 
        "fields": {
            "status": "1", 
            "group": 165, 
            "student": 114
        }
    }, 
    {
        "pk": 160, 
        "model": "records.record", 
        "fields": {
            "status": "1", 
            "group": 111, 
            "student": 109
        }
    }, 
    {
        "pk": 162, 
        "model": "records.record", 
        "fields": {
            "status": "1", 
            "group": 114, 
            "student": 130
        }
    }, 
    {
        "pk": 163, 
        "model": "records.record", 
        "fields": {
            "status": "1", 
            "group": 114, 
            "student": 139
        }
    }, 
    {
        "pk": 166, 
        "model": "records.record", 
        "fields": {
            "status": "1", 
            "group": 141, 
            "student": 133
        }
    }, 
    {
        "pk": 170, 
        "model": "records.record", 
        "fields": {
            "status": "1", 
            "group": 117, 
            "student": 104
        }
    }, 

    {
        "pk": 172, 
        "model": "records.record", 
        "fields": {
            "status": "1", 
            "group": 100, 
            "student": 113
        }
    }, 
    {
        "pk": 173, 
        "model": "records.record", 
        "fields": {
            "status": "1", 
            "group": 141, 
            "student": 109
        }
    }, 
    {
        "pk": 174, 
        "model": "records.record", 
        "fields": {
            "status": "1", 
            "group": 160, 
            "student": 127
        }
    }, 
    {
        "pk": 177, 
        "model": "records.record", 
        "fields": {
            "status": "1", 
            "group": 178, 
            "student": 103
        }
    }, 
    {
        "pk": 179, 
        "model": "records.record", 
        "fields": {
            "status": "1", 
            "group": 142, 
            "student": 101
        }
    }, 
    {
        "pk": 180, 
        "model": "records.record", 
        "fields": {
            "status": "1", 
            "group": 133, 
            "student": 107
        }
    }, 

    {
        "pk": 182, 
        "model": "records.record", 
        "fields": {
            "status": "1", 
            "group": 109, 
            "student": 116
        }
    }, 
    {
        "pk": 183, 
        "model": "records.record", 
        "fields": {
            "status": "1", 
            "group": 130, 
            "student": 132
        }
    }, 
    {
        "pk": 185, 
        "model": "records.record", 
        "fields": {
            "status": "1", 
            "group": 195, 
            "student": 134
        }
    },
    {
        "pk": 189, 
        "model": "records.record", 
        "fields": {
            "status": "1", 
            "group": 186, 
            "student": 126
        }
    }, 
    {
        "pk": 191, 
        "model": "records.record", 
        "fields": {
            "status": "1", 
            "group": 101, 
            "student": 124
        }
    }, 
    {
        "pk": 194, 
        "model": "records.record", 
        "fields": {
            "status": "1", 
            "group": 167, 
            "student": 121
        }
    }, 
    {
        "pk": 195, 
        "model": "records.record", 
        "fields": {
            "status": "1", 
            "group": 196, 
            "student": 129
        }
    }, 
    {
        "pk": 197, 
        "model": "records.record", 
        "fields": {
            "status": "1", 
            "group": 147, 
            "student": 106
        }
    }, 
    {
        "pk": 198, 
        "model": "records.record", 
        "fields": {
            "status": "1", 
            "group": 102, 
            "student": 113
        }
    }, 
    {
        "pk": 199, 
        "model": "records.record", 
        "fields": {
            "status": "1", 
            "group": 146, 
            "student": 127
        }
    }, 
    {
        "pk": 200, 
        "model": "records.record", 
        "fields": {
            "status": "1", 
            "group": 178, 
            "student": 137
        }
    }, 
    {
        "pk": 202, 
        "model": "records.record", 
        "fields": {
            "status": "1", 
            "group": 186, 
            "student": 104
        }
    }, 
    {
        "pk": 205, 
        "model": "records.record", 
        "fields": {
            "status": "1", 
            "group": 115, 
            "student": 116
        }
    }, 
    {
        "pk": 207, 
        "model": "records.record", 
        "fields": {
            "status": "1", 
            "group": 132, 
            "student": 122
        }
    }, 

    {
        "pk": 211, 
        "model": "records.record", 
        "fields": {
            "status": "1", 
            "group": 109, 
            "student": 106
        }
    }, 
    {
        "pk": 212, 
        "model": "records.record", 
        "fields": {
            "status": "1", 
            "group": 140, 
            "student": 116
        }
    }, 
    {
        "pk": 213, 
        "model": "records.record", 
        "fields": {
            "status": "1", 
            "group": 112, 
            "student": 110
        }
    }, 
    {
        "pk": 215, 
        "model": "records.record", 
        "fields": {
            "status": "1", 
            "group": 146, 
            "student": 136
        }
    }, 
    {
        "pk": 217, 
        "model": "records.record", 
        "fields": {
            "status": "1", 
            "group": 107, 
            "student": 115
        }
    }, 
    {
        "pk": 219, 
        "model": "records.record", 
        "fields": {
            "status": "1", 
            "group": 168, 
            "student": 113
        }
    }, 
    {
        "pk": 223, 
        "model": "records.record", 
        "fields": {
            "status": "1", 
            "group": 163, 
            "student": 121
        }
    }, 
    {
        "pk": 224, 
        "model": "records.record", 
        "fields": {
            "status": "1", 
            "group": 117, 
            "student": 128
        }
    }, 
    {
        "pk": 225, 
        "model": "records.record", 
        "fields": {
            "status": "1", 
            "group": 133, 
            "student": 119
        }
    }, 
    {
        "pk": 226, 
        "model": "records.record", 
        "fields": {
            "status": "1", 
            "group": 134, 
            "student": 102
        }
    }, 
    {
        "pk": 227, 
        "model": "records.record", 
        "fields": {
            "status": "1", 
            "group": 165, 
            "student": 110
        }
    }, 
    {
        "pk": 228, 
        "model": "records.record", 
        "fields": {
            "status": "1", 
            "group": 109, 
            "student": 138
        }
    }, 
    {
        "pk": 230, 
        "model": "records.record", 
        "fields": {
            "status": "1", 
            "group": 165, 
            "student": 102
        }
    }, 
    {
        "pk": 239, 
        "model": "records.record", 
        "fields": {
            "status": "1", 
            "group": 117, 
            "student": 100
        }
    }, 
    {
        "pk": 246, 
        "model": "records.record", 
        "fields": {
            "status": "1", 
            "group": 178, 
            "student": 128
        }
    }, 
    {
        "pk": 250, 
        "model": "records.record", 
        "fields": {
            "status": "1", 
            "group": 166, 
            "student": 100
        }
    }, 
    {
        "pk": 251, 
        "model": "records.record", 
        "fields": {
            "status": "1", 
            "group": 117, 
            "student": 118
        }
    }, 
    {
        "pk": 252, 
        "model": "records.record", 
        "fields": {
            "status": "1", 
            "group": 109, 
            "student": 125
        }
    }, 
    {
        "pk": 253, 
        "model": "records.record", 
        "fields": {
            "status": "1", 
            "group": 130, 
            "student": 139
        }
    }, 
    {
        "pk": 254, 
        "model": "records.record", 
        "fields": {
            "status": "1", 
            "group": 100, 
            "student": 108
        }
    }, 
    {
        "pk": 257, 
        "model": "records.record", 
        "fields": {
            "status": "1", 
            "group": 157, 
            "student": 115
        }
    }, 
    {
        "pk": 259, 
        "model": "records.record", 
        "fields": {
            "status": "1", 
            "group": 186, 
            "student": 133
        }
    }, 
    {
        "pk": 260, 
        "model": "records.record", 
        "fields": {
            "status": "1", 
            "group": 129, 
            "student": 137
        }
    }, 
    {
        "pk": 261, 
        "model": "records.record", 
        "fields": {
            "status": "1", 
            "group": 113, 
            "student": 127
        }
    }, 
    {
        "pk": 263, 
        "model": "records.record", 
        "fields": {
            "status": "1", 
            "group": 132, 
            "student": 125
        }
    }, 
    {
        "pk": 271, 
        "model": "records.record", 
        "fields": {
            "status": "1", 
            "group": 158, 
            "student": 128
        }
    }, 
    {
        "pk": 272, 
        "model": "records.record", 
        "fields": {
            "status": "1", 
            "group": 131, 
            "student": 136
        }
    }, 
    {
        "pk": 273, 
        "model": "records.record", 
        "fields": {
            "status": "1", 
            "group": 111, 
            "student": 138
        }
    }, 
    {
        "pk": 275, 
        "model": "records.record", 
        "fields": {
            "status": "1", 
            "group": 115, 
            "student": 134
        }
    }, 

    {
        "pk": 277, 
        "model": "records.record", 
        "fields": {
            "status": "1", 
            "group": 185, 
            "student": 100
        }
    }, 
    {
        "pk": 279, 
        "model": "records.record", 
        "fields": {
            "status": "1", 
            "group": 165, 
            "student": 106
        }
    }, 
    {
        "pk": 283, 
        "model": "records.record", 
        "fields": {
            "status": "1", 
            "group": 184, 
            "student": 131
        }
    }, 
    {
        "pk": 287, 
        "model": "records.record", 
        "fields": {
            "status": "1", 
            "group": 111, 
            "student": 113
        }
    }, 
    {
        "pk": 288, 
        "model": "records.record", 
        "fields": {
            "status": "1", 
            "group": 168, 
            "student": 107
        }
    }, 
    {
        "pk": 291, 
        "model": "records.record", 
        "fields": {
            "status": "1", 
            "group": 199, 
            "student": 131
        }
    }, 
    {
        "pk": 292, 
        "model": "records.record", 
        "fields": {
            "status": "1", 
            "group": 187, 
            "student": 116
        }
    }, 
    {
        "pk": 296, 
        "model": "records.record", 
        "fields": {
            "status": "1", 
            "group": 130, 
            "student": 111
        }
    }, 
    {
        "pk": 297, 
        "model": "records.record", 
        "fields": {
            "status": "1", 
            "group": 196, 
            "student": 123
        }
    }, 
    {
        "pk": 300, 
        "model": "records.record", 
        "fields": {
            "status": "1", 
            "group": 178, 
            "student": 127
        }
    }, 
    {
        "pk": 301, 
        "model": "records.record", 
        "fields": {
            "status": "1", 
            "group": 102, 
            "student": 112
        }
    }, 
    {
        "pk": 303, 
        "model": "records.record", 
        "fields": {
            "status": "1", 
            "group": 165, 
            "student": 123
        }
    }, 
    {
        "pk": 305, 
        "model": "records.record", 
        "fields": {
            "status": "1", 
            "group": 148, 
            "student": 129
        }
    }, 
    {
        "pk": 306, 
        "model": "records.record", 
        "fields": {
            "status": "1", 
            "group": 162, 
            "student": 119
        }
    }, 
    {
        "pk": 307, 
        "model": "records.record", 
        "fields": {
            "status": "1", 
            "group": 160, 
            "student": 105
        }
    }, 
    {
        "pk": 311, 
        "model": "records.record", 
        "fields": {
            "status": "1", 
            "group": 167, 
            "student": 112
        }
    }, 
    {
        "pk": 312, 
        "model": "records.record", 
        "fields": {
            "status": "1", 
            "group": 178, 
            "student": 129
        }
    }, 
    {
        "pk": 313, 
        "model": "records.record", 
        "fields": {
            "status": "1", 
            "group": 167, 
            "student": 139
        }
    }, 
    {
        "pk": 314, 
        "model": "records.record", 
        "fields": {
            "status": "1", 
            "group": 188, 
            "student": 125
        }
    }, 
    {
        "pk": 314, 
        "model": "records.record", 
        "fields": {
            "status": "1", 
            "group": 185, 
            "student": 133
        }
    }, 
    {
        "pk": 316, 
        "model": "records.record", 
        "fields": {
            "status": "1", 
            "group": 120, 
            "student": 112
        }
    }, 
    {
        "pk": 317, 
        "model": "records.record", 
        "fields": {
            "status": "1", 
            "group": 102, 
            "student": 116
        }
    }, 
    {
        "pk": 319, 
        "model": "records.record", 
        "fields": {
            "status": "1", 
            "group": 115, 
            "student": 114
        }
    }, 
    {
        "pk": 326, 
        "model": "records.record", 
        "fields": {
            "status": "1", 
            "group": 112, 
            "student": 105
        }
    }, 
    {
        "pk": 327, 
        "model": "records.record", 
        "fields": {
            "status": "1", 
            "group": 186, 
            "student": 122
        }
    }, 
    {
        "pk": 328, 
        "model": "records.record", 
        "fields": {
            "status": "1", 
            "group": 101, 
            "student": 125
        }
    }, 
    {
        "pk": 330, 
        "model": "records.record", 
        "fields": {
            "status": "1", 
            "group": 134, 
            "student": 116
        }
    }, 
    {
        "pk": 331, 
        "model": "records.record", 
        "fields": {
            "status": "1", 
            "group": 147, 
            "student": 115
        }
    }, 
    {
        "pk": 332, 
        "model": "records.record", 
        "fields": {
            "status": "1", 
            "group": 168, 
            "student": 117
        }
    }, 
    {
        "pk": 336, 
        "model": "records.record", 
        "fields": {
            "status": "1", 
            "group": 146, 
            "student": 124
        }
    }, 
    {
        "pk": 337, 
        "model": "records.record", 
        "fields": {
            "status": "1", 
            "group": 140, 
            "student": 134
        }
    }, 
    {
        "pk": 338, 
        "model": "records.record", 
        "fields": {
            "status": "1", 
            "group": 164, 
            "student": 111
        }
    }, 
    {
        "pk": 339, 
        "model": "records.record", 
        "fields": {
            "status": "1", 
            "group": 133, 
            "student": 121
        }
    }, 
    {
        "pk": 415, 
        "model": "records.record", 
        "fields": {
            "status": "1", 
            "group": 185, 
            "student": 126
        }
    }, 
    {
        "pk": 416, 
        "model": "records.record", 
        "fields": {
            "status": "1", 
            "group": 185, 
            "student": 104
        }
    }, 
    {
        "pk": 417, 
        "model": "records.record", 
        "fields": {
            "status": "1", 
            "group": 185, 
            "student": 132
        }
    }, 
    {
        "pk": 418, 
        "model": "records.record", 
        "fields": {
            "status": "1", 
            "group": 185, 
            "student": 122
        }
    }, 
    {
        "pk": 419, 
        "model": "records.record", 
        "fields": {
            "status": "1", 
            "group": 185, 
            "student": 115
        }
    }, 
    {
        "pk": 420, 
        "model": "records.record", 
        "fields": {
            "status": "1", 
            "group": 195, 
            "student": 129
        }
    }, 
    {
        "pk": 421, 
        "model": "records.record", 
        "fields": {
            "status": "1", 
            "group": 195, 
            "student": 123
        }
    }, 
    {
        "pk": 422, 
        "model": "records.record", 
        "fields": {
            "status": "1", 
            "group": 195, 
            "student": 111
        }
    }, 
    {
        "pk": 423, 
        "model": "records.record", 
        "fields": {
            "status": "1", 
            "group": 195, 
            "student": 109
        }
    }, 
    {
        "pk": 424, 
        "model": "records.record", 
        "fields": {
            "status": "1", 
            "group": 195, 
            "student": 136
        }
    }, 
    {
        "pk": 425, 
        "model": "records.record", 
        "fields": {
            "status": "1", 
            "group": 195, 
            "student": 131
        }
    }, 
    {
        "pk": 426, 
        "model": "records.record", 
        "fields": {
            "status": "1", 
            "group": 188, 
            "student": 127
        }
    }, 
    {
        "pk": 429, 
        "model": "records.record", 
        "fields": {
            "status": "1", 
            "group": 160, 
            "student": 110
        }
    }, 
    {
        "pk": 430, 
        "model": "records.record", 
        "fields": {
            "status": "1", 
            "group": 160, 
            "student": 119
        }
    }, 
    {
        "pk": 431, 
        "model": "records.record", 
        "fields": {
            "status": "1", 
            "group": 160, 
            "student": 121
        }
    }, 
    {
        "pk": 432, 
        "model": "records.record", 
        "fields": {
            "status": "1", 
            "group": 157, 
            "student": 128
        }
    }, 
    {
        "pk": 433, 
        "model": "records.record", 
        "fields": {
            "status": "1", 
            "group": 146, 
            "student": 115
        }
    }, 
    {
        "pk": 434, 
        "model": "records.record", 
        "fields": {
            "status": "1", 
            "group": 146, 
            "student": 106
        }
    }, 
    {
        "pk": 435, 
        "model": "records.record", 
        "fields": {
            "status": "1", 
            "group": 140, 
            "student": 133
        }
    }, 
    {
        "pk": 436, 
        "model": "records.record", 
        "fields": {
            "status": "1", 
            "group": 140, 
            "student": 109
        }
    }, 
    {
        "pk": 437, 
        "model": "records.record", 
        "fields": {
            "status": "1", 
            "group": 140, 
            "student": 101
        }
    }, 
    {
        "pk": 438, 
        "model": "records.record", 
        "fields": {
            "status": "1", 
            "group": 140, 
            "student": 122
        }
    }, 
    {
        "pk": 439, 
        "model": "records.record", 
        "fields": {
            "status": "1", 
            "group": 112, 
            "student": 116
        }
    }, 
    {
        "pk": 440, 
        "model": "records.record", 
        "fields": {
            "status": "1", 
            "group": 112, 
            "student": 114
        }
    }, 
    {
        "pk": 441, 
        "model": "records.record", 
        "fields": {
            "status": "1", 
            "group": 112, 
            "student": 127
        }
    }, 
    {
        "pk": 442, 
        "model": "records.record", 
        "fields": {
            "status": "1", 
            "group": 111, 
            "student": 130
        }
    }, 
    {
        "pk": 443, 
        "model": "records.record", 
        "fields": {
            "status": "1", 
            "group": 112, 
            "student": 139
        }
    }, 
    {
        "pk": 444, 
        "model": "records.record", 
        "fields": {
            "status": "1", 
            "group": 112, 
            "student": 134
        }
    }, 
    {
        "pk": 445, 
        "model": "records.record", 
        "fields": {
            "status": "1", 
            "group": 100, 
            "student": 124
        }
    }, 
    {
        "pk": 446, 
        "model": "records.record", 
        "fields": {
            "status": "1", 
            "group": 100, 
            "student": 125
        }
    }, 
    {
        "pk": 447, 
        "model": "records.record", 
        "fields": {
            "status": "1", 
            "group": 100, 
            "student": 112
        }
    }, 
    {
        "pk": 448, 
        "model": "records.record", 
        "fields": {
            "status": "1", 
            "group": 100, 
            "student": 116
        }
    }, 
    {
        "pk": 449, 
        "model": "records.record", 
        "fields": {
            "status": "1", 
            "group": 109, 
            "student": 109
        }
    }, 
    {
        "pk": 450, 
        "model": "records.record", 
        "fields": {
            "status": "1", 
            "group": 109, 
            "student": 113
        }
    }, 
    {
        "pk": 451, 
        "model": "records.record", 
        "fields": {
            "status": "1", 
            "group": 109, 
            "student": 130
        }
    }, 
    {
        "pk": 1000, 
        "model": "users.employee", 
        "fields": {
            "consultations": "pn 10:00 - 12:00", 
            "receive_mass_mail_offer": true, 
            "user": 1000, 
            "receive_mass_mail_enrollment": true
        }
    }, 
    {
        "pk": 1001, 
        "model": "users.employee", 
        "fields": {
            "consultations": "pn 10:00 - 12:00", 
            "receive_mass_mail_offer": true, 
            "user": 1001, 
            "receive_mass_mail_enrollment": true
        }
    }, 
    {
        "pk": 1002, 
        "model": "users.employee", 
        "fields": {
            "consultations": "pn 10:00 - 12:00", 
            "receive_mass_mail_offer": true, 
            "user": 1002, 
            "receive_mass_mail_enrollment": true
        }
    }, 
    {
        "pk": 1003, 
        "model": "users.employee", 
        "fields": {
            "consultations": "pn 10:00 - 12:00", 
            "receive_mass_mail_offer": true, 
            "user": 1003, 
            "receive_mass_mail_enrollment": true
        }
    }, 
    {
        "pk": 1004, 
        "model": "users.employee", 
        "fields": {
            "consultations": "pn 10:00 - 12:00", 
            "receive_mass_mail_offer": true, 
            "user": 1004, 
            "receive_mass_mail_enrollment": true
        }
    }, 
    {
        "pk": 1005, 
        "model": "users.employee", 
        "fields": {
            "consultations": "pn 10:00 - 12:00", 
            "receive_mass_mail_offer": true, 
            "user": 1005, 
            "receive_mass_mail_enrollment": true
        }
    }, 
    {
        "pk": 1006, 
        "model": "users.employee", 
        "fields": {
            "consultations": "pn 10:00 - 12:00", 
            "receive_mass_mail_offer": true, 
            "user": 1006, 
            "receive_mass_mail_enrollment": true
        }
    }, 
    {
        "pk": 1007, 
        "model": "users.employee", 
        "fields": {
            "consultations": "pn 10:00 - 12:00", 
            "receive_mass_mail_offer": true, 
            "user": 1007, 
            "receive_mass_mail_enrollment": true
        }
    }, 
    {
        "pk": 1008, 
        "model": "users.employee", 
        "fields": {
            "consultations": "pn 10:00 - 12:00", 
            "receive_mass_mail_offer": true, 
            "user": 1008, 
            "receive_mass_mail_enrollment": true
        }
    }, 
    {
        "pk": 1009, 
        "model": "users.employee", 
        "fields": {
            "consultations": "pn 10:00 - 12:00", 
            "receive_mass_mail_offer": true, 
            "user": 1009, 
            "receive_mass_mail_enrollment": true
        }
    }, 
    {
        "pk": 1010, 
        "model": "users.employee", 
        "fields": {
            "consultations": "pn 10:00 - 12:00", 
            "receive_mass_mail_offer": true, 
            "user": 1010, 
            "receive_mass_mail_enrollment": true
        }
    }, 
    {
        "pk": 1011, 
        "model": "users.employee", 
        "fields": {
            "consultations": "pn 10:00 - 12:00", 
            "receive_mass_mail_offer": true, 
            "user": 1011, 
            "receive_mass_mail_enrollment": true
        }
    }, 
    {
        "pk": 1012, 
        "model": "users.employee", 
        "fields": {
            "consultations": "pn 10:00 - 12:00", 
            "receive_mass_mail_offer": true, 
            "user": 1012, 
            "receive_mass_mail_enrollment": true
        }
    }, 
    {
        "pk": 1013, 
        "model": "users.employee", 
        "fields": {
            "consultations": "pn 10:00 - 12:00", 
            "receive_mass_mail_offer": true, 
            "user": 1013, 
            "receive_mass_mail_enrollment": true
        }
    }, 
    {
        "pk": 1014, 
        "model": "users.employee", 
        "fields": {
            "consultations": "pn 10:00 - 12:00", 
            "receive_mass_mail_offer": true, 
            "user": 1014, 
            "receive_mass_mail_enrollment": true
        }
    }, 
    {
        "pk": 1015, 
        "model": "users.employee", 
        "fields": {
            "consultations": "pn 10:00 - 12:00", 
            "receive_mass_mail_offer": true, 
            "user": 1015, 
            "receive_mass_mail_enrollment": true
        }
    }, 
    {
        "pk": 1016, 
        "model": "users.employee", 
        "fields": {
            "consultations": "pn 10:00 - 12:00", 
            "receive_mass_mail_offer": true, 
            "user": 1016, 
            "receive_mass_mail_enrollment": true
        }
    }, 
    {
        "pk": 1017, 
        "model": "users.employee", 
        "fields": {
            "consultations": "pn 10:00 - 12:00", 
            "receive_mass_mail_offer": true, 
            "user": 1017, 
            "receive_mass_mail_enrollment": true
        }
    }, 
    {
        "pk": 1018, 
        "model": "users.employee", 
        "fields": {
            "consultations": "pn 10:00 - 12:00", 
            "receive_mass_mail_offer": true, 
            "user": 1018, 
            "receive_mass_mail_enrollment": true
        }
    }, 
    {
        "pk": 1019, 
        "model": "users.employee", 
        "fields": {
            "consultations": "pn 10:00 - 12:00", 
            "receive_mass_mail_offer": true, 
            "user": 1019, 
            "receive_mass_mail_enrollment": true
        }
    }, 
    {
        "pk": 100, 
        "model": "users.student", 
        "fields": {
            "ects": 134, 
            "records_opening_delay_hours": 0, 
            "receive_mass_mail_offer": true, 
            "user": 100, 
            "matricula": "1000000", 
            "program": 1, 
            "receive_mass_mail_enrollment": true
        }
    }, 
    {
        "pk": 101, 
        "model": "users.student", 
        "fields": {
            "ects": 122, 
            "records_opening_delay_hours": 0, 
            "receive_mass_mail_offer": true, 
            "user": 101, 
            "matricula": "1000001", 
            "program": 1, 
            "receive_mass_mail_enrollment": true
        }
    }, 
    {
        "pk": 102, 
        "model": "users.student", 
        "fields": {
            "ects": 92, 
            "records_opening_delay_hours": 0, 
            "receive_mass_mail_offer": true, 
            "user": 102, 
            "matricula": "1000002", 
            "program": 1, 
            "receive_mass_mail_enrollment": true
        }
    }, 
    {
        "pk": 103, 
        "model": "users.student", 
        "fields": {
            "ects": 144, 
            "records_opening_delay_hours": 0, 
            "receive_mass_mail_offer": true, 
            "user": 103, 
            "matricula": "1000003", 
            "program": 1, 
            "receive_mass_mail_enrollment": true
        }
    }, 
    {
        "pk": 104, 
        "model": "users.student", 
        "fields": {
            "ects": 117, 
            "records_opening_delay_hours": 0, 
            "receive_mass_mail_offer": true, 
            "user": 104, 
            "matricula": "1000004", 
            "program": 1, 
            "receive_mass_mail_enrollment": true
        }
    }, 
    {
        "pk": 105, 
        "model": "users.student", 
        "fields": {
            "ects": 23, 
            "records_opening_delay_hours": 0, 
            "receive_mass_mail_offer": true, 
            "user": 105, 
            "matricula": "1000005", 
            "program": 1, 
            "receive_mass_mail_enrollment": true
        }
    }, 
    {
        "pk": 106, 
        "model": "users.student", 
        "fields": {
            "ects": 96, 
            "records_opening_delay_hours": 0, 
            "receive_mass_mail_offer": true, 
            "user": 106, 
            "matricula": "1000006", 
            "program": 1, 
            "receive_mass_mail_enrollment": true
        }
    }, 
    {
        "pk": 107, 
        "model": "users.student", 
        "fields": {
            "ects": 27, 
            "records_opening_delay_hours": 0, 
            "receive_mass_mail_offer": true, 
            "user": 107, 
            "matricula": "1000007", 
            "program": 1, 
            "receive_mass_mail_enrollment": true
        }
    }, 
    {
        "pk": 108, 
        "model": "users.student", 
        "fields": {
            "ects": 24, 
            "records_opening_delay_hours": 0, 
            "receive_mass_mail_offer": true, 
            "user": 108, 
            "matricula": "1000008", 
            "program": 1, 
            "receive_mass_mail_enrollment": true
        }
    }, 
    {
        "pk": 109, 
        "model": "users.student", 
        "fields": {
            "ects": 159, 
            "records_opening_delay_hours": 0, 
            "receive_mass_mail_offer": true, 
            "user": 109, 
            "matricula": "1000009", 
            "program": 1, 
            "receive_mass_mail_enrollment": true
        }
    }, 
    {
        "pk": 110, 
        "model": "users.student", 
        "fields": {
            "ects": 151, 
            "records_opening_delay_hours": 0, 
            "receive_mass_mail_offer": true, 
            "user": 110, 
            "matricula": "1000010", 
            "program": 1, 
            "receive_mass_mail_enrollment": true
        }
    }, 
    {
        "pk": 111, 
        "model": "users.student", 
        "fields": {
            "ects": 138, 
            "records_opening_delay_hours": 0, 
            "receive_mass_mail_offer": true, 
            "user": 111, 
            "matricula": "1000011", 
            "program": 1, 
            "receive_mass_mail_enrollment": true
        }
    }, 
    {
        "pk": 112, 
        "model": "users.student", 
        "fields": {
            "ects": 77, 
            "records_opening_delay_hours": 0, 
            "receive_mass_mail_offer": true, 
            "user": 112, 
            "matricula": "1000012", 
            "program": 1, 
            "receive_mass_mail_enrollment": true
        }
    }, 
    {
        "pk": 113, 
        "model": "users.student", 
        "fields": {
            "ects": 33, 
            "records_opening_delay_hours": 0, 
            "receive_mass_mail_offer": true, 
            "user": 113, 
            "matricula": "1000013", 
            "program": 1, 
            "receive_mass_mail_enrollment": true
        }
    }, 
    {
        "pk": 114, 
        "model": "users.student", 
        "fields": {
            "ects": 96, 
            "records_opening_delay_hours": 0, 
            "receive_mass_mail_offer": true, 
            "user": 114, 
            "matricula": "1000014", 
            "program": 1, 
            "receive_mass_mail_enrollment": true
        }
    }, 
    {
        "pk": 115, 
        "model": "users.student", 
        "fields": {
            "ects": 8, 
            "records_opening_delay_hours": 0, 
            "receive_mass_mail_offer": true, 
            "user": 115, 
            "matricula": "1000015", 
            "program": 1, 
            "receive_mass_mail_enrollment": true
        }
    }, 
    {
        "pk": 116, 
        "model": "users.student", 
        "fields": {
            "ects": 77, 
            "records_opening_delay_hours": 0, 
            "receive_mass_mail_offer": true, 
            "user": 116, 
            "matricula": "1000016", 
            "program": 1, 
            "receive_mass_mail_enrollment": true
        }
    }, 
    {
        "pk": 117, 
        "model": "users.student", 
        "fields": {
            "ects": 160, 
            "records_opening_delay_hours": 0, 
            "receive_mass_mail_offer": true, 
            "user": 117, 
            "matricula": "1000017", 
            "program": 1, 
            "receive_mass_mail_enrollment": true
        }
    }, 
    {
        "pk": 118, 
        "model": "users.student", 
        "fields": {
            "ects": 165, 
            "records_opening_delay_hours": 0, 
            "receive_mass_mail_offer": true, 
            "user": 118, 
            "matricula": "1000018", 
            "program": 1, 
            "receive_mass_mail_enrollment": true
        }
    }, 
    {
        "pk": 119, 
        "model": "users.student", 
        "fields": {
            "ects": 70, 
            "records_opening_delay_hours": 0, 
            "receive_mass_mail_offer": true, 
            "user": 119, 
            "matricula": "1000019", 
            "program": 1, 
            "receive_mass_mail_enrollment": true
        }
    }, 
    {
        "pk": 120, 
        "model": "users.student", 
        "fields": {
            "ects": 37, 
            "records_opening_delay_hours": 0, 
            "receive_mass_mail_offer": true, 
            "user": 120, 
            "matricula": "1000020", 
            "program": 1, 
            "receive_mass_mail_enrollment": true
        }
    }, 
    {
        "pk": 121, 
        "model": "users.student", 
        "fields": {
            "ects": 141, 
            "records_opening_delay_hours": 0, 
            "receive_mass_mail_offer": true, 
            "user": 121, 
            "matricula": "1000021", 
            "program": 1, 
            "receive_mass_mail_enrollment": true
        }
    }, 
    {
        "pk": 122, 
        "model": "users.student", 
        "fields": {
            "ects": 165, 
            "records_opening_delay_hours": 0, 
            "receive_mass_mail_offer": true, 
            "user": 122, 
            "matricula": "1000022", 
            "program": 1, 
            "receive_mass_mail_enrollment": true
        }
    }, 
    {
        "pk": 123, 
        "model": "users.student", 
        "fields": {
            "ects": 179, 
            "records_opening_delay_hours": 0, 
            "receive_mass_mail_offer": true, 
            "user": 123, 
            "matricula": "1000023", 
            "program": 1, 
            "receive_mass_mail_enrollment": true
        }
    }, 
    {
        "pk": 124, 
        "model": "users.student", 
        "fields": {
            "ects": 2, 
            "records_opening_delay_hours": 0, 
            "receive_mass_mail_offer": true, 
            "user": 124, 
            "matricula": "1000024", 
            "program": 1, 
            "receive_mass_mail_enrollment": true
        }
    }, 
    {
        "pk": 125, 
        "model": "users.student", 
        "fields": {
            "ects": 15, 
            "records_opening_delay_hours": 0, 
            "receive_mass_mail_offer": true, 
            "user": 125, 
            "matricula": "1000025", 
            "program": 1, 
            "receive_mass_mail_enrollment": true
        }
    }, 
    {
        "pk": 126, 
        "model": "users.student", 
        "fields": {
            "ects": 158, 
            "records_opening_delay_hours": 0, 
            "receive_mass_mail_offer": true, 
            "user": 126, 
            "matricula": "1000026", 
            "program": 1, 
            "receive_mass_mail_enrollment": true
        }
    }, 
    {
        "pk": 127, 
        "model": "users.student", 
        "fields": {
            "ects": 6, 
            "records_opening_delay_hours": 0, 
            "receive_mass_mail_offer": true, 
            "user": 127, 
            "matricula": "1000027", 
            "program": 1, 
            "receive_mass_mail_enrollment": true
        }
    }, 
    {
        "pk": 128, 
        "model": "users.student", 
        "fields": {
            "ects": 22, 
            "records_opening_delay_hours": 0, 
            "receive_mass_mail_offer": true, 
            "user": 128, 
            "matricula": "1000028", 
            "program": 1, 
            "receive_mass_mail_enrollment": true
        }
    }, 
    {
        "pk": 129, 
        "model": "users.student", 
        "fields": {
            "ects": 59, 
            "records_opening_delay_hours": 0, 
            "receive_mass_mail_offer": true, 
            "user": 129, 
            "matricula": "1000029", 
            "program": 1, 
            "receive_mass_mail_enrollment": true
        }
    }, 
    {
        "pk": 130, 
        "model": "users.student", 
        "fields": {
            "ects": 71, 
            "records_opening_delay_hours": 0, 
            "receive_mass_mail_offer": true, 
            "user": 130, 
            "matricula": "1000030", 
            "program": 1, 
            "receive_mass_mail_enrollment": true
        }
    }, 
    {
        "pk": 131, 
        "model": "users.student", 
        "fields": {
            "ects": 28, 
            "records_opening_delay_hours": 0, 
            "receive_mass_mail_offer": true, 
            "user": 131, 
            "matricula": "1000031", 
            "program": 1, 
            "receive_mass_mail_enrollment": true
        }
    }, 
    {
        "pk": 132, 
        "model": "users.student", 
        "fields": {
            "ects": 53, 
            "records_opening_delay_hours": 0, 
            "receive_mass_mail_offer": true, 
            "user": 132, 
            "matricula": "1000032", 
            "program": 1, 
            "receive_mass_mail_enrollment": true
        }
    }, 
    {
        "pk": 133, 
        "model": "users.student", 
        "fields": {
            "ects": 35, 
            "records_opening_delay_hours": 0, 
            "receive_mass_mail_offer": true, 
            "user": 133, 
            "matricula": "1000033", 
            "program": 1, 
            "receive_mass_mail_enrollment": true
        }
    }, 
    {
        "pk": 134, 
        "model": "users.student", 
        "fields": {
            "ects": 44, 
            "records_opening_delay_hours": 0, 
            "receive_mass_mail_offer": true, 
            "user": 134, 
            "matricula": "1000034", 
            "program": 1, 
            "receive_mass_mail_enrollment": true
        }
    }, 
    {
        "pk": 135, 
        "model": "users.student", 
        "fields": {
            "ects": 42, 
            "records_opening_delay_hours": 0, 
            "receive_mass_mail_offer": true, 
            "user": 135, 
            "matricula": "1000035", 
            "program": 1, 
            "receive_mass_mail_enrollment": true
        }
    }, 
    {
        "pk": 136, 
        "model": "users.student", 
        "fields": {
            "ects": 59, 
            "records_opening_delay_hours": 0, 
            "receive_mass_mail_offer": true, 
            "user": 136, 
            "matricula": "1000036", 
            "program": 1, 
            "receive_mass_mail_enrollment": true
        }
    }, 
    {
        "pk": 137, 
        "model": "users.student", 
        "fields": {
            "ects": 141, 
            "records_opening_delay_hours": 0, 
            "receive_mass_mail_offer": true, 
            "user": 137, 
            "matricula": "1000037", 
            "program": 1, 
            "receive_mass_mail_enrollment": true
        }
    }, 
    {
        "pk": 138, 
        "model": "users.student", 
        "fields": {
            "ects": 70, 
            "records_opening_delay_hours": 0, 
            "receive_mass_mail_offer": true, 
            "user": 138, 
            "matricula": "1000038", 
            "program": 1, 
            "receive_mass_mail_enrollment": true
        }
    }, 
    {
        "pk": 139, 
        "model": "users.student", 
        "fields": {
            "ects": 83, 
            "records_opening_delay_hours": 0, 
            "receive_mass_mail_offer": true, 
            "user": 139, 
            "matricula": "1000039", 
            "program": 1, 
            "receive_mass_mail_enrollment": true
        }
    }, 
    {
        "pk": 0, 
        "model": "users.program", 
        "fields": {
            "name": "in\u017cynierskie"
        }
    }, 
    {
        "pk": 1, 
        "model": "users.program", 
        "fields": {
            "name": "magisterskie"
        }
    }, 
    {
        "pk": 2, 
        "model": "users.program", 
        "fields": {
            "name": "licencjackie"
        }
    }, 
    {
        "pk": 3, 
        "model": "users.program", 
        "fields": {
            "name": "doktoranckie"
        }
    }
]
