[
    {
        "pk": 1,
        "model": "courses.pointtypes",
        "fields": {
            "name": "ECTS"
        }
    },
    {
        "pk": 10, 
        "model": "news.news", 
        "fields": {
            "body": "[b] [/b] Koniec zapis\u00f3w zostanie przesuni\u0119ty do ko\u0144ca tego tygodnia (czyli niedzielnego wieczoru, 14-go marca).\n\n Bardzo prosz\u0119, by osoby kt\u00f3re nie zamierzaj\u0105 chodzi\u0107 na zaj\u0119cia wypisa\u0142y si\u0119 z nich mo\u017cliwie jak najszybciej. Po zamkni\u0119ciu zapis\u00f3w [b]nie b\u0119d\u0119[/b] wypisywa\u0142 nikogo z grup, kt\u00f3re by\u0142y pe\u0142ne w momencie zamkni\u0119cia zapis\u00f3w (wy\u0142\u0105czywszy trudne do przewidzenia przypadki losowe), zatem zapisanych do grup zape\u0142nionych prosz\u0119 o szczeg\u00f3ln\u0105 uwag\u0119 przy ustalaniu ostatecznego planu na obecny semestr.", 
            "date": "2010-03-09 23:15:24", 
            "author": 1, 
            "category": "enrollment", 
            "title": "Sprawy ostateczne (koniec zapis\u00f3w)"
        }
    }, 
    {
        "pk": 9, 
        "model": "news.news", 
        "fields": {
            "body": "[b] [/b] Dzisiaj nieznacznie zwi\u0119kszona zostanie liczba miejsc na kursie WWW. Niestety nie powstanie pi\u0105ta grupa z tego przedmiotu.", 
            "date": "2010-03-09 23:15:10", 
            "author": 1, 
            "category": "enrollment", 
            "title": "Kurs WWW"
        }
    }, 
    {
        "pk": 8, 
        "model": "news.news", 
        "fields": {
            "body": "[b] [/b] Do ko\u0144ca tygodnia b\u0119dzie dzia\u0142a\u0107 te\u017c Ocena zaj\u0119\u0107, kt\u00f3ra mia\u0142a ostatnio przerw\u0119 (z powod\u00f3w technicznych)", 
            "date": "2010-03-09 23:14:58", 
            "author": 1, 
            "category": "offer", 
            "title": "Ocena zaj\u0119\u0107"
        }
    }, 
    {
        "pk": 7, 
        "model": "news.news", 
        "fields": {
            "body": "[b] [/b] Niestety, uwzgl\u0119dniaj\u0105c ograniczenia zwi\u0105zane z terminami i salami, \u017caden z prowadz\u0105cych nie mo\u017ce prowadzi\u0107 dodatkowej grupy CCNA.\n\n Poniewa\u017c, jak pokazuje sytuacja z grupami oczekuj\u0105cymi na zapis, s\u0105 ch\u0119tni zar\u00f3wno \"zamawiani\", jak i \"niezamawiani\", nie b\u0119dzie si\u0119 zmienia\u0142 podzia\u0142 12+4.\n\n W przysz\u0142ym semestrze planujemy otwarcie dw\u00f3ch grup CCNA 1, podobnie w jeszcze przy\u015blejszym.\n\n Bardzo prosz\u0119, by osoby, kt\u00f3re s\u0105 zapisane na CCNA 1, a zdecydowa\u0142y ju\u017c, \u017ce nie chc\u0105 chodzi\u0107 na te zaj\u0119cia, wypisa\u0142y si\u0119 z nich jak najszybciej, zwalniaj\u0105c tym samym miejsca dla rzeczywistych ch\u0119tnych.", 
            "date": "2010-03-08 23:14:32", 
            "author": 1, 
            "category": "enrollment", 
            "title": "CCNA 1"
        }
    }, 
    {
        "pk": 6, 
        "model": "news.news", 
        "fields": {
            "body": "[b] [/b] Grupa oczekuj\u0105cych na zapis zosta\u0142a przekszta\u0142cona w normaln\u0105 grup\u0119, kt\u00f3r\u0105 poprowadzi dr Mieczys\u0142aw Wodecki.", 
            "date": "2010-03-04 23:14:19", 
            "author": 1, 
            "category": "enrollment", 
            "title": "Obliczenia R\u00f3wnoleg\u0142e i Rozproszone"
        }
    }, 
    {
        "pk": 5, 
        "model": "news.news", 
        "fields": {
            "body": "[b] [/b] Niestety ze wzgl\u0119du na inne obowi\u0105zku p. Jakuba Michaliszyna jego (pusta) grupa z kursu WWW zosta\u0142a usuni\u0119ta. Najp\u00f3\u017aniej do pocz\u0105tku przysz\u0142ego tygodnia oka\u017ce si\u0119, czy b\u0119dzie mo\u017cliwe (i potrzebne) utworzenie nowej grupy. \n\n Wszystkich zainteresowanych prosz\u0119 zatem o cierpliwo\u015b\u0107.", 
            "date": "2010-03-02 23:14:05", 
            "author": 1, 
            "category": "enrollment", 
            "title": "Kurs WWW"
        }
    }, 
    {
        "pk": 4, 
        "model": "news.news", 
        "fields": {
            "body": "[b] [/b] Utworzona zosta\u0142a grupa oczekuj\u0105cych na zapis. Je\u017celi si\u0119 oka\u017ce, \u017ce jest du\u017ce zainteresowanie, b\u0119d\u0119 pr\u00f3bowa\u0142 otworzy\u0107 now\u0105 grup\u0119 c+p.", 
            "date": "2010-03-02 23:13:51", 
            "author": 1, 
            "category": "enrollment", 
            "title": "Obliczenia R\u00f3wnoleg\u0142e i Rozproszone"
        }
    }, 
    {
        "pk": 3, 
        "model": "news.news", 
        "fields": {
            "body": "Zwi\u0119kszona zosta\u0142a liczba miejsc na przedmiocie Sztuka wojny", 
            "date": "2010-03-01 23:13:36", 
            "author": 1, 
            "category": "enrollment", 
            "title": "Sztuka wojny"
        }
    }, 
    {
        "pk": 2, 
        "model": "news.news", 
        "fields": {
            "body": "[b] [/b] Od pierwszego marca (godzina 9.00) mo\u017cna zapisywa\u0107 si\u0119 na zaj\u0119cia bez limitu 40 punkt\u00f3w.\n\n Zapisy potrwaj\u0105 do 11.03, do p\u00f3\u0142nocy.", 
            "date": "2010-02-28 23:13:22", 
            "author": 1, 
            "category": "enrollment", 
            "title": "Terminy w systemie zapis\u00f3w"
        }
    }, 
    {
        "pk": 1, 
        "model": "news.news", 
        "fields": {
            "body": "[b] [/b] Kryptografia (jako przedmiot zaawansowany/I.2) oczywi\u015bcie ko\u0144czy si\u0119 egzaminem, w Systemie Zapis\u00f3w parametr \"czy egzamin\" by\u0142 ustawiony b\u0142\u0119dnie", 
            "date": "2010-02-28 23:13:04", 
            "author": 1, 
            "category": "enrollment", 
            "title": "Kryptografia: przedmiot z egzaminem"
        }
    }, 
    {
        "pk": 1, 
        "model": "proposal.proposaltag", 
        "fields": {
            "name": "offer"
        }
    }, 
    {
        "pk": 2, 
        "model": "proposal.proposaltag", 
        "fields": {
            "name": "vote"
        }
    }, 
    {
        "pk": 3, 
        "model": "proposal.proposaltag", 
        "fields": {
            "name": "summer"
        }
    }, 
    {
        "pk": 4, 
        "model": "proposal.proposaltag", 
        "fields": {
            "name": "winter"
        }
    }, 
    {
        "pk": 5, 
        "model": "proposal.proposaltag", 
        "fields": {
            "name": "exam"
        }
    }, 
    {
        "pk": 1, 
        "model": "proposal.proposal", 
        "fields": {
            "name": "J\u0119zyki formalne i z\u0142o\u017cono\u015b\u0107 obliczeniowa", 
            "tags": [
                1, 
                2, 
                4
            ], 
            "deleted": false, 
            "fans": [], 
            "helpers": [], 
            "teachers": [], 
            "owner": null, 
            "slug": "jezyki-formalne-i-zlozonosc-obliczeniowa"
        }
    }, 
    {
        "pk": 2, 
        "model": "proposal.proposal", 
        "fields": {
            "name": "Programowanie", 
            "tags": [
                1, 
                2, 
                3
            ], 
            "deleted": false, 
            "fans": [], 
            "helpers": [], 
            "teachers": [], 
            "owner": null, 
            "slug": "programowanie"
        }
    }, 
    {
        "pk": 3, 
        "model": "proposal.proposal", 
        "fields": {
            "name": "Programowanie obiektowe", 
            "tags": [
                1, 
                2
            ], 
            "deleted": false, 
            "fans": [], 
            "helpers": [], 
            "teachers": [], 
            "owner": null, 
            "slug": "programowanie-obiektowe"
        }
    }, 
    {
        "pk": 4, 
        "model": "proposal.proposal", 
        "fields": {
            "name": "Projektowanie obiektowe oprogramowania", 
            "tags": [
                1, 
                2, 
                3
            ], 
            "deleted": false, 
            "fans": [], 
            "helpers": [], 
            "teachers": [], 
            "owner": null, 
            "slug": "projektowanie-obiektowe-oprogramowania"
        }
    }, 
    {
        "pk": 5, 
        "model": "proposal.proposal", 
        "fields": {
            "name": "Sieci komputerowe", 
            "tags": [
                1, 
                2, 
                4
            ], 
            "deleted": false, 
            "fans": [], 
            "helpers": [], 
            "teachers": [], 
            "owner": null, 
            "slug": "sieci-komputerowe"
        }
    }, 
    {
        "pk": 6, 
        "model": "proposal.proposal", 
        "fields": {
            "name": "Teoretyczne podstawy j\u0119zyk\u00f3w programowania", 
            "tags": [
                2, 
                3
            ], 
            "deleted": false, 
            "fans": [], 
            "helpers": [], 
            "teachers": [], 
            "owner": null, 
            "slug": "teoretyczne-podstawy-jezykow-programowania"
        }
    }, 
    {
        "pk": 7, 
        "model": "proposal.proposal", 
        "fields": {
            "name": "Teoria graf\u00f3w", 
            "tags": [
                2, 
                3
            ], 
            "deleted": false, 
            "fans": [], 
            "helpers": [], 
            "teachers": [], 
            "owner": null, 
            "slug": "teoria-grafow"
        }
    }, 
    {
        "pk": 8, 
        "model": "proposal.proposal", 
        "fields": {
            "name": "Wnioskowanie statystyczne", 
            "tags": [
                1, 
                2
            ], 
            "deleted": false, 
            "fans": [], 
            "helpers": [], 
            "teachers": [], 
            "owner": null, 
            "slug": "wnioskowanie-statystyczne"
        }
    }, 
    {
        "pk": 9, 
        "model": "proposal.proposal", 
        "fields": {
            "name": "Algebra", 
            "tags": [
                1, 
                2, 
                4
            ], 
            "deleted": false, 
            "fans": [], 
            "helpers": [], 
            "teachers": [], 
            "owner": null, 
            "slug": "algebra"
        }
    }, 
    {
        "pk": 10, 
        "model": "proposal.proposal", 
        "fields": {
            "name": "Kurs WWW", 
            "tags": [], 
            "deleted": false, 
            "fans": [], 
            "helpers": [], 
            "teachers": [], 
            "owner": null, 
            "slug": "kurs-www"
        }
    }, 
    {
        "pk": 11, 
        "model": "proposal.proposal", 
        "fields": {
            "name": "Kurs system\u00f3w wspomagaj\u0105cych obliczenia: Maple i Matlab", 
            "tags": [
                1
            ], 
            "deleted": false, 
            "fans": [], 
            "helpers": [], 
            "teachers": [], 
            "owner": null, 
            "slug": "kurs-systemow-wspomagajacych-obliczenia-maple-i-matlab"
        }
    }, 
    {
        "pk": 12, 
        "model": "proposal.proposal", 
        "fields": {
            "name": "Zastosowanie teorii kategorii do konstruowania program\u00f3w", 
            "tags": [
                1
            ], 
            "deleted": false, 
            "fans": [], 
            "helpers": [], 
            "teachers": [], 
            "owner": null, 
            "slug": "zastosowanie-teorii-kategorii-do-konstruowania-programow"
        }
    }, 
    {
        "pk": 13, 
        "model": "proposal.proposal", 
        "fields": {
            "name": "Fizyka dla informatyk\u00f3w", 
            "tags": [
                1, 
                2, 
                4, 
                5
            ], 
            "deleted": false, 
            "fans": [], 
            "helpers": [], 
            "teachers": [], 
            "owner": null, 
            "slug": "fizyka-dla-informatykow"
        }
    }, 
    {
        "pk": 1, 
        "model": "proposal.proposaldescription", 
        "fields": {
            "lectures": 60, 
            "requirements": "Logika dla informatyk\u00f3w, Matematyka dyskretna oraz Algorytmy i struktury danych", 
            "description": "Wyra\u017cenia i j\u0119zyki regularne. Automaty sko\u0144czone, r\u00f3wnowa\u017cno\u015b\u0107 deterministycznych automat\u00f3w sko\u0144czonych, niedeterministycznych automat\u00f3w sko\u0144czonych i wyra\u017ce\u0144 regularnych. (4 godz.)\n\nLemat o pompowaniu. Twierdzenie Myhilla-Nerode'a i minimalizacja automatu. (4 godz.)\n\nGramatyki i j\u0119zyki bezkontekstowe. Posta\u0107 normalna Greibach i Chomsky'ego.\n\nAutomaty ze stosem. R\u00f3wnowa\u017cno\u015b\u0107 gramatyk bezkontekstowych i automat\u00f3w ze stosem. (10 godz.)\n\nLemat o pompowaniu i lemat Ogdena. (4 godz.)\n\nJ\u0119zyki deterministyczne i jednoznaczne. (4 godz.)\n\nTeoretyczne modele maszyn obliczaj\u0105cych. Modele oblicze\u0144 sekwencyjnych: maszyna Turinga i jej modyfikacje, RAM. Niedeterministyczna maszyna Turinga.\n\nPrzyk\u0142adowe symulacje pomi\u0119dzy r\u00f3\u017cnymi modelami. Definicja Kleene'go. Teza Churcha. (6 godz.)\n\nPoj\u0119cie zbioru rekurencyjnego i rekurencyjnie przeliczalnego. Kodowanie i numeracja maszyn Turinga, maszyna uniwersalna. Nierozstrzygalno\u015b\u0107 problemu stopu. Inne przyk\u0142ady problem\u00f3w nierozstrzygalnych. Twierdzenie Rice'a. (4 godz.)\n\nNierozstrzygalno\u015b\u0107 problem\u00f3w Posta i problemu s\u0142\u00f3w w p\u00f3\u0142grupie. Informacja o nierozstrzygalno\u015bci arytmetyki. (4 godz.)\n\nCzasowa i pami\u0119ciowa z\u0142o\u017cono\u015b\u0107 obliczeniowa dla modelu maszyny Turinga.\n\nZale\u017cno\u015bci pomi\u0119dzy nimi. Poj\u0119cie klasy z\u0142o\u017cono\u015bci i najwa\u017cniejsze przyk\u0142ady (LOGSPACE, NLOGSPACE, PTIME, UP, NP, PSPACE, EXPTIME). Przyk\u0142ad problemu wymagaj\u0105cego wyk\u0142adniczego czasu i pami\u0119ci. (8 godz.)\n\nNP-zupe\u0142no\u015b\u0107, sens poj\u0119cia, przyk\u0142ady, tw. Cooka, redukcje pomi\u0119dzy problemami, hipoteza P\u00b9 NP. (6 godz.)\n\nZagadnienie z\u0142o\u017cono\u015bci dla modeli r\u00f3wnoleg\u0142ych, klasa PSPACE jako pu\u0142ap z\u0142o\u017cono\u015bci dla oblicze\u0144 r\u00f3wnoleg\u0142ych w czasie wielomianowym, informacja o klasie NC, jej podklasach i strukturze. (4 godz.)", 
            "author": 1, 
            "deleted": false, 
            "ects": 9, 
            "comments": "", 
            "repetitories": 30, 
            "exercises": 30, 
            "web_page": null, 
            "date": "2010-06-08 23:46:11", 
            "proposal": 1, 
            "laboratories": 0,
            "seminars" : 0,
            "tags": []
        }
    }, 
    {
        "pk": 2, 
        "model": "proposal.proposaldescription", 
        "fields": {
            "lectures": 60, 
            "requirements": "Logika dla informatyk\u00f3w\r\nKurs Pascala lub C", 
            "description": "Celem zaj\u0119\u0107 jest przedstawienie studentom mo\u017cliwie szerokiego kr\u0119gu zagadnie\u0144 zwi\u0105zanych z programowaniem komputer\u00f3w, ze szczeg\u00f3lnym uwzgl\u0119dnieniem podstawowych konstrukcji wyst\u0119puj\u0105cych w j\u0119zykach programowania i zwi\u0105zanych z nimi technik tworzenia program\u00f3w.\r\n\r\n Istniej\u0105 dwa sposoby wyk\u0142adania podstaw j\u0119zyk\u00f3w programowania. Jeden, spopularyzowany przez Abelsona i Sussman\u00f3w [1], polega na prezentowaniu konstrukcji j\u0119zykowych jako zdefiniowanych przez u\u017cytkownika idiom\u00f3w w prostym j\u0119zyku programowania (takim jak Lisp). Zalet\u0105 takiego podej\u015bcia jest uproszczenie i ujednolicenie sk\u0142adni, wad\u0105 za\u015b - nieunikniona sztuczno\u015b\u0107 prezentacji.\r\n\r\n Wyk\u0142ad reprezentuje komplementarne podej\u015bcie: r\u00f3\u017cne koncepcje i konstrukcje j\u0119zykowe przedstawiane s\u0105 na przyk\u0142adzie u\u017cywanych w praktyce j\u0119zyk\u00f3w programowania. Dzi\u0119ki temu konstrukcje te s\u0105 prezentowane w dostosowanym do nich formalizmie. Takie podej\u015bcie zmusza student\u00f3w do wi\u0119kszego wysi\u0142ku zwi\u0105zanego z opanowaniem zmieniaj\u0105cej si\u0119 w czasie wyk\u0142adu sk\u0142adni. Rozwija to jednak u s\u0142uchaczy umiej\u0119tno\u015b\u0107 abstrahowania istotnych koncepcji od ma\u0142o wa\u017cnych detali sk\u0142adniowych.\r\n\r\n Wyk\u0142ad ilustrowany jest przyk\u0142adami z wielu j\u0119zyk\u00f3w programowania. Nie zak\u0142ada jednak znajomo\u015bci \u017cadnego z nich. Nie ma tak\u017ce na celu nauczenia student\u00f3w \u017cadnego z nich. Powinien da\u0107 natomiast zrozumienie i umiej\u0119tno\u015b\u0107 \u015bwiadomego korzystania z mechanizm\u00f3w spotykanych w j\u0119zykach programowania, kt\u00f3re studenci opanuj\u0105 samodzielnie lub w ramach Kurs\u00f3w Narz\u0119dzi Informatyki. W szczeg\u00f3lno\u015bci wyk\u0142ad przedstawia koncepcj\u0119 j\u0119zyka programowania jako sp\u00f3jnej ca\u0142o\u015bci, konflikty pomi\u0119dzy r\u00f3\u017cnymi za\u0142o\u017ceniami konstrukcyjnymi, m.in. zale\u017cno\u015b\u0107 mi\u0119dzy konstrukcjami wysokiego poziomu i efektywno\u015bci\u0105 implementacji j\u0119zyka oraz techniki programowania indukowane przez struktur\u0119 j\u0119zyk\u00f3w programowania, tj. idiomatyk\u0119, styl i metody programowania w r\u00f3\u017cnych j\u0119zykach.\r\n\r\n Wyk\u0142ad zajmuje centralne miejsce w zestawie przedmiot\u00f3w informatycznych i zapewnia podstawy do studiowania wielu przedmiot\u00f3w zwi\u0105zanych z programowaniem komputer\u00f3w.", 
            "author": 1, 
            "deleted": false, 
            "ects": 12, 
            "comments": "", 
            "repetitories": 30, 
            "exercises": 30, 
            "web_page": null, 
            "date": "2010-06-08 23:57:25", 
            "proposal": 2, 
            "laboratories": 15,
            "seminars" : 0,
            "tags": []
        }
    }, 
    {
        "pk": 3, 
        "model": "proposal.proposaldescription", 
        "fields": {
            "lectures": 30, 
            "requirements": "Programowanie (lic lub mgr) lub znajomo\u015b\u0107 podstawowych struktur danych (listy, stosy), znajomo\u015b\u0107 j\u0119zyka C w stopniu elementarnym", 
            "description": "Jednym z najwa\u017cniejszych narz\u0119dzi u\u017cywanych obecnie w in\u017cynierii oprogramowania jest paradygmat programowania obiektowego. Podstawowym poj\u0119ciem w tym paradygmacie jest obiekt: swego rodzaju czarna skrzynka posiadaj\u0105ca pewn\u0105 wewn\u0119trzn\u0105 struktur\u0119 oraz \u015bci\u015ble wyspecyfikowany interfejs za pomoc\u0105 kt\u00f3rego mo\u017cna modyfikowa\u0107 t\u0119 struktur\u0119. Dzi\u0119ki temu projektowanie aplikacji rozumiane jako odzwierciedlenie pewnego fragmentu rzeczywisto\u015bci sta\u0142o si\u0119 bardziej naturalne. Nie by\u0142oby jednak programowania obiektowego bez obiektowych j\u0119zyk\u00f3w programowania, dlatego do podstawowego warsztatu ka\u017cdego programisty nale\u017cy znajomo\u015b\u0107 przynajmnniej jednego z takich j\u0119zyk\u00f3w: C++, Java czy C#.\n\n Podczas zaj\u0119\u0107 przedstawiane s\u0105 zar\u00f3wno podstawowe zagadnienia programownia obiektowego, jak r\u00f3wnie\u017c prezentowane s\u0105 techniki implementacji popularnych struktur danych w wybranych obiektowych j\u0119zykach programowania. Pracownia przypisana do zaj\u0119\u0107 daje zar\u00f3wno mo\u017cliwo\u015bc praktycznego zg\u0142\u0119biania wyk\u0142adanych zagadnie\u0144 w powszechnie stosowanych j\u0119zykach takich jak C# czy Java, jak i samodzielnego przygotowania analizy i projeku wybranego zagadnienia.", 
            "author": 1, 
            "deleted": false, 
            "ects": 6, 
            "comments": "", 
            "repetitories": 0, 
            "exercises": 0, 
            "web_page": null, 
            "date": "2010-06-08 23:59:09", 
            "proposal": 3, 
            "laboratories": 30,
            "seminars" : 0,
            "tags": []
        }
    }, 
    {
        "pk": 4, 
        "model": "proposal.proposaldescription", 
        "fields": {
            "lectures": 30, 
            "requirements": "Efektywne tworzenie oprogramowania i/lub In\u017cynieria Oprogramowania\r\nDobra znajomo\u015b\u0107: podstaw baz danych i jednego z j\u0119zyk\u00f3w OOP", 
            "description": "Na \u0107wiczenia sk\u0142ada si\u0119 (przyrostowe) wykonywanie przyk\u0142ad\u00f3w zwi\u0105zanych bezpo\u015brednio z wyk\u0142adem i pracowni\u0105. Na pracowni jest kontynuowane tworzenie systemu, kt\u00f3rego realizacj\u0119 rozpocz\u0119to na zaj\u0119ciach z Efektywnego tworzenia oprogramowania.\r\n\r\n [b]Uwagi:[/b] zalecane jest jednoczesne ucz\u0119szczanie na seminarium o tym samym tytule co wyk\u0142ad.", 
            "author": 1, 
            "deleted": false, 
            "ects": 6, 
            "comments": "", 
            "repetitories": 0, 
            "exercises": 0, 
            "web_page": null, 
            "date": "2010-06-09 00:01:32", 
            "proposal": 4, 
            "laboratories": 30,
            "seminars" : 0,
            "tags": []
        }
    }, 
    {
        "pk": 5, 
        "model": "proposal.proposaldescription", 
        "fields": {
            "lectures": 30, 
            "requirements": "Matematyka dyskretna\r\nAlgebra\r\nRachunek prawdopodobie\u0144stwa", 
            "description": "Wyk\u0142ad jest wst\u0119pem do szerokiej tematyki sieci komputerowych. Przedstawione b\u0119d\u0105 na nim podstawowe zasady dzia\u0142ania sieci komputerowych, ze szczeg\u00f3lnym uwzgl\u0119dnieniem sieci opartych na protokole TCP/IP, oraz przegl\u0105d zastosowa\u0144 sieciowych spotykanych w Internecie. Nacisk po\u0142o\u017cony b\u0119dzie na przedstawienie s\u0142uchaczowi mechanizm\u00f3w, protoko\u0142\u00f3w i algorytmicznych podstaw stoj\u0105cych za problemami komunikacji w sieciach, a tak\u017ce na praktyczne wykorzystanie element\u00f3w tej wiedzy.", 
            "author": 1, 
            "deleted": false, 
            "ects": 6, 
            "comments": "", 
            "repetitories": 0, 
            "exercises": 30, 
            "web_page": null, 
            "date": "2010-06-09 00:07:43", 
            "proposal": 5, 
            "laboratories": 0,
            "seminars" : 0,
            "tags": []
        }
    }, 
    {
        "pk": 6, 
        "model": "proposal.proposaldescription", 
        "fields": {
            "lectures": 30, 
            "requirements": "Programowanie\r\nLogika dla informatyk\u00f3w\r\nWskazane zaliczenie programowania funkcyjnego", 
            "description": "Programy i j\u0119zyki programowania b\u0119d\u0105 rozpatrywane jakoobiekty matematyczne, kt\u00f3rych w\u0142asno\u015bci mog\u0105 by\u0107 \u015bci\u015ble formu\u0142owane i dowodzone. B\u0119d\u0105 omawiane sposoby formalnego definiowania mechanizm\u00f3wj\u0119zykowych, systemy typ\u00f3w, polimorfizm, podtypowanie, teoretycznepodstawy j\u0119zyk\u00f3w obiektowych.", 
            "author": 1, 
            "deleted": false, 
            "ects": 6, 
            "comments": "", 
            "repetitories": 0, 
            "exercises": 30, 
            "web_page": null, 
            "date": "2010-06-09 00:09:34", 
            "proposal": 6, 
            "laboratories": 0,
            "seminars" : 0,
            "tags": []
        }
    }, 
    {
        "pk": 7, 
        "model": "proposal.proposaldescription", 
        "fields": {
            "lectures": 30, 
            "requirements": "Matematyka Dyskretna", 
            "description": "Wyk\u0142ad stanowi wprowadzenie do kilku dzia\u0142\u00f3w wsp\u00f3\u0142czesnej teorii graf\u00f3w. Pomijam w nim tematy omawiane na matematyce dyskretnej (cykle Hamiltona, Eulera, drzewa i algorytmy grafowe). W programie klasyczne tematyka (planarno\u015b\u0107 i zanurzanie graf\u00f3w na r\u00f3\u017cnego rodzaju powierzchniach, kolorowanie i komputerowy dow\u00f3d twierdzenia o czterech barwach) oraz wybrane bardziej zaawansowane zagadnienia. Wyk\u0142ad dost\u0119pny jest w zasadzie ju\u017c dla student\u00f3w II roku. Korzystne jest wcze\u015bniejsze zaliczenie \"Wst\u0119pu do matematyki dyskretnej\", ale kolejno\u015b\u0107 t\u0119 mo\u017cna odwr\u00f3ci\u0107.\r\n\r\n Po wyk\u0142adzie mo\u017cna uzyska\u0107 temat na prace magistersk\u0105 z zakresu pogranicza informatyki i teorii graf\u00f3w (o charakterze przegladowym lub badawczym). Terminy \u0107wicze\u0144 i wyk\u0142adu mo\u017cemy jeszcze przedyskutowa\u0107.", 
            "author": 1, 
            "deleted": false, 
            "ects": 6, 
            "comments": "", 
            "repetitories": 0, 
            "exercises": 30, 
            "web_page": null, 
            "date": "2010-06-09 00:11:28", 
            "proposal": 7, 
            "laboratories": 0,
            "seminars" : 0,
            "tags": []
        }
    }, 
    {
        "pk": 8, 
        "model": "proposal.proposaldescription", 
        "fields": {
            "lectures": 30, 
            "requirements": "Analiza matematyczna.\r\nRachunek prawdopodobie\u0144stwa i statystyka.", 
            "description": "Kontynuacja wyk\u0142adu \"Rachunek prawdopodobie\u0144stwa i statystyka\". W por\u00f3wnaniu z tym pierwszym wyk\u0142ad ma o wiele bardziej praktyczny charakter. Po cz\u0119\u015bci przegl\u0105dowy charakter wyk\u0142adu zak\u0142ada pewne obeznanie z podstawami rachunku prawdopodobie\u0144stwa, st\u0105d wymagania wst\u0119pne takie jak podano powy\u017cej.", 
            "author": 1, 
            "deleted": false, 
            "ects": 6, 
            "comments": "", 
            "repetitories": 0, 
            "exercises": 30, 
            "web_page": null, 
            "date": "2010-06-09 00:12:38", 
            "proposal": 8, 
            "laboratories": 0,
            "seminars" : 0,
            "tags": []
        }
    }, 
    {
        "pk": 9, 
        "model": "proposal.proposaldescription", 
        "fields": {
            "lectures": 30, 
            "requirements": "Matematyka w zakresie szko\u0142y \u015bredniej", 
            "description": "1. Grupy i grupy permutacji. Podstawowe poj\u0119cia: rz\u0105d grupy, rz\u0105d elementu grupy, podgrupa. Grupy permutacji. Rozk\u0142ad permutacji na cykle. Znak permutacji.\r\n 2. Homomorfizmy grup. Kongruencje, dzielniki normalne, grupy ilorazowe, wzmianka o algebrach pocz\u0105tkowych.\r\n 3. Zagadnienia kombinatoryczne. Twierdzenie Lagrange'a, orbity i stabilizatory, dzia\u0142anie grupy na zbiorze, lemat Bernsteina.\r\n 4. Arytmetyka modularna. Relacja podzielno\u015bci. Pier\u015bcienie i pier\u015bcienie Z_n. Algorytm Euklidesa, chi\u0144skie twierdzenie o resztach, w\u0142asno\u015bci grup cyklicznych.\r\n 5. Wielomiany. Pier\u015bcienie wielomian\u00f3w. Podzielno\u015b\u0107 wielomian\u00f3w. Przyk\u0142ad konstrukcji cia\u0142a sko\u0144czonego. Cykliczno\u015b\u0107 grupy multiplikatywnej cia\u0142a sko\u0144czonego.\r\n 6. Przestrzenie liniowe i moduly. Zbiory liniowo niezale\u017cne. Bazy. Macierze i przekszta\u0142cenia liniowe. Rz\u0105d macierzy. Algorytm eliminacji Gaussa.\r\n 7. Wyznaczniki. W\u0142asno\u015bci wyznacznik\u00f3w. Rozwiniecie Laplace'a.\r\n 8. R\u00f3wnania liniowe. Zbi\u00f3r rozwiaz\u0105\u0144 uk\u0142adu r\u00f3wna\u0144 liniowych. Dope\u0142nienie ortogonalne podprzestrzeni. Wzory Cramera.\r\n 9. Elementy geometrii. Iloczyn skalarny. Odleg\u0142o\u015b\u0107 punkt\u00f3w. R\u00f3wnania prostych i p\u0142aszczyzn. Izometrie i przekszta\u0142cenia ortogonalne. Wielomian charakterystyczny. Obroty. Wzmianka o kwaternionach.\r\n 10. Nier\u00f3wnosci liniowe. Lemat Farkasa. Zbi\u00f3r rozwiaza\u0144 uk\u0142adu nier\u00f3wno\u015bci liniowych a uwypukleniem zbioru rozwi\u0105za\u0144 bazowych.\r\n 11. Formy dwuliniowe i kwadratowe. R\u00f3wnowazne formy kwadratowe (w pe\u0142nej grupie przekszta\u0142ce\u0144 i grupie ortogonalnej). Metoda Lagrange'a sprowadzania formy kwadratowej do postaci kanonicznej. Sprowadzanie formy kwadratowej do postaci kanonicznej w grupie ortogonalnej.", 
            "author": 1, 
            "deleted": false, 
            "ects": 7, 
            "comments": "", 
            "repetitories": 30, 
            "exercises": 30, 
            "web_page": null, 
            "date": "2010-06-09 00:14:08", 
            "proposal": 9, 
            "laboratories": 0,
            "seminars" : 0,
            "tags": []
        }
    }, 
    {
        "pk": 10, 
        "model": "proposal.proposaldescription", 
        "fields": {
            "lectures": 15, 
            "requirements": "Podstawy sieci komputerowych.\r\nPodstawy bazy danych, j\u0119zyk SQL.\r\nPodstawowa znajomo\u015b\u0107 j\u0119zyk\u00f3w Java i C#.", 
            "description": "Celem wyk\u0142adu jest zapoznanie s\u0142uchaczy z technologiami panuj\u0105cymi w \u015bwiecie Internetu. Przedstawione zostan\u0105 technologie wyst\u0119puj\u0105ce zar\u00f3wno po stronie klienta, jak i te po stronie serwera. Om\u00f3wiona zostanie konfiguracja serwer\u00f3w WWW z punktu widzenia bezpiecze\u0144stwa i wydajno\u015bci. Poniewa\u017c era notatnika, czy vi-a odchodzi w zapomnienie, przedstawione zostan\u0105 tak\u017ce \u015brodowiska zintegrowane wspieraj\u0105ce tworzenie serwis\u00f3w WWW.", 
            "author": 1, 
            "deleted": false, 
            "ects": 5, 
            "comments": "", 
            "repetitories": 0, 
            "exercises": 0, 
            "web_page": null, 
            "date": "2010-06-09 00:15:36", 
            "proposal": 10, 
            "laboratories": 30,
            "seminars" : 0,
            "tags": []
        }
    }, 
    {
        "pk": 11, 
        "model": "proposal.proposaldescription", 
        "fields": {
            "lectures": 15, 
            "requirements": "Algebra\r\nAnaliza matematyczna", 
            "description": "Rozwi\u0105zywanie mniej lub bardziej skomplikowanych problem\u00f3w z zakresu matematyki jest w dzisiejszych czasach nieod\u0142\u0105cznym elementem pracy ka\u017cdego programisty. R\u0119czne rozwi\u0105zywanie tego typu problem\u00f3w cz\u0119sto bywa czasoch\u0142onne i jest obarczone ryzykiem pope\u0142nienia b\u0142\u0119du. W trakcie tego kursu przedstawione zostan\u0105 dwa popularne systemy wspomagania oblicze\u0144 matematycznych: Maple i Matlab. J\u0119zyk Maple dzi\u0119ki zaawansowanemu mechanizmowi oblicze\u0144 symbolicznych pozwala prosto i szybko rozwi\u0105zywa\u0107 problemy mi\u0119dzy innymi z zakresu matematyki dyskretnej oraz analizy matematycznej. J\u0119zyk Matlab zosta\u0142 natomiast stworzony z my\u015bl\u0105 o \u0142atwym i skutecznym rozwi\u0105zywaniu problem\u00f3w obliczeniowych g\u0142ownie z zakresu algebry. Oba omawiane j\u0119zyki programowania s\u0105 \u0142atwe do opanowania, posiadaj\u0105 bardzo intuicyjn\u0105 sk\u0142adni\u0119, dzi\u0119ki czemu ich u\u017cytkownik mo\u017ce koncentrowa\u0107 si\u0119 na rozwi\u0105zywaniu problemu, a nie na zawi\u0142o\u015bciach zwi\u0105zanych z tworzeniem samego programu. Bogaty zestaw narz\u0119dzi wizualizacyjnych daje mo\u017cliwo\u015b\u0107 tworzenia atrakcyjnych graficznych prezentacji obliczanych rozwi\u0105za\u0144.", 
            "author": 1, 
            "deleted": false, 
            "ects": 5, 
            "comments": "", 
            "repetitories": 0, 
            "exercises": 0, 
            "web_page": null, 
            "date": "2010-06-12 11:04:23", 
            "proposal": 11, 
            "laboratories": 45,
            "seminars" : 0,
            "tags": []
        }
    }, 
    {
        "pk": 12, 
        "model": "proposal.proposaldescription", 
        "fields": {
            "lectures": 30, 
            "requirements": "Programowanie", 
            "description": "Application of category theory to program construction", 
            "author": 1, 
            "deleted": false, 
            "ects": 9, 
            "comments": "", 
            "repetitories": 0, 
            "exercises": 30, 
            "web_page": null, 
            "date": "2010-06-12 11:05:37", 
            "proposal": 12, 
            "laboratories": 0,
            "seminars" : 0,
            "tags": []
        }
    }, 
    {
        "pk": 13, 
        "model": "proposal.proposaldescription", 
        "fields": {
            "lectures": 30, 
            "requirements": "analiza matematyczna", 
            "description": "Przedmiot obowi\u0105zkowy dla studi\u00f3w in\u017cynierskich \r\n\r\n Tre\u015bci kszta\u0142cenia: Elementy mechaniki klasycznej. Grawitacja. Elementy elektryczno\u015bci, optyki i akustyki. Wprowadzenie do mechaniki kwantowej. Podstawy oblicze\u0144 kwantowych. \r\n\r\n Umiej\u0119tno\u015bci: Analizowania i wyja\u015bniania obserwowanych zjawisk; tworzenia i wery\u001ckacji modeli \u015bwiata rzeczywistego oraz pos\u0142ugiwania si\u0119 nimi w celu predykcji zdarze\u0144 i stan\u00f3w.", 
            "author": 1, 
            "deleted": false, 
            "ects": 6, 
            "comments": "", 
            "repetitories": 0, 
            "exercises": 30, 
            "web_page": "", 
            "date": "2010-06-30 19:25:15", 
            "proposal": 13, 
            "laboratories": 0,
            "seminars" : 0,
            "tags": []
        }
    }, 
    {
        "pk": 1, 
        "model": "proposal.book", 
        "fields": {
            "proposal": 1, 
            "name": "A.V. Aho, J.E. Hopcroft, J.D. Ullman, Projektowanie i analiza algorytm\u00f3w komputerowych, PWN, Warszawa 1983", 
            "order": 0
        }
    }, 
    {
        "pk": 4, 
        "model": "proposal.book", 
        "fields": {
            "proposal": 2, 
            "name": "H. Abelson, G. J. Sussman, J. Sussman, Structure and Interpretation of Computer Programs, MIT Press, 1985.", 
            "order": 0
        }
    }, 
    {
        "pk": 12, 
        "model": "proposal.book", 
        "fields": {
            "proposal": 3, 
            "name": "G. Booch, Object Oriented Design, Benjamin/Cummings, 1991.", 
            "order": 0
        }
    }, 
    {
        "pk": 18, 
        "model": "proposal.book", 
        "fields": {
            "proposal": 4, 
            "name": "E. J. Braude, Software Design: From Programming to Architecture, JohnWiley & Sons, 2004.", 
            "order": 0
        }
    }, 
    {
        "pk": 23, 
        "model": "proposal.book", 
        "fields": {
            "proposal": 5, 
            "name": "Andrew S. Tanenbaum, Computer Networks, 3th Edition, Prentice-Hall, 1996. ", 
            "order": 0
        }
    }, 
    {
        "pk": 26, 
        "model": "proposal.book", 
        "fields": {
            "proposal": 7, 
            "name": "B. Bollob'as, Modern graph theory, Springer 1998. ", 
            "order": 0
        }
    }, 
    {
        "pk": 30, 
        "model": "proposal.book", 
        "fields": {
            "proposal": 8, 
            "name": "S. Brandt, Analiza danych, PWN 1998.", 
            "order": 0
        }
    }, 
    {
        "pk": 32, 
        "model": "proposal.book", 
        "fields": {
            "proposal": 9, 
            "name": "A. Bia\u0142ynicki-Birula, Algebra, PWN, Warszawa 1980.", 
            "order": 0
        }
    }, 
    {
        "pk": 35, 
        "model": "proposal.book", 
        "fields": {
            "proposal": 11, 
            "name": "Martha L. Abell, James Braselton, Maple V by example, Boston 1994", 
            "order": 0
        }
    }, 
    {
        "pk": 2, 
        "model": "proposal.book", 
        "fields": {
            "proposal": 1, 
            "name": "J.E. Hopcroft, J.D. Ullman, Wprowadzenie do teorii automat\u00f3w, j\u0119zyk\u00f3w i oblicze\u0144, WNT, Warszawa 1994", 
            "order": 1
        }
    }, 
    {
        "pk": 5, 
        "model": "proposal.book", 
        "fields": {
            "proposal": 2, 
            "name": "M.A. Arbib, Projektowanie program\u00f3w poprawnych i dobrze zbudowanych, WNT, Warszawa 1982.", 
            "order": 1
        }
    }, 
    {
        "pk": 13, 
        "model": "proposal.book", 
        "fields": {
            "proposal": 3, 
            "name": "P. Coad, E. Yourdon, Object-oriented analysis, Prentice-Hall, 1991.", 
            "order": 1
        }
    }, 
    {
        "pk": 19, 
        "model": "proposal.book", 
        "fields": {
            "proposal": 4, 
            "name": "F. Buschmann, R. Meunier, H. Rohnet, P. Sommerlad, M. Stal, Pattern-Oriented Software Architecture, John Wiley & Sons, 1996.", 
            "order": 1
        }
    }, 
    {
        "pk": 24, 
        "model": "proposal.book", 
        "fields": {
            "proposal": 5, 
            "name": "Douglas E. Comer, Sieci komputerowe TCP/IP, tom 1 i 2, PWN 1997. ", 
            "order": 1
        }
    }, 
    {
        "pk": 27, 
        "model": "proposal.book", 
        "fields": {
            "proposal": 7, 
            "name": "P. J. Cameron, Combinatorics, Cambridge Univ. Press 1994. ", 
            "order": 1
        }
    }, 
    {
        "pk": 31, 
        "model": "proposal.book", 
        "fields": {
            "proposal": 8, 
            "name": "M. Fisz, Rachunek prawdopodobie\u0144stwa i statystyka matematyczna. PWN 1958.", 
            "order": 1
        }
    }, 
    {
        "pk": 33, 
        "model": "proposal.book", 
        "fields": {
            "proposal": 9, 
            "name": "G. Birkhoff, S. Mac Lane, Przegl\u0105d algebry wsp\u00f3\u0142czesnej, PWN, Warszawa 1963.", 
            "order": 1
        }
    }, 
    {
        "pk": 36, 
        "model": "proposal.book", 
        "fields": {
            "proposal": 11, 
            "name": "First Leaves: a tutorial introduction to Maple, Waterloo Maple Publ.", 
            "order": 1
        }
    }, 
    {
        "pk": 3, 
        "model": "proposal.book", 
        "fields": {
            "proposal": 1, 
            "name": "N.D. Jones, Computability and Complexity from a Programming Perspective, w druku", 
            "order": 2
        }
    }, 
    {
        "pk": 6, 
        "model": "proposal.book", 
        "fields": {
            "proposal": 2, 
            "name": "M. Ben-Ari, Podstawy programowania wspo\u0142bie\u017cnego, WNT, Warszawa 1989.", 
            "order": 2
        }
    }, 
    {
        "pk": 14, 
        "model": "proposal.book", 
        "fields": {
            "proposal": 3, 
            "name": "A. Goldberg, D. Robson, Smalltalk-80: the Language, Addison-Wesley, 1989.", 
            "order": 2
        }
    }, 
    {
        "pk": 20, 
        "model": "proposal.book", 
        "fields": {
            "proposal": 4, 
            "name": "J. W. Cooper, Java. Wzorce projektowe, Helion, 2001.", 
            "order": 2
        }
    }, 
    {
        "pk": 25, 
        "model": "proposal.book", 
        "fields": {
            "proposal": 5, 
            "name": "W. Richard Stevens, Unix programowanie us\u0142ug sieciowych, tom 1, WNT 2000", 
            "order": 2
        }
    }, 
    {
        "pk": 28, 
        "model": "proposal.book", 
        "fields": {
            "proposal": 7, 
            "name": "R. Diestel, Graph Theory, Springer 2000.(dost\u0119pna na sieci!) ", 
            "order": 2
        }
    }, 
    {
        "pk": 34, 
        "model": "proposal.book", 
        "fields": {
            "proposal": 9, 
            "name": "L. Garding, T. Tambour, Algebra for Computer Science, Springer-Verlag, 1988.", 
            "order": 2
        }
    }, 
    {
        "pk": 37, 
        "model": "proposal.book", 
        "fields": {
            "proposal": 11, 
            "name": "Maple V language reference manual", 
            "order": 2
        }
    }, 
    {
        "pk": 7, 
        "model": "proposal.book", 
        "fields": {
            "proposal": 2, 
            "name": "E. W. Dijkstra, Umiejetno\u015b\u0107 programowania, WNT, Warszawa 1985.C.B. Jones, Konstruowanie oprogramowania metod\u0105 systematyczn\u0105, WNT, Warszawa 1984.", 
            "order": 3
        }
    }, 
    {
        "pk": 15, 
        "model": "proposal.book", 
        "fields": {
            "proposal": 3, 
            "name": "H. Oktaba, W. Ratajczak, Simula 67, WNT, Warszawa 1980.", 
            "order": 3
        }
    }, 
    {
        "pk": 21, 
        "model": "proposal.book", 
        "fields": {
            "proposal": 4, 
            "name": "M. Fowler, K. Beck, J. Brant, W. Opdyke, D. Roberts, Refaktoryzacja. Ulepszaie struktury isniejacego kodu, WNT, 2006.", 
            "order": 3
        }
    }, 
    {
        "pk": 29, 
        "model": "proposal.book", 
        "fields": {
            "proposal": 7, 
            "name": "H.P. Yap, Some topics in graph theory, Cambridge Univ. Press 1986.", 
            "order": 3
        }
    }, 
    {
        "pk": 38, 
        "model": "proposal.book", 
        "fields": {
            "proposal": 11, 
            "name": "Desmond J. Higham, Nicholas J. Higham, Matlab guide, Philadelphia 2000", 
            "order": 3
        }
    }, 
    {
        "pk": 8, 
        "model": "proposal.book", 
        "fields": {
            "proposal": 2, 
            "name": "M. Marcotty, H. Ledgard, W kregu jezyk\u00f3w programowania, WNT, Warszawa 1991.", 
            "order": 4
        }
    }, 
    {
        "pk": 16, 
        "model": "proposal.book", 
        "fields": {
            "proposal": 3, 
            "name": "B. Stroustrup, The C++ Programming Language, Addison-Wesley, 1991.", 
            "order": 4
        }
    }, 
    {
        "pk": 22, 
        "model": "proposal.book", 
        "fields": {
            "proposal": 4, 
            "name": "E. Freeman, E. Freeman, Head First Design Patterns, O'Reilly (HelionS.A.), 2005.", 
            "order": 4
        }
    }, 
    {
        "pk": 39, 
        "model": "proposal.book", 
        "fields": {
            "proposal": 11, 
            "name": "Bogumi\u0142a Mrozek, Zbigniew Mrozek, Matlab: uniwersalne \u015brodowisko do oblicze\u0144 naukowo-technicznych, Krak\u00f3w, 1995", 
            "order": 4
        }
    }, 
    {
        "pk": 9, 
        "model": "proposal.book", 
        "fields": {
            "proposal": 2, 
            "name": "R. Sethi, Programming Languages: Concepts and Constructs, Addison-Wesley, 1996.", 
            "order": 5
        }
    }, 
    {
        "pk": 17, 
        "model": "proposal.book", 
        "fields": {
            "proposal": 3, 
            "name": "I. Graham, Metody obiektowe w teorii i praktyce, WNT Warszawa 2004", 
            "order": 5
        }
    }, 
    {
        "pk": 40, 
        "model": "proposal.book", 
        "fields": {
            "proposal": 11, 
            "name": "Patrick Marchand, Graphics and GUIs with Matlab, CRC Press 1999", 
            "order": 5
        }
    }, 
    {
        "pk": 10, 
        "model": "proposal.book", 
        "fields": {
            "proposal": 2, 
            "name": "W.M. Turski, Metodologia programowania, WNT, Warszawa 1982.", 
            "order": 6
        }
    }, 
    {
        "pk": 11, 
        "model": "proposal.book", 
        "fields": {
            "proposal": 2, 
            "name": "N. Wirth, Algorytmy + struktury danych = programy, WNT, Warszawa 1989.", 
            "order": 7
        }
    },
    {
        "pk": 1, 
        "model": "proposal.descriptiontypes", 
        "fields": {
            "lecture_type": 3,
            "description": 1
        }
    }, 
    {
        "pk": 2, 
        "model": "proposal.descriptiontypes", 
        "fields": {
            "lecture_type": 2,
            "description": 2
        }
    }, 
    {
        "pk": 3, 
        "model": "proposal.descriptiontypes", 
        "fields": {
            "lecture_type": 4,
            "description": 3
        }
    }, 
    {
        "pk": 4, 
        "model": "proposal.descriptiontypes", 
        "fields": {
            "lecture_type": 5,
            "description": 4
        }
    }, 
    {
        "pk": 5, 
        "model": "proposal.descriptiontypes", 
        "fields": {
            "lecture_type": 4,
            "description": 5
        }
    }, 
    {
        "pk": 6, 
        "model": "proposal.descriptiontypes", 
        "fields": {
            "lecture_type": 4,
            "description": 6
        }
    }, 
    {
        "pk": 7, 
        "model": "proposal.descriptiontypes", 
        "fields": {
            "lecture_type": 5,
            "description": 7
        }
    }, 
    {
        "pk": 8, 
        "model": "proposal.descriptiontypes", 
        "fields": {
            "lecture_type": 5,
            "description": 8
        }
    }, 
    {
        "pk": 9, 
        "model": "proposal.descriptiontypes", 
        "fields": {
            "lecture_type": 1,
            "description": 9
        }
    }, 
    {
        "pk": 10, 
        "model": "proposal.descriptiontypes", 
        "fields": {
            "lecture_type": 6,
            "description": 10
        }
    }, 
    {
        "pk": 11, 
        "model": "proposal.descriptiontypes", 
        "fields": {
            "lecture_type": 6,
            "description": 11
        }
    }, 
    {
        "pk": 12, 
        "model": "proposal.descriptiontypes", 
        "fields": {
            "lecture_type": 5,
            "description": 12
        }
    }, 
    {
        "pk": 13, 
        "model": "proposal.descriptiontypes", 
        "fields": {
            "lecture_type": 5,
            "description": 13
        }
    }, 
    {
        "pk": 14, 
        "model": "proposal.descriptiontypes", 
        "fields": {
            "lecture_type": 12, 
            "description": 13
        }
    },
    {
        "pk": 1, 
        "model": "courses.type", 
        "fields": {
            "meta_type": false, 
            "group": 8, 
            "name": "Obowi\u0105zkowy 1",
            "short_name": "Obo1"
        }
    }, 
    {
        "pk": 2, 
        "model": "courses.type", 
        "fields": {
            "meta_type": false, 
            "group": 8, 
            "name": "Obowi\u0105zkowy 2",
            "short_name": "Obo2"
        }
    }, 
    {
        "pk": 3, 
        "model": "courses.type", 
        "fields": {
            "meta_type": false, 
            "group": 8, 
            "name": "Obowi\u0105zkowy 3",
            "short_name": "Obo3"
        }
    }, 
    {
        "pk": 4, 
        "model": "courses.type", 
        "fields": {
            "meta_type": false, 
            "group": 9, 
            "name": "Informatyczny 1",
            "short_name": "Inf1"
        }
    }, 
    {
        "pk": 5, 
        "model": "courses.type", 
        "fields": {
            "meta_type": false, 
            "group": 9, 
            "name": "Informatyczny 2",
            "short_name": "Inf2"
        }
    }, 
    {
        "pk": 6, 
        "model": "courses.type", 
        "fields": {
            "meta_type": false, 
            "group": 10, 
            "name": "Kurs",
            "short_name": "Kurs"
        }
    }, 
    {
        "pk": 7, 
        "model": "courses.type", 
        "fields": {
            "meta_type": false, 
            "group": null, 
            "name": "Seminarium",
            "short_name": "Sem"
        }
    }, 
    {
        "pk": 8, 
        "model": "courses.type", 
        "fields": {
            "meta_type": true, 
            "group": null, 
            "name": "Obowi\u0105zkowy",
            "short_name": "Obo"
        }
    }, 
    {
        "pk": 9, 
        "model": "courses.type", 
        "fields": {
            "meta_type": true, 
            "group": null, 
            "name": "Informatyczny",
            "short_name": "Inf"
        }
    }, 
    {
        "pk": 10, 
        "model": "courses.type", 
        "fields": {
            "meta_type": true, 
            "group": null, 
            "name": "Kurs",
            "short_name": "Kurs"
        }
    }, 
    {
        "pk": 11, 
        "model": "courses.type", 
        "fields": {
            "meta_type": false, 
            "group": 10, 
            "name": "Projekt",
            "short_name": "Proj"
        }
    }, 
    {
        "pk": 12, 
        "model": "courses.type", 
        "fields": {
            "meta_type": false, 
            "group": null, 
            "name": "Nieinformatyczny",
            "short_name": "Inny"
        }
    }, 
    {
        "pk": 100, 
        "model": "courses.courseentity", 
        "fields": {
            "shortName": "Wdra\u017canie ERP",
            "name": "Wdra\u017canie system\u00f3w klasy ERP"
        }
    }, 
    {
        "pk": 101, 
        "model": "courses.courseentity", 
        "fields": {
            "shortName": null,
            "name": "Text mining"
        }
    }, 
    {
        "pk": 102, 
        "model": "courses.courseentity", 
        "fields": {
            "shortName": "Alg. tekstowe",
            "name": "Algorytmy tekstowe"
        }
    }, 
    {
        "pk": 103, 
        "model": "courses.courseentity", 
        "fields": {
            "shortName": "Zast. w. Czebyszewa",
            "name": "Zastosowania wielomian\u00f3w Czebyszewa"
        }
    }, 
    {
        "pk": 104, 
        "model": "courses.courseentity", 
        "fields": {
            "shortName": "Logika formalna",
            "name": "Wprowadzenie do logiki formalnej"
        }
    }, 
    {
        "pk": 105, 
        "model": "courses.courseentity", 
        "fields": {
            "shortName": "Tpjp",
            "name": "Teoretyczne podstawy j\u0119zyk\u00f3w programowania"
        }
    }, 
    {
        "pk": 106, 
        "model": "courses.courseentity", 
        "fields": {
            "shortName": "Sem: Protoko\u0142y R. E.",
            "name": "Seminarium: Protoko\u0142y Rynku Elektronicznego"
        }
    }, 
    {
        "pk": 107, 
        "model": "courses.courseentity", 
        "fields": {
            "shortName": "CUDA",
            "name": "\tProcesory graficzne w obliczeniach r\u00f3wnoleg\u0142ych (CUDA)"
        }
    }, 
    {
        "pk": 108, 
        "model": "courses.courseentity", 
        "fields": {
            "shortName": "Kurs LUA",
            "name": "Kurs j\u0119zyka Lua"
        }
    }, 
    {
        "pk": 109, 
        "model": "courses.courseentity", 
        "fields": {
            "shortName": "Sem: k. i p. w graf. komp.",
            "name": "Seminarium: Krzywe i powierzchnie w grafice komputerowej"
        }
    }, 
    {
        "pk": 110, 
        "model": "courses.courseentity", 
        "fields": {
            "shortName": "Sem: algorytmika",
            "name": "Seminarium: Algorytmika: nowe osi\u0105gni\u0119cia i trendy"
        }
    }, 
    {
        "pk": 111, 
        "model": "courses.courseentity", 
        "fields": {
            "shortName": "Kurs C",
            "name": "Kurs j\u0119zyka ANSI C z elementami C++ (ang.)"
        }
    }, 
    {
        "pk": 112, 
        "model": "courses.courseentity", 
        "fields": {
            "shortName": null,
            "name": "Rachunek lambda"
        }
    }, 
    {
        "pk": 113, 
        "model": "courses.courseentity", 
        "fields": {
            "shortName": "Logika",
            "name": "Logika dla informatyk\u00f3w"
        }
    }, 
    {
        "pk": 114, 
        "model": "courses.courseentity", 
        "fields": {
            "shortName": "Funkcyjne",
            "name": "Programowanie funkcyjne"
        }
    }, 
    {
        "pk": 115, 
        "model": "courses.courseentity", 
        "fields": {
            "shortName": null,
            "name": "Bazy danych 2"
        }
    }, 
    {
        "pk": 116, 
        "model": "courses.courseentity", 
        "fields": {
            "shortName": null,
            "name": "Analiza numeryczna (M)"
        }
    }, 
    {
        "pk": 117, 
        "model": "courses.courseentity", 
        "fields": {
            "shortName": null,
            "name": "Programowanie"
        }
    }, 
    {
        "pk": 118, 
        "model": "courses.courseentity", 
        "fields": {
            "shortName": "Modelowanie",
            "name": "Modelowanie zjawisk przyrodniczych"
        }
    }, 
    {
        "pk": 119, 
        "model": "courses.courseentity", 
        "fields": {
            "shortName": "LPP",
            "name": "Licencjacki projekt programistyczny"
        }
    }, 
    {
        "pk": 120, 
        "model": "courses.courseentity", 
        "fields": {
            "shortName": null,
            "name": "Analiza matematyczna"
        }
    }, 
    {
        "pk": 121, 
        "model": "courses.courseentity", 
        "fields": {
            "shortName": null,
            "name": "Sieci neuronowe"
        }
    }, 
    {
        "pk": 122, 
        "model": "courses.courseentity", 
        "fields": {
            "shortName": "Kurs: UNIX",
            "name": "Kurs: UNIX - \u015brodowisko i narz\u0119dzia programowania"
        }
    }, 
    {
        "pk": 123, 
        "model": "courses.courseentity", 
        "fields": {
            "shortName": "Sem: alg. ewolucyjne",
            "name": "Seminarium: Zastosowania algorytm\u00f3w ewolucyjnych"
        }
    }, 
    {
        "pk": 124, 
        "model": "courses.courseentity", 
        "fields": {
            "shortName": "Kurs .NET",
            "name": "Kurs programowania pod Windows w technologii .NET"
        }
    }, 
    {
        "pk": 125, 
        "model": "courses.courseentity", 
        "fields": {
            "shortName": "JFiZO",
            "name": "\tJ\u0119zyki formalne i z\u0142o\u017cono\u015b\u0107 obliczeniowa"
        }
    }, 
    {
        "pk": 126, 
        "model": "courses.courseentity", 
        "fields": {
            "shortName": null,
            "name": "Bazy danych"
        }
    }, 
    {
        "pk": 127, 
        "model": "courses.courseentity", 
        "fields": {
            "shortName": "Sem: bezpiecze\u0144",
            "name": "\tSeminarium: Bezpiecze\u0144stwo i ochrona informacji"
        }
    }, 
    {
        "pk": 128, 
        "model": "courses.courseentity", 
        "fields": {
            "shortName": null,
            "name": "Algebra"
        }
    }, 
    {
        "pk": 129, 
        "model": "courses.courseentity", 
        "fields": {
            "shortName": "Teoria kategorii",
            "name": "Zastosowanie teorii kategorii do konstruowania program\u00f3w"
        }
    }, 
    
    {
        "pk": 1, 
        "model": "courses.semester", 
        "fields": {
            "records_opening": "2009-09-25 00:00:00", 
            "visible": true, 
            "type": "z", 
            "records_closing": "2009-10-15 00:00:00",
            "semester_beginning": "2009-10-01",
            "semester_ending": "2010-02-02",
            "year": 2009
        }
    }, 
    {
        "pk": 2, 
        "model": "courses.semester", 
        "fields": {
            "records_opening": "2010-02-20 00:00:00",
            "visible": true, 
            "type": "l", 
            "records_closing": "2010-03-10 00:00:00",
            "semester_beginning": "2010-02-26",
            "semester_ending": "2010-06-21",
            "year": 2009
        }
    }, 
    {
        "pk": 3, 
        "model": "courses.semester", 
        "fields": {
            "records_opening": "2010-09-25 00:00:00", 
            "visible": true, 
            "type": "z", 
            "records_closing": "2010-10-15 00:00:00",
            "semester_beginning": "2010-10-01",
            "semester_ending": "2011-02-02",
            "year": 2010
        }
    }, 
    {
        "pk": 4, 
        "model": "courses.semester", 
        "fields": {
            "records_opening": "2011-02-20 00:00:00",
            "visible": true, 
            "type": "l", 
            "records_closing": "2011-03-10 00:00:00",
            "semester_beginning": "2011-02-26",
            "semester_ending": "2011-06-21",
            "year": 2010
        }
    },  
    {
        "pk": 0, 
        "model": "users.program", 
        "fields": {
            "name": "in\u017cynierskie",
            "type_of_points": 1
        }
    }, 
    {
        "pk": 1, 
        "model": "users.program", 
        "fields": {
            "name": "magisterskie",
            "type_of_points": 1
        }
    }, 
    {
        "pk": 2, 
        "model": "users.program", 
        "fields": {
            "name": "licencjackie",
            "type_of_points": 1
        }
    }, 
    {
        "pk": 3, 
        "model": "users.program", 
        "fields": {
            "name": "doktoranckie",
            "type_of_points": 1
        }
    },
    {
        "pk": 1, 
        "model": "poll.option", 
        "fields": {
            "content": "algorytmika"
        }
    }, 
    {
        "pk": 2, 
        "model": "poll.option", 
        "fields": {
            "content": "kryptografia i bezpiecze\u0144stwo"
        }
    }, 
    {
        "pk": 3, 
        "model": "poll.option", 
        "fields": {
            "content": "sieci i administracja systemami"
        }
    }, 
    {
        "pk": 4, 
        "model": "poll.option", 
        "fields": {
            "content": "grafika komputerowa"
        }
    }, 
    {
        "pk": 5, 
        "model": "poll.option", 
        "fields": {
            "content": "in\u017cynieria oprogramowania"
        }
    }, 
    {
        "pk": 6, 
        "model": "poll.option", 
        "fields": {
            "content": "tak"
        }
    }, 
    {
        "pk": 7, 
        "model": "poll.option", 
        "fields": {
            "content": "nie"
        }
    }, 
    {
        "pk": 8, 
        "model": "poll.option", 
        "fields": {
            "content": "tak"
        }
    }, 
    {
        "pk": 9, 
        "model": "poll.option", 
        "fields": {
            "content": "nie"
        }
    }, 
    {
        "pk": 10, 
        "model": "poll.option", 
        "fields": {
            "content": "tak"
        }
    }, 
    {
        "pk": 11, 
        "model": "poll.option", 
        "fields": {
            "content": "nie"
        }
    }, 
    {
        "pk": 12, 
        "model": "poll.option", 
        "fields": {
            "content": "1"
        }
    }, 
    {
        "pk": 13, 
        "model": "poll.option", 
        "fields": {
            "content": "2"
        }
    }, 
    {
        "pk": 14, 
        "model": "poll.option", 
        "fields": {
            "content": "3"
        }
    }, 
    {
        "pk": 15, 
        "model": "poll.option", 
        "fields": {
            "content": "4"
        }
    }, 
    {
        "pk": 16, 
        "model": "poll.option", 
        "fields": {
            "content": "5"
        }
    }, 
    {
        "pk": 17, 
        "model": "poll.option", 
        "fields": {
            "content": "1"
        }
    }, 
    {
        "pk": 18, 
        "model": "poll.option", 
        "fields": {
            "content": "2"
        }
    }, 
    {
        "pk": 19, 
        "model": "poll.option", 
        "fields": {
            "content": "3"
        }
    }, 
    {
        "pk": 20, 
        "model": "poll.option", 
        "fields": {
            "content": "4"
        }
    }, 
    {
        "pk": 21, 
        "model": "poll.option", 
        "fields": {
            "content": "5"
        }
    }, 
    {
        "pk": 22, 
        "model": "poll.option", 
        "fields": {
            "content": "1"
        }
    }, 
    {
        "pk": 23, 
        "model": "poll.option", 
        "fields": {
            "content": "2"
        }
    }, 
    {
        "pk": 24, 
        "model": "poll.option", 
        "fields": {
            "content": "3"
        }
    }, 
    {
        "pk": 25, 
        "model": "poll.option", 
        "fields": {
            "content": "4"
        }
    }, 
    {
        "pk": 26, 
        "model": "poll.option", 
        "fields": {
            "content": "5"
        }
    }, 
    {
        "pk": 27, 
        "model": "poll.option", 
        "fields": {
            "content": "tak"
        }
    }, 
    {
        "pk": 28, 
        "model": "poll.option", 
        "fields": {
            "content": "nie"
        }
    }, 
    {
        "pk": 29, 
        "model": "poll.option", 
        "fields": {
            "content": "tak"
        }
    }, 
    {
        "pk": 30, 
        "model": "poll.option", 
        "fields": {
            "content": "nie"
        }
    }, 
    {
        "pk": 31, 
        "model": "poll.option", 
        "fields": {
            "content": "tak"
        }
    }, 
    {
        "pk": 32, 
        "model": "poll.option", 
        "fields": {
            "content": "nie"
        }
    }, 
    {
        "pk": 33, 
        "model": "poll.option", 
        "fields": {
            "content": "tak"
        }
    }, 
    {
        "pk": 34, 
        "model": "poll.option", 
        "fields": {
            "content": "nie"
        }
    }, 
    {
        "pk": 35, 
        "model": "poll.option", 
        "fields": {
            "content": "poni\u017cej 1h"
        }
    }, 
    {
        "pk": 36, 
        "model": "poll.option", 
        "fields": {
            "content": "mi\u0119dzy 2 a 5 h"
        }
    }, 
    {
        "pk": 37, 
        "model": "poll.option", 
        "fields": {
            "content": "powy\u017cej 5h"
        }
    }, 
    {
        "pk": 38, 
        "model": "poll.option", 
        "fields": {
            "content": "tak"
        }
    }, 
    {
        "pk": 39, 
        "model": "poll.option", 
        "fields": {
            "content": "nie"
        }
    }, 
    {
        "pk": 40, 
        "model": "poll.option", 
        "fields": {
            "content": "tak"
        }
    }, 
    {
        "pk": 41, 
        "model": "poll.option", 
        "fields": {
            "content": "nie"
        }
    }, 
    {
        "pk": 42, 
        "model": "poll.option", 
        "fields": {
            "content": "tak"
        }
    }, 
    {
        "pk": 43, 
        "model": "poll.option", 
        "fields": {
            "content": "nie"
        }
    }, 
    {
        "pk": 44, 
        "model": "poll.option", 
        "fields": {
            "content": "tak"
        }
    }, 
    {
        "pk": 45, 
        "model": "poll.option", 
        "fields": {
            "content": "nie"
        }
    }, 
    {
        "pk": 46, 
        "model": "poll.option", 
        "fields": {
            "content": "tak"
        }
    }, 
    {
        "pk": 47, 
        "model": "poll.option", 
        "fields": {
            "content": "nie"
        }
    }, 
    {
        "pk": 48, 
        "model": "poll.option", 
        "fields": {
            "content": "tak"
        }
    }, 
    {
        "pk": 49, 
        "model": "poll.option", 
        "fields": {
            "content": "nie"
        }
    }, 
    {
        "pk": 50, 
        "model": "poll.option", 
        "fields": {
            "content": "tak"
        }
    }, 
    {
        "pk": 51, 
        "model": "poll.option", 
        "fields": {
            "content": "nie"
        }
    }, 
    {
        "pk": 52, 
        "model": "poll.option", 
        "fields": {
            "content": "tak"
        }
    }, 
    {
        "pk": 53, 
        "model": "poll.option", 
        "fields": {
            "content": "nie"
        }
    }, 
    {
        "pk": 54, 
        "model": "poll.option", 
        "fields": {
            "content": "niedba\u0142e"
        }
    }, 
    {
        "pk": 55, 
        "model": "poll.option", 
        "fields": {
            "content": "trudne do znalezienia"
        }
    }, 
    {
        "pk": 56, 
        "model": "poll.option", 
        "fields": {
            "content": "nie na temat"
        }
    }, 
    {
        "pk": 57, 
        "model": "poll.option", 
        "fields": {
            "content": "solidnie przygotowane"
        }
    }, 
    {
        "pk": 58, 
        "model": "poll.option", 
        "fields": {
            "content": "czytelne"
        }
    }, 
    {
        "pk": 59, 
        "model": "poll.option", 
        "fields": {
            "content": "pojawiaj\u0105ce si\u0119 z du\u017cym op\u00f3\u017anieniem"
        }
    }, 
    {
        "pk": 60, 
        "model": "poll.option", 
        "fields": {
            "content": "pojawiaj\u0105ce si\u0119 tu\u017c przed/po zaj\u0119ciach"
        }
    }, 
    {
        "pk": 1, 
        "model": "poll.multiplechoicequestion", 
        "fields": {
            "content": "Z jakich dziedzin jest za ma\u0142o zaj\u0119\u0107?", 
            "choice_limit": 6, 
            "description": "", 
            "has_other": true, 
            "options": [
                1, 
                2, 
                3, 
                4, 
                5
            ]
        }
    }, 
    {
        "pk": 2, 
        "model": "poll.multiplechoicequestion", 
        "fields": {
            "content": "Jak oceniasz materia\u0142y przygotowane przez prowadz\u0105cego?", 
            "choice_limit": 4, 
            "description": "Chodzi zar\u00f3wno o notatki w\u0142asne prowadz\u0105cego, jak i linki/bibliografi\u0119", 
            "has_other": true, 
            "options": [
                54, 
                55, 
                56, 
                57, 
                58, 
                59, 
                60
            ]
        }
    }, 
    {
        "pk": 2, 
        "model": "poll.multiplechoicequestionordering", 
        "fields": {
            "sections": 7, 
            "question": 2, 
            "position": 4
        }
    }, 
    {
        "pk": 1, 
        "model": "poll.multiplechoicequestionordering", 
        "fields": {
            "sections": 1, 
            "question": 1, 
            "position": 3
        }
    }, 
    {
        "pk": 1, 
        "model": "poll.singlechoicequestion", 
        "fields": {
            "content": "Czy jeste\u015b zadowolony z poziomu studi\u00f3w w instytucie?", 
            "is_scale": false, 
            "description": "", 
            "options": [
                6, 
                7
            ]
        }
    }, 
    {
        "pk": 2, 
        "model": "poll.singlechoicequestion", 
        "fields": {
            "content": "Czy poleci\u0142by\u015b te studia swoim znajomym?", 
            "is_scale": false, 
            "description": "", 
            "options": [
                8, 
                9
            ]
        }
    }, 
    {
        "pk": 3, 
        "model": "poll.singlechoicequestion", 
        "fields": {
            "content": "Czy ucz\u0119szczasz w ramach studi\u00f3w na zaj\u0119cia prowadzone przez inne, ni\u017c Instytut Informatyki, jednostki?", 
            "is_scale": false, 
            "description": "", 
            "options": [
                10, 
                11
            ]
        }
    }, 
    {
        "pk": 4, 
        "model": "poll.singlechoicequestion", 
        "fields": {
            "content": "Jak oceniasz przygotowanie zaj\u0119\u0107 WF", 
            "is_scale": true, 
            "description": "", 
            "options": [
                12, 
                13, 
                14, 
                15, 
                16
            ]
        }
    }, 
    {
        "pk": 5, 
        "model": "poll.singlechoicequestion", 
        "fields": {
            "content": "Jak oceniasz przygotowanie zaj\u0119\u0107 w SPNJO", 
            "is_scale": true, 
            "description": "", 
            "options": [
                17, 
                18, 
                19, 
                20, 
                21
            ]
        }
    }, 
    {
        "pk": 6, 
        "model": "poll.singlechoicequestion", 
        "fields": {
            "content": "Jak oceniasz przygotowanie zaj\u0119\u0107 w Instytucie Matematycznym?", 
            "is_scale": true, 
            "description": "", 
            "options": [
                22, 
                23, 
                24, 
                25, 
                26
            ]
        }
    }, 
    {
        "pk": 7, 
        "model": "poll.singlechoicequestion", 
        "fields": {
            "content": "Czy przedmiot by\u0142 ciekawy?", 
            "is_scale": false, 
            "description": "", 
            "options": [
                27, 
                28
            ]
        }
    }, 
    {
        "pk": 8, 
        "model": "poll.singlechoicequestion", 
        "fields": {
            "content": "Czy uwa\u017casz przedmiot za przydatny?", 
            "is_scale": false, 
            "description": "", 
            "options": [
                29, 
                30
            ]
        }
    }, 
    {
        "pk": 9, 
        "model": "poll.singlechoicequestion", 
        "fields": {
            "content": "Czy polecane zadania pomaga\u0142y w zrozumieniu przedmiotu?", 
            "is_scale": false, 
            "description": "", 
            "options": [
                31, 
                32
            ]
        }
    }, 
    {
        "pk": 10, 
        "model": "poll.singlechoicequestion", 
        "fields": {
            "content": "Czy zadania mia\u0142y odpowiedni poziom trudno\u015bci?", 
            "is_scale": false, 
            "description": "", 
            "options": [
                33, 
                34
            ]
        }
    }, 
    {
        "pk": 11, 
        "model": "poll.singlechoicequestion", 
        "fields": {
            "content": "Ile czasu (tygodniowo) po\u015bwi\u0119ca\u0142e\u015b na przygotowywanie si\u0119 do zaj\u0119\u0107?", 
            "is_scale": false, 
            "description": "", 
            "options": [
                35, 
                36, 
                37
            ]
        }
    }, 
    {
        "pk": 12, 
        "model": "poll.singlechoicequestion", 
        "fields": {
            "content": "Czy prowadz\u0105cy pomaga\u0142 rozwi\u0105za\u0107 zadania, dawa\u0142 wskaz\u00f3wki, by\u0142 dost\u0119pny na konsultacjach?", 
            "is_scale": false, 
            "description": "", 
            "options": [
                38, 
                39
            ]
        }
    }, 
    {
        "pk": 13, 
        "model": "poll.singlechoicequestion", 
        "fields": {
            "content": "Czy zaj\u0119cia by\u0142y prowadzone w odpowiednim tempie?", 
            "is_scale": false, 
            "description": "", 
            "options": [
                40, 
                41
            ]
        }
    }, 
    {
        "pk": 14, 
        "model": "poll.singlechoicequestion", 
        "fields": {
            "content": "Czy wi\u0119kszo\u015b\u0107 obecnych (Twoim zdaniem) rozumia\u0142a, co si\u0119 dzieje na zaj\u0119ciach?", 
            "is_scale": false, 
            "description": "", 
            "options": [
                42, 
                43
            ]
        }
    }, 
    {
        "pk": 15, 
        "model": "poll.singlechoicequestion", 
        "fields": {
            "content": "Czy przedmiot by\u0142 ciekawy?", 
            "is_scale": false, 
            "description": "", 
            "options": [
                44, 
                45
            ]
        }
    }, 
    {
        "pk": 16, 
        "model": "poll.singlechoicequestion", 
        "fields": {
            "content": "Czy uwa\u017casz przedmiot za przydatny?", 
            "is_scale": false, 
            "description": "", 
            "options": [
                46, 
                47
            ]
        }
    }, 
    {
        "pk": 17, 
        "model": "poll.singlechoicequestion", 
        "fields": {
            "content": "Czy do zaj\u0119\u0107 prowadz\u0105cy przygotowywa\u0142 materia\u0142y dodatkowe?", 
            "is_scale": false, 
            "description": "", 
            "options": [
                48, 
                49
            ]
        }
    }, 
    {
        "pk": 18, 
        "model": "poll.singlechoicequestion", 
        "fields": {
            "content": "Czy by\u0142y one \u0142atwo dost\u0119pne?", 
            "is_scale": false, 
            "description": "", 
            "options": [
                50, 
                51
            ]
        }
    }, 
    {
        "pk": 19, 
        "model": "poll.singlechoicequestion", 
        "fields": {
            "content": "Czy prowadz\u0105cy podawa\u0142 list\u0119 literatury, stron www lub innych podobnych, poszerzaj\u0105cych wiedz\u0119 na dany temat?", 
            "is_scale": false, 
            "description": "", 
            "options": [
                52, 
                53
            ]
        }
    }, 
    {
        "pk": 15, 
        "model": "poll.singlechoicequestionordering", 
        "fields": {
            "sections": 7, 
            "hide_on": [], 
            "question": 17, 
            "is_leading": false, 
            "position": 0
        }
    }, 
    {
        "pk": 16, 
        "model": "poll.singlechoicequestionordering", 
        "fields": {
            "sections": 7, 
            "hide_on": [], 
            "question": 18, 
            "is_leading": false, 
            "position": 2
        }
    }, 
    {
        "pk": 17, 
        "model": "poll.singlechoicequestionordering", 
        "fields": {
            "sections": 7, 
            "hide_on": [], 
            "question": 19, 
            "is_leading": false, 
            "position": 3
        }
    }, 
    {
        "pk": 7, 
        "model": "poll.singlechoicequestionordering", 
        "fields": {
            "sections": 4, 
            "hide_on": [], 
            "question": 7, 
            "is_leading": false, 
            "position": 1
        }
    }, 
    {
        "pk": 8, 
        "model": "poll.singlechoicequestionordering", 
        "fields": {
            "sections": 4, 
            "hide_on": [], 
            "question": 8, 
            "is_leading": false, 
            "position": 4
        }
    }, 
    {
        "pk": 9, 
        "model": "poll.singlechoicequestionordering", 
        "fields": {
            "sections": 5, 
            "hide_on": [], 
            "question": 9, 
            "is_leading": false, 
            "position": 1
        }
    }, 
    {
        "pk": 10, 
        "model": "poll.singlechoicequestionordering", 
        "fields": {
            "sections": 5, 
            "hide_on": [], 
            "question": 10, 
            "is_leading": false, 
            "position": 2
        }
    }, 
    {
        "pk": 11, 
        "model": "poll.singlechoicequestionordering", 
        "fields": {
            "sections": 5, 
            "hide_on": [], 
            "question": 11, 
            "is_leading": false, 
            "position": 3
        }
    }, 
    {
        "pk": 12, 
        "model": "poll.singlechoicequestionordering", 
        "fields": {
            "sections": 5, 
            "hide_on": [], 
            "question": 12, 
            "is_leading": false, 
            "position": 4
        }
    }, 
    {
        "pk": 1, 
        "model": "poll.singlechoicequestionordering", 
        "fields": {
            "sections": 2, 
            "hide_on": [], 
            "question": 1, 
            "is_leading": false, 
            "position": 1
        }
    }, 
    {
        "pk": 2, 
        "model": "poll.singlechoicequestionordering", 
        "fields": {
            "sections": 2, 
            "hide_on": [], 
            "question": 2, 
            "is_leading": false, 
            "position": 2
        }
    }, 
    {
        "pk": 4, 
        "model": "poll.singlechoicequestionordering", 
        "fields": {
            "sections": 3, 
            "hide_on": [], 
            "question": 4, 
            "is_leading": true, 
            "position": 1
        }
    }, 
    {
        "pk": 3, 
        "model": "poll.singlechoicequestionordering", 
        "fields": {
            "sections": 3, 
            "hide_on": [], 
            "question": 3, 
            "is_leading": false, 
            "position": 0
        }
    }, 
    {
        "pk": 5, 
        "model": "poll.singlechoicequestionordering", 
        "fields": {
            "sections": 3, 
            "hide_on": [], 
            "question": 5, 
            "is_leading": false, 
            "position": 2
        }
    }, 
    {
        "pk": 6, 
        "model": "poll.singlechoicequestionordering", 
        "fields": {
            "sections": 3, 
            "hide_on": [], 
            "question": 6, 
            "is_leading": false, 
            "position": 3
        }
    }, 
    {
        "pk": 13, 
        "model": "poll.singlechoicequestionordering", 
        "fields": {
            "sections": 6, 
            "hide_on": [], 
            "question": 13, 
            "is_leading": false, 
            "position": 1
        }
    }, 
    {
        "pk": 14, 
        "model": "poll.singlechoicequestionordering", 
        "fields": {
            "sections": 6, 
            "hide_on": [], 
            "question": 14, 
            "is_leading": false, 
            "position": 2
        }
    }, 
    {
        "pk": 1, 
        "model": "poll.openquestion", 
        "fields": {
            "content": "Jakie przedmioty powinny zosta\u0107 dodane w przysz\u0142ym roku do oferty dydaktycznej?", 
            "description": null
        }
    }, 
    {
        "pk": 2, 
        "model": "poll.openquestion", 
        "fields": {
            "content": "Jakie przedmioty powinny by\u0107 usuni\u0119te z oferty dydaktycznej?", 
            "description": null
        }
    }, 
    {
        "pk": 3, 
        "model": "poll.openquestion", 
        "fields": {
            "content": "Czy uwa\u017casz, \u017ce jakie\u015b przedmioty powinny by\u0107 prowadzone inaczej? Je\u015bli tak - to jak?", 
            "description": null
        }
    }, 
    {
        "pk": 4, 
        "model": "poll.openquestion", 
        "fields": {
            "content": "Czy jest co\u015b, co nie podoba Ci si\u0119 w sposobie funkcjonowania instytutu?", 
            "description": null
        }
    }, 
    {
        "pk": 5, 
        "model": "poll.openquestion", 
        "fields": {
            "content": "Czy masz jakie\u015b uwagi dotycz\u0105ce zaj\u0119\u0107 prowadzonych poza Instytutem Informatyki?", 
            "description": null
        }
    }, 
    {
        "pk": 6, 
        "model": "poll.openquestion", 
        "fields": {
            "content": "Co Ci si\u0119 najbardziej podoba\u0142o?", 
            "description": null
        }
    }, 
    {
        "pk": 7, 
        "model": "poll.openquestion", 
        "fields": {
            "content": "Co Ci si\u0119 najbardziej nie podoba\u0142o?", 
            "description": null
        }
    }, 
    {
        "pk": 8, 
        "model": "poll.openquestion", 
        "fields": {
            "content": "Co by\u015b zmieni\u0142?", 
            "description": null
        }
    }, 
    {
        "pk": 9, 
        "model": "poll.openquestion", 
        "fields": {
            "content": "Jakie s\u0105 Twoje odczucia zwi\u0105zane ze sposobem prowadzenia zaj\u0119\u0107?", 
            "description": null
        }
    }, 
    {
        "pk": 10, 
        "model": "poll.openquestion", 
        "fields": {
            "content": "Co Ci si\u0119 najbardziej podoba\u0142o?", 
            "description": null
        }
    }, 
    {
        "pk": 11, 
        "model": "poll.openquestion", 
        "fields": {
            "content": "Co Ci si\u0119 najbardziej nie podoba\u0142o?", 
            "description": null
        }
    }, 
    {
        "pk": 12, 
        "model": "poll.openquestion", 
        "fields": {
            "content": "Co by\u015b zmieni\u0142?", 
            "description": null
        }
    }, 
    {
        "pk": 13, 
        "model": "poll.openquestion", 
        "fields": {
            "content": "Czy materia\u0142y okaza\u0142y si\u0119 by\u0107 przydatne?", 
            "description": null
        }
    }, 
    {
        "pk": 10, 
        "model": "poll.openquestionordering", 
        "fields": {
            "sections": 7, 
            "question": 13, 
            "position": 1
        }
    }, 
    {
        "pk": 6, 
        "model": "poll.openquestionordering", 
        "fields": {
            "sections": 4, 
            "question": 6, 
            "position": 2
        }
    }, 
    {
        "pk": 7, 
        "model": "poll.openquestionordering", 
        "fields": {
            "sections": 4, 
            "question": 7, 
            "position": 3
        }
    }, 
    {
        "pk": 8, 
        "model": "poll.openquestionordering", 
        "fields": {
            "sections": 4, 
            "question": 8, 
            "position": 5
        }
    }, 
    {
        "pk": 4, 
        "model": "poll.openquestionordering", 
        "fields": {
            "sections": 2, 
            "question": 4, 
            "position": 3
        }
    }, 
    {
        "pk": 5, 
        "model": "poll.openquestionordering", 
        "fields": {
            "sections": 3, 
            "question": 5, 
            "position": 4
        }
    }, 
    {
        "pk": 1, 
        "model": "poll.openquestionordering", 
        "fields": {
            "sections": 1, 
            "question": 1, 
            "position": 1
        }
    }, 
    {
        "pk": 2, 
        "model": "poll.openquestionordering", 
        "fields": {
            "sections": 1, 
            "question": 2, 
            "position": 2
        }
    }, 
    {
        "pk": 3, 
        "model": "poll.openquestionordering", 
        "fields": {
            "sections": 1, 
            "question": 3, 
            "position": 4
        }
    }, 
    {
        "pk": 9, 
        "model": "poll.openquestionordering", 
        "fields": {
            "sections": 6, 
            "question": 9, 
            "position": 3
        }
    }, 
    {
        "pk": 7, 
        "model": "poll.section", 
        "fields": {
            "deleted": false, 
            "description": "", 
            "title": "Materia\u0142y dodatkowe"
        }
    }, 
    {
        "pk": 4, 
        "model": "poll.section", 
        "fields": {
            "deleted": false, 
            "description": "", 
            "title": "O przedmiocie"
        }
    }, 
    {
        "pk": 5, 
        "model": "poll.section", 
        "fields": {
            "deleted": false, 
            "description": "", 
            "title": "O zadaniach"
        }
    }, 
    {
        "pk": 2, 
        "model": "poll.section", 
        "fields": {
            "deleted": false, 
            "description": "", 
            "title": "Pytania o instytut"
        }
    }, 
    {
        "pk": 3, 
        "model": "poll.section", 
        "fields": {
            "deleted": false, 
            "description": "", 
            "title": "Pytania o zaj\u0119cia dodatkowe"
        }
    }, 
    {
        "pk": 1, 
        "model": "poll.section", 
        "fields": {
            "deleted": false, 
            "description": "", 
            "title": "Pytania og\u00f3lne"
        }
    }, 
    {
        "pk": 6, 
        "model": "poll.section", 
        "fields": {
            "deleted": false, 
            "description": "", 
            "title": "Tempo prowadzenia"
        }
    } 
, {"pk": 2, "model": "users.employee", "fields": {"consultations": "Brak", "room": 123, "receive_mass_mail_offer": true, "user": 19, "receive_mass_mail_enrollment": true, "homepage": "http://www.ii.uni.wroc.pl/", "receive_mass_mail_grade": true}}
, {"pk": 3, "model": "users.employee", "fields": {"consultations": "Jeszcze czego", "room": 1, "receive_mass_mail_offer": true, "user": 20, "receive_mass_mail_enrollment": true, "homepage": "http://www.ii.uni.wroc.pl/", "receive_mass_mail_grade": true}}
, {"pk": 4, "model": "users.employee", "fields": {"consultations": "Brak", "room": 2, "receive_mass_mail_offer": true, "user": 21, "receive_mass_mail_enrollment": true, "homepage": "http://www.ii.uni.wroc.pl/", "receive_mass_mail_grade": true}}
, {"pk": 5, "model": "users.employee", "fields": {"consultations": "Brak", "room": 1, "receive_mass_mail_offer": true, "user": 22, "receive_mass_mail_enrollment": true, "homepage": "http://www.ii.uni.wroc.pl/", "receive_mass_mail_grade": true}}
, {"pk": 6, "model": "users.employee", "fields": {"consultations": "Brak", "room": 1, "receive_mass_mail_offer": true, "user": 23, "receive_mass_mail_enrollment": true, "homepage": "http://www.ii.uni.wroc.pl/", "receive_mass_mail_grade": true}}
, {"pk": 7, "model": "users.employee", "fields": {"consultations": "Bra", "room": 1, "receive_mass_mail_offer": true, "user": 24, "receive_mass_mail_enrollment": true, "homepage": "http://www.ii.uni.wroc.pl/", "receive_mass_mail_grade": true}}
, {"pk": 8, "model": "users.employee", "fields": {"consultations": "sda", "room": 12, "receive_mass_mail_offer": true, "user": 25, "receive_mass_mail_enrollment": true, "homepage": "http://www.ii.uni.wroc.pl/", "receive_mass_mail_grade": true}}
, {"pk": 9, "model": "users.employee", "fields": {"consultations": "Brak", "room": 1, "receive_mass_mail_offer": true, "user": 26, "receive_mass_mail_enrollment": true, "homepage": "http://www.ii.uni.wroc.pl/", "receive_mass_mail_grade": true}}
, {"pk": 2, "model": "users.student", "fields": {"ects": 0, "records_opening_bonus_minutes": 0, "semestr": 0, "program": 1, "receive_mass_mail_offer": true, "user": 18, "matricula": "1", "receive_mass_mail_enrollment": true, "block": false, "receive_mass_mail_grade": true}}
, {"pk": 3, "model": "users.student", "fields": {"ects": 0, "records_opening_bonus_minutes": 0, "semestr": 0, "program": 1, "receive_mass_mail_offer": true, "user": 12, "matricula": "2", "receive_mass_mail_enrollment": true, "block": false, "receive_mass_mail_grade": true}}
, {"pk": 4, "model": "users.student", "fields": {"ects": 0, "records_opening_bonus_minutes": 0, "semestr": 0, "program": 1, "receive_mass_mail_offer": true, "user": 13, "matricula": "3", "receive_mass_mail_enrollment": true, "block": false, "receive_mass_mail_grade": true}}
, {"pk": 5, "model": "users.student", "fields": {"ects": 0, "records_opening_bonus_minutes": 0, "semestr": 0, "program": 1, "receive_mass_mail_offer": true, "user": 11, "matricula": "4", "receive_mass_mail_enrollment": true, "block": false, "receive_mass_mail_grade": true}}
, {"pk": 6, "model": "users.student", "fields": {"ects": 0, "records_opening_bonus_minutes": 0, "semestr": 0, "program": 1, "receive_mass_mail_offer": true, "user": 15, "matricula": "5", "receive_mass_mail_enrollment": true, "block": false, "receive_mass_mail_grade": true}}
, {"pk": 7, "model": "users.student", "fields": {"ects": 0, "records_opening_bonus_minutes": 0, "semestr": 0, "program": 1, "receive_mass_mail_offer": true, "user": 16, "matricula": "6", "receive_mass_mail_enrollment": true, "block": false, "receive_mass_mail_grade": true}}
, {"pk": 8, "model": "users.student", "fields": {"ects": 0, "records_opening_bonus_minutes": 0, "semestr": 0, "program": 1, "receive_mass_mail_offer": true, "user": 17, "matricula": "7", "receive_mass_mail_enrollment": true, "block": false, "receive_mass_mail_grade": true}}
, {"pk": 9, "model": "users.student", "fields": {"ects": 0, "records_opening_bonus_minutes": 0, "semestr": 8, "program": 1, "receive_mass_mail_offer": true, "user": 14, "matricula": "8", "receive_mass_mail_enrollment": true, "block": false, "receive_mass_mail_grade": true}}
, {"pk": 2, "model": "auth.user", "fields": {"username": "admin", "first_name": "Admin", "last_name": "Adminowski", "is_active": true, "is_superuser": true, "is_staff": true, "last_login": "2011-05-23 09:59:57", "groups": [], "user_permissions": [], "password": "sha1$e828d$fd93e3abb5870aaab4d61b82571e4be3e87a9044", "email": "admin@admin.fereol.pl", "date_joined": "2011-05-23 09:41:21"}}
, {"pk": 3, "model": "auth.user", "fields": {"username": "admin_amurawska", "first_name": "Agata", "last_name": "Murawska", "is_active": true, "is_superuser": true, "is_staff": true, "last_login": "2011-05-23 09:43:56", "groups": [], "user_permissions": [], "password": "sha1$6cc24$71ac73508c7b453bdc500cd16584fb583a136651", "email": "", "date_joined": "2011-05-23 09:43:56"}}
, {"pk": 4, "model": "auth.user", "fields": {"username": "admin_mjurkiewicz", "first_name": "Ma\u0142gorzata", "last_name": "Jurkiewicz", "is_active": true, "is_superuser": true, "is_staff": true, "last_login": "2011-05-23 09:44:20", "groups": [], "user_permissions": [], "password": "sha1$b50ec$6798d8177d0e8bc22b02ced5b76a006a0a6d2863", "email": "", "date_joined": "2011-05-23 09:44:20"}}
, {"pk": 5, "model": "auth.user", "fields": {"username": "admin_kstosiek", "first_name": "Karol", "last_name": "Stosiek", "is_active": true, "is_superuser": true, "is_staff": true, "last_login": "2011-05-23 09:44:39", "groups": [], "user_permissions": [], "password": "sha1$89e92$7c6c21021f55632cfa48a35dd60f9915547ab298", "email": "", "date_joined": "2011-05-23 09:44:39"}}
, {"pk": 6, "model": "auth.user", "fields": {"username": "admin_aflinik", "first_name": "Arkadiusz", "last_name": "Flinik", "is_active": true, "is_superuser": true, "is_staff": true, "last_login": "2011-05-23 09:45:03", "groups": [], "user_permissions": [], "password": "sha1$8b4c7$8eace4f86a7ea9c5353106e1d06883e9b6159e56", "email": "", "date_joined": "2011-05-23 09:45:03"}}
, {"pk": 7, "model": "auth.user", "fields": {"username": "admin_twasilczyk", "first_name": "Tomasz", "last_name": "Wasilczyk", "is_active": true, "is_superuser": true, "is_staff": true, "last_login": "2011-05-23 09:45:18", "groups": [], "user_permissions": [], "password": "sha1$14f9f$4aedcf47514eb33c44b84810d379ef023011d300", "email": "", "date_joined": "2011-05-23 09:45:18"}}
, {"pk": 8, "model": "auth.user", "fields": {"username": "admin_ksakwerda", "first_name": "Krzysztof", "last_name": "Sakwerda", "is_active": true, "is_superuser": true, "is_staff": true, "last_login": "2011-05-23 09:45:37", "groups": [], "user_permissions": [], "password": "sha1$90351$95cb559d137eb55ca5431f050179104f90c977c8", "email": "", "date_joined": "2011-05-23 09:45:37"}}
, {"pk": 9, "model": "auth.user", "fields": {"username": "admin_pkacprzak", "first_name": "Pawe\u0142", "last_name": "Kacprzak", "is_active": true, "is_superuser": true, "is_staff": true, "last_login": "2011-05-23 09:48:07", "groups": [], "user_permissions": [], "password": "sha1$9d7c8$c6c2a016a061271a32baba1ad92e1673ea7c5975", "email": "", "date_joined": "2011-05-23 09:48:07"}}
, {"pk": 10, "model": "auth.user", "fields": {"username": "admin_drogozinska", "first_name": "Dominika", "last_name": "Rogozinska", "is_active": true, "is_superuser": true, "is_staff": true, "last_login": "2011-05-23 09:48:26", "groups": [], "user_permissions": [], "password": "sha1$aac1b$a72eecd490937dc3f72c3d8f1fce4575e8813dc5", "email": "", "date_joined": "2011-05-23 09:48:26"}}
, {"pk": 11, "model": "auth.user", "fields": {"username": "student_amurawska", "first_name": "Agata", "last_name": "Murawska", "is_active": true, "is_superuser": false, "is_staff": false, "last_login": "2011-05-23 09:52:08", "groups": [], "user_permissions": [], "password": "sha1$96a7f$97ab298b709a670f6307c2baaad36201e3571e2a", "email": "", "date_joined": "2011-05-23 09:52:08"}}
, {"pk": 12, "model": "auth.user", "fields": {"username": "student_aflinik", "first_name": "Arkadiusz", "last_name": "Flinik", "is_active": true, "is_superuser": false, "is_staff": false, "last_login": "2011-05-23 09:52:30", "groups": [], "user_permissions": [], "password": "sha1$38f97$0cb9ce75709a208ecd1eafc0eb929959ae7008d3", "email": "", "date_joined": "2011-05-23 09:52:30"}}
, {"pk": 13, "model": "auth.user", "fields": {"username": "student_ksakwerda", "first_name": "Krzysztof", "last_name": "Sakwerda", "is_active": true, "is_superuser": false, "is_staff": false, "last_login": "2011-05-23 09:52:45", "groups": [], "user_permissions": [], "password": "sha1$63156$675a7cc47b044067eddf2ee06cc3030a1f401220", "email": "", "date_joined": "2011-05-23 09:52:45"}}
, {"pk": 14, "model": "auth.user", "fields": {"username": "student_mjurkiewicz", "first_name": "Ma\u0142gorzata", "last_name": "Jurkiewicz", "is_active": true, "is_superuser": false, "is_staff": false, "last_login": "2011-05-23 09:53:00", "groups": [], "user_permissions": [], "password": "sha1$23b9d$45145f97e08ee85fe656f5015e37ef77f5ac1eb4", "email": "", "date_joined": "2011-05-23 09:53:00"}}
, {"pk": 15, "model": "auth.user", "fields": {"username": "student_pkacprzak", "first_name": "Pawe\u0142", "last_name": "Kacprzak", "is_active": true, "is_superuser": false, "is_staff": false, "last_login": "2011-05-23 09:53:14", "groups": [], "user_permissions": [], "password": "sha1$e11a2$4911a1b1f277d9fd27eb7895d546e8c3fac45e0f", "email": "", "date_joined": "2011-05-23 09:53:14"}}
, {"pk": 16, "model": "auth.user", "fields": {"username": "student_kstosiek", "first_name": "Karol", "last_name": "Stosiek", "is_active": true, "is_superuser": false, "is_staff": false, "last_login": "2011-05-23 09:53:25", "groups": [], "user_permissions": [], "password": "sha1$47c03$db0d503c2f044d6af5f55bc26c538fadd0c767ec", "email": "", "date_joined": "2011-05-23 09:53:25"}}
, {"pk": 17, "model": "auth.user", "fields": {"username": "student_drogozinska", "first_name": "Dominika", "last_name": "Rogozinska", "is_active": true, "is_superuser": false, "is_staff": false, "last_login": "2011-05-23 09:53:37", "groups": [], "user_permissions": [], "password": "sha1$11d95$c29718b561f8470b0ebbf6ec5f5c56489f70fcf1", "email": "", "date_joined": "2011-05-23 09:53:37"}}
, {"pk": 18, "model": "auth.user", "fields": {"username": "student_twasilczyk", "first_name": "Tomasz", "last_name": "Wasilczyk", "is_active": true, "is_superuser": false, "is_staff": false, "last_login": "2011-05-23 09:54:04", "groups": [], "user_permissions": [], "password": "sha1$d3728$bd3e5d4e135d9760f200e09b11edf21592fc838e", "email": "", "date_joined": "2011-05-23 09:54:04"}}
, {"pk": 19, "model": "auth.user", "fields": {"username": "wykladowca_amurawska", "first_name": "Agata", "last_name": "Murawska", "is_active": true, "is_superuser": false, "is_staff": false, "last_login": "2011-05-23 09:55:38", "groups": [], "user_permissions": [], "password": "sha1$108f2$1ff6bcbcba2d2f8face0b3804f5e3c99390633ab", "email": "", "date_joined": "2011-05-23 09:55:38"}}
, {"pk": 20, "model": "auth.user", "fields": {"username": "wykladowca_ksakwerda", "first_name": "Krzysztof", "last_name": "Sakwerda", "is_active": true, "is_superuser": false, "is_staff": false, "last_login": "2011-05-23 09:55:49", "groups": [], "user_permissions": [], "password": "sha1$3963c$0e146f79120693d0274efeea5f06341e72ccfe95", "email": "", "date_joined": "2011-05-23 09:55:49"}}
, {"pk": 21, "model": "auth.user", "fields": {"username": "wykladowca_kstosiek", "first_name": "Karol", "last_name": "Stosiek", "is_active": true, "is_superuser": false, "is_staff": false, "last_login": "2011-05-23 09:56:02", "groups": [], "user_permissions": [], "password": "sha1$20517$a356b5c7269b9fc816cc67c5a46b76301d537763", "email": "", "date_joined": "2011-05-23 09:56:02"}}
, {"pk": 22, "model": "auth.user", "fields": {"username": "wykladowca_aflinik", "first_name": "Arkadiusz", "last_name": "Flinik", "is_active": true, "is_superuser": false, "is_staff": false, "last_login": "2011-05-23 09:56:15", "groups": [], "user_permissions": [], "password": "sha1$99925$c5998305286bcffb81102303a37daa81a5f25c74", "email": "", "date_joined": "2011-05-23 09:56:15"}}
, {"pk": 23, "model": "auth.user", "fields": {"username": "wykladowca_pkacprzak", "first_name": "Pawe\u0142", "last_name": "Kacprzak", "is_active": true, "is_superuser": false, "is_staff": false, "last_login": "2011-05-23 09:56:26", "groups": [], "user_permissions": [], "password": "sha1$446f5$8a3b791628cd53cb2adae94e977f5fe7fb41a78a", "email": "", "date_joined": "2011-05-23 09:56:26"}}
, {"pk": 24, "model": "auth.user", "fields": {"username": "wykladowca_drogozinska", "first_name": "Dominika", "last_name": "Rogozinska", "is_active": true, "is_superuser": false, "is_staff": false, "last_login": "2011-05-23 09:56:37", "groups": [], "user_permissions": [], "password": "sha1$b5591$0c8429e128b3fdd999c355845c15009f4f2919ef", "email": "", "date_joined": "2011-05-23 09:56:37"}}
, {"pk": 25, "model": "auth.user", "fields": {"username": "wykladowca_mjurkiewicz", "first_name": "Ma\u0142gorzata", "last_name": "Jurkiewicz", "is_active": true, "is_superuser": false, "is_staff": false, "last_login": "2011-05-23 09:56:52", "groups": [], "user_permissions": [], "password": "sha1$e7202$ec0beae2f0e66342a287cfaa03d2748b1cda2649", "email": "", "date_joined": "2011-05-23 09:56:52"}}
, {"pk": 26, "model": "auth.user", "fields": {"username": "wykladowca_twasilczyk", "first_name": "Tomasz", "last_name": "Wasilczyk", "is_active": true, "is_superuser": false, "is_staff": false, "last_login": "2011-05-23 09:57:19", "groups": [], "user_permissions": [], "password": "sha1$4716d$94e5a34b818eff199bedc73bf07f6c74a3807be9", "email": "", "date_joined": "2011-05-23 09:57:19"}}
]
