[
    {
        "pk": 22, 
        "model": "auth.permission", 
        "fields": {
            "codename": "add_logentry", 
            "name": "Can add log entry", 
            "content_type": 8
        }
    }, 
    {
        "pk": 23, 
        "model": "auth.permission", 
        "fields": {
            "codename": "change_logentry", 
            "name": "Can change log entry", 
            "content_type": 8
        }
    }, 
    {
        "pk": 24, 
        "model": "auth.permission", 
        "fields": {
            "codename": "delete_logentry", 
            "name": "Can delete log entry", 
            "content_type": 8
        }
    }, 
    {
        "pk": 4, 
        "model": "auth.permission", 
        "fields": {
            "codename": "add_group", 
            "name": "Can add group", 
            "content_type": 2
        }
    }, 
    {
        "pk": 5, 
        "model": "auth.permission", 
        "fields": {
            "codename": "change_group", 
            "name": "Can change group", 
            "content_type": 2
        }
    }, 
    {
        "pk": 6, 
        "model": "auth.permission", 
        "fields": {
            "codename": "delete_group", 
            "name": "Can delete group", 
            "content_type": 2
        }
    }, 
    {
        "pk": 10, 
        "model": "auth.permission", 
        "fields": {
            "codename": "add_message", 
            "name": "Can add message", 
            "content_type": 4
        }
    }, 
    {
        "pk": 11, 
        "model": "auth.permission", 
        "fields": {
            "codename": "change_message", 
            "name": "Can change message", 
            "content_type": 4
        }
    }, 
    {
        "pk": 12, 
        "model": "auth.permission", 
        "fields": {
            "codename": "delete_message", 
            "name": "Can delete message", 
            "content_type": 4
        }
    }, 
    {
        "pk": 1, 
        "model": "auth.permission", 
        "fields": {
            "codename": "add_permission", 
            "name": "Can add permission", 
            "content_type": 1
        }
    }, 
    {
        "pk": 2, 
        "model": "auth.permission", 
        "fields": {
            "codename": "change_permission", 
            "name": "Can change permission", 
            "content_type": 1
        }
    }, 
    {
        "pk": 3, 
        "model": "auth.permission", 
        "fields": {
            "codename": "delete_permission", 
            "name": "Can delete permission", 
            "content_type": 1
        }
    }, 
    {
        "pk": 7, 
        "model": "auth.permission", 
        "fields": {
            "codename": "add_user", 
            "name": "Can add user", 
            "content_type": 3
        }
    }, 
    {
        "pk": 8, 
        "model": "auth.permission", 
        "fields": {
            "codename": "change_user", 
            "name": "Can change user", 
            "content_type": 3
        }
    }, 
    {
        "pk": 9, 
        "model": "auth.permission", 
        "fields": {
            "codename": "delete_user", 
            "name": "Can delete user", 
            "content_type": 3
        }
    }, 
    {
        "pk": 13, 
        "model": "auth.permission", 
        "fields": {
            "codename": "add_contenttype", 
            "name": "Can add content type", 
            "content_type": 5
        }
    }, 
    {
        "pk": 14, 
        "model": "auth.permission", 
        "fields": {
            "codename": "change_contenttype", 
            "name": "Can change content type", 
            "content_type": 5
        }
    }, 
    {
        "pk": 15, 
        "model": "auth.permission", 
        "fields": {
            "codename": "delete_contenttype", 
            "name": "Can delete content type", 
            "content_type": 5
        }
    }, 
    {
        "pk": 28, 
        "model": "auth.permission", 
        "fields": {
            "codename": "add_dontsendentry", 
            "name": "Can add blokada", 
            "content_type": 10
        }
    }, 
    {
        "pk": 29, 
        "model": "auth.permission", 
        "fields": {
            "codename": "change_dontsendentry", 
            "name": "Can change blokada", 
            "content_type": 10
        }
    }, 
    {
        "pk": 30, 
        "model": "auth.permission", 
        "fields": {
            "codename": "delete_dontsendentry", 
            "name": "Can delete blokada", 
            "content_type": 10
        }
    }, 
    {
        "pk": 25, 
        "model": "auth.permission", 
        "fields": {
            "codename": "add_message", 
            "name": "Can add wiadomo\u015b\u0107", 
            "content_type": 9
        }
    }, 
    {
        "pk": 26, 
        "model": "auth.permission", 
        "fields": {
            "codename": "change_message", 
            "name": "Can change wiadomo\u015b\u0107", 
            "content_type": 9
        }
    }, 
    {
        "pk": 27, 
        "model": "auth.permission", 
        "fields": {
            "codename": "delete_message", 
            "name": "Can delete wiadomo\u015b\u0107", 
            "content_type": 9
        }
    }, 
    {
        "pk": 31, 
        "model": "auth.permission", 
        "fields": {
            "codename": "add_messagelog", 
            "name": "Can add log", 
            "content_type": 11
        }
    }, 
    {
        "pk": 32, 
        "model": "auth.permission", 
        "fields": {
            "codename": "change_messagelog", 
            "name": "Can change log", 
            "content_type": 11
        }
    }, 
    {
        "pk": 33, 
        "model": "auth.permission", 
        "fields": {
            "codename": "delete_messagelog", 
            "name": "Can delete log", 
            "content_type": 11
        }
    }, 
    {
        "pk": 43, 
        "model": "auth.permission", 
        "fields": {
            "codename": "add_news", 
            "name": "Can add Og\u0142oszenie", 
            "content_type": 15
        }
    }, 
    {
        "pk": 44, 
        "model": "auth.permission", 
        "fields": {
            "codename": "change_news", 
            "name": "Can change Og\u0142oszenie", 
            "content_type": 15
        }
    }, 
    {
        "pk": 45, 
        "model": "auth.permission", 
        "fields": {
            "codename": "delete_news", 
            "name": "Can delete Og\u0142oszenie", 
            "content_type": 15
        }
    }, 
    {
        "pk": 129, 
        "model": "auth.permission", 
        "fields": {
            "codename": "add_multiplechoicequestion", 
            "name": "Can add pytanie wielokrotnego wyboru", 
            "content_type": 43
        }
    }, 
    {
        "pk": 130, 
        "model": "auth.permission", 
        "fields": {
            "codename": "change_multiplechoicequestion", 
            "name": "Can change pytanie wielokrotnego wyboru", 
            "content_type": 43
        }
    }, 
    {
        "pk": 131, 
        "model": "auth.permission", 
        "fields": {
            "codename": "delete_multiplechoicequestion", 
            "name": "Can delete pytanie wielokrotnego wyboru", 
            "content_type": 43
        }
    }, 
    {
        "pk": 162, 
        "model": "auth.permission", 
        "fields": {
            "codename": "add_multiplechoicequestionanswer", 
            "name": "Can add odpowied\u017a na pytanie wielokrotnego wyboru", 
            "content_type": 54
        }
    }, 
    {
        "pk": 163, 
        "model": "auth.permission", 
        "fields": {
            "codename": "change_multiplechoicequestionanswer", 
            "name": "Can change odpowied\u017a na pytanie wielokrotnego wyboru", 
            "content_type": 54
        }
    }, 
    {
        "pk": 164, 
        "model": "auth.permission", 
        "fields": {
            "codename": "delete_multiplechoicequestionanswer", 
            "name": "Can delete odpowied\u017a na pytanie wielokrotnego wyboru", 
            "content_type": 54
        }
    }, 
    {
        "pk": 132, 
        "model": "auth.permission", 
        "fields": {
            "codename": "add_multiplechoicequestionordering", 
            "name": "Can add pozycja pyta\u0144 wielokrotnego wyboru", 
            "content_type": 44
        }
    }, 
    {
        "pk": 133, 
        "model": "auth.permission", 
        "fields": {
            "codename": "change_multiplechoicequestionordering", 
            "name": "Can change pozycja pyta\u0144 wielokrotnego wyboru", 
            "content_type": 44
        }
    }, 
    {
        "pk": 134, 
        "model": "auth.permission", 
        "fields": {
            "codename": "delete_multiplechoicequestionordering", 
            "name": "Can delete pozycja pyta\u0144 wielokrotnego wyboru", 
            "content_type": 44
        }
    }, 
    {
        "pk": 141, 
        "model": "auth.permission", 
        "fields": {
            "codename": "add_openquestion", 
            "name": "Can add pytanie otwarte", 
            "content_type": 47
        }
    }, 
    {
        "pk": 142, 
        "model": "auth.permission", 
        "fields": {
            "codename": "change_openquestion", 
            "name": "Can change pytanie otwarte", 
            "content_type": 47
        }
    }, 
    {
        "pk": 143, 
        "model": "auth.permission", 
        "fields": {
            "codename": "delete_openquestion", 
            "name": "Can delete pytanie otwarte", 
            "content_type": 47
        }
    }, 
    {
        "pk": 156, 
        "model": "auth.permission", 
        "fields": {
            "codename": "add_openquestionanswer", 
            "name": "Can add odpowied\u017a na pytanie otwarte", 
            "content_type": 52
        }
    }, 
    {
        "pk": 157, 
        "model": "auth.permission", 
        "fields": {
            "codename": "change_openquestionanswer", 
            "name": "Can change odpowied\u017a na pytanie otwarte", 
            "content_type": 52
        }
    }, 
    {
        "pk": 158, 
        "model": "auth.permission", 
        "fields": {
            "codename": "delete_openquestionanswer", 
            "name": "Can delete odpowied\u017a na pytanie otwarte", 
            "content_type": 52
        }
    }, 
    {
        "pk": 144, 
        "model": "auth.permission", 
        "fields": {
            "codename": "add_openquestionordering", 
            "name": "Can add pozycja pyta\u0144 otwartych", 
            "content_type": 48
        }
    }, 
    {
        "pk": 145, 
        "model": "auth.permission", 
        "fields": {
            "codename": "change_openquestionordering", 
            "name": "Can change pozycja pyta\u0144 otwartych", 
            "content_type": 48
        }
    }, 
    {
        "pk": 146, 
        "model": "auth.permission", 
        "fields": {
            "codename": "delete_openquestionordering", 
            "name": "Can delete pozycja pyta\u0144 otwartych", 
            "content_type": 48
        }
    }, 
    {
        "pk": 123, 
        "model": "auth.permission", 
        "fields": {
            "codename": "add_option", 
            "name": "Can add opcja", 
            "content_type": 41
        }
    }, 
    {
        "pk": 124, 
        "model": "auth.permission", 
        "fields": {
            "codename": "change_option", 
            "name": "Can change opcja", 
            "content_type": 41
        }
    }, 
    {
        "pk": 125, 
        "model": "auth.permission", 
        "fields": {
            "codename": "delete_option", 
            "name": "Can delete opcja", 
            "content_type": 41
        }
    }, 
    {
        "pk": 153, 
        "model": "auth.permission", 
        "fields": {
            "codename": "add_poll", 
            "name": "Can add ankieta", 
            "content_type": 51
        }
    }, 
    {
        "pk": 154, 
        "model": "auth.permission", 
        "fields": {
            "codename": "change_poll", 
            "name": "Can change ankieta", 
            "content_type": 51
        }
    }, 
    {
        "pk": 155, 
        "model": "auth.permission", 
        "fields": {
            "codename": "delete_poll", 
            "name": "Can delete ankieta", 
            "content_type": 51
        }
    }, 
    {
        "pk": 126, 
        "model": "auth.permission", 
        "fields": {
            "codename": "add_savedticket", 
            "name": "Can add zapisany bilet", 
            "content_type": 42
        }
    }, 
    {
        "pk": 127, 
        "model": "auth.permission", 
        "fields": {
            "codename": "change_savedticket", 
            "name": "Can change zapisany bilet", 
            "content_type": 42
        }
    }, 
    {
        "pk": 128, 
        "model": "auth.permission", 
        "fields": {
            "codename": "delete_savedticket", 
            "name": "Can delete zapisany bilet", 
            "content_type": 42
        }
    }, 
    {
        "pk": 147, 
        "model": "auth.permission", 
        "fields": {
            "codename": "add_section", 
            "name": "Can add sekcja", 
            "content_type": 49
        }
    }, 
    {
        "pk": 148, 
        "model": "auth.permission", 
        "fields": {
            "codename": "change_section", 
            "name": "Can change sekcja", 
            "content_type": 49
        }
    }, 
    {
        "pk": 149, 
        "model": "auth.permission", 
        "fields": {
            "codename": "delete_section", 
            "name": "Can delete sekcja", 
            "content_type": 49
        }
    }, 
    {
        "pk": 150, 
        "model": "auth.permission", 
        "fields": {
            "codename": "add_sectionordering", 
            "name": "Can add pozycja sekcji", 
            "content_type": 50
        }
    }, 
    {
        "pk": 151, 
        "model": "auth.permission", 
        "fields": {
            "codename": "change_sectionordering", 
            "name": "Can change pozycja sekcji", 
            "content_type": 50
        }
    }, 
    {
        "pk": 152, 
        "model": "auth.permission", 
        "fields": {
            "codename": "delete_sectionordering", 
            "name": "Can delete pozycja sekcji", 
            "content_type": 50
        }
    }, 
    {
        "pk": 135, 
        "model": "auth.permission", 
        "fields": {
            "codename": "add_singlechoicequestion", 
            "name": "Can add pytanie jednokrotnego wyboru", 
            "content_type": 45
        }
    }, 
    {
        "pk": 136, 
        "model": "auth.permission", 
        "fields": {
            "codename": "change_singlechoicequestion", 
            "name": "Can change pytanie jednokrotnego wyboru", 
            "content_type": 45
        }
    }, 
    {
        "pk": 137, 
        "model": "auth.permission", 
        "fields": {
            "codename": "delete_singlechoicequestion", 
            "name": "Can delete pytanie jednokrotnego wyboru", 
            "content_type": 45
        }
    }, 
    {
        "pk": 159, 
        "model": "auth.permission", 
        "fields": {
            "codename": "add_singlechoicequestionanswer", 
            "name": "Can add odpowied\u017a na pytanie jednokrotnego wyboru", 
            "content_type": 53
        }
    }, 
    {
        "pk": 160, 
        "model": "auth.permission", 
        "fields": {
            "codename": "change_singlechoicequestionanswer", 
            "name": "Can change odpowied\u017a na pytanie jednokrotnego wyboru", 
            "content_type": 53
        }
    }, 
    {
        "pk": 161, 
        "model": "auth.permission", 
        "fields": {
            "codename": "delete_singlechoicequestionanswer", 
            "name": "Can delete odpowied\u017a na pytanie jednokrotnego wyboru", 
            "content_type": 53
        }
    }, 
    {
        "pk": 138, 
        "model": "auth.permission", 
        "fields": {
            "codename": "add_singlechoicequestionordering", 
            "name": "Can add pozycja pyta\u0144 jednokrotnego wyboru", 
            "content_type": 46
        }
    }, 
    {
        "pk": 139, 
        "model": "auth.permission", 
        "fields": {
            "codename": "change_singlechoicequestionordering", 
            "name": "Can change pozycja pyta\u0144 jednokrotnego wyboru", 
            "content_type": 46
        }
    }, 
    {
        "pk": 140, 
        "model": "auth.permission", 
        "fields": {
            "codename": "delete_singlechoicequestionordering", 
            "name": "Can delete pozycja pyta\u0144 jednokrotnego wyboru", 
            "content_type": 46
        }
    }, 
    {
        "pk": 165, 
        "model": "auth.permission", 
        "fields": {
            "codename": "add_template", 
            "name": "Can add szablon", 
            "content_type": 55
        }
    }, 
    {
        "pk": 166, 
        "model": "auth.permission", 
        "fields": {
            "codename": "change_template", 
            "name": "Can change szablon", 
            "content_type": 55
        }
    }, 
    {
        "pk": 167, 
        "model": "auth.permission", 
        "fields": {
            "codename": "delete_template", 
            "name": "Can delete szablon", 
            "content_type": 55
        }
    }, 
    {
        "pk": 46, 
        "model": "auth.permission", 
        "fields": {
            "codename": "add_preference", 
            "name": "Can add preferencja", 
            "content_type": 16
        }
    }, 
    {
        "pk": 47, 
        "model": "auth.permission", 
        "fields": {
            "codename": "change_preference", 
            "name": "Can change preferencja", 
            "content_type": 16
        }
    }, 
    {
        "pk": 48, 
        "model": "auth.permission", 
        "fields": {
            "codename": "delete_preference", 
            "name": "Can delete preferencja", 
            "content_type": 16
        }
    }, 
    {
        "pk": 63, 
        "model": "auth.permission", 
        "fields": {
            "codename": "add_book", 
            "name": "Can add ksi\u0105\u017cka", 
            "content_type": 21
        }
    }, 
    {
        "pk": 64, 
        "model": "auth.permission", 
        "fields": {
            "codename": "change_book", 
            "name": "Can change ksi\u0105\u017cka", 
            "content_type": 21
        }
    }, 
    {
        "pk": 65, 
        "model": "auth.permission", 
        "fields": {
            "codename": "delete_book", 
            "name": "Can delete ksi\u0105\u017cka", 
            "content_type": 21
        }
    }, 
    {
        "pk": 69, 
        "model": "auth.permission", 
        "fields": {
            "codename": "add_descriptiontypes", 
            "name": "Can add Typ propozycji", 
            "content_type": 23
        }
    }, 
    {
        "pk": 70, 
        "model": "auth.permission", 
        "fields": {
            "codename": "change_descriptiontypes", 
            "name": "Can change Typ propozycji", 
            "content_type": 23
        }
    }, 
    {
        "pk": 71, 
        "model": "auth.permission", 
        "fields": {
            "codename": "delete_descriptiontypes", 
            "name": "Can delete Typ propozycji", 
            "content_type": 23
        }
    }, 
    {
        "pk": 52, 
        "model": "auth.permission", 
        "fields": {
            "codename": "add_proposal", 
            "name": "Can add przedmiot", 
            "content_type": 18
        }
    }, 
    {
        "pk": 55, 
        "model": "auth.permission", 
        "fields": {
            "codename": "can_create_offer", 
            "name": "Mo\u017ce tworzy\u0107 ofert\u0119 dydaktyczn\u0105", 
            "content_type": 18
        }
    }, 
    {
        "pk": 56, 
        "model": "auth.permission", 
        "fields": {
            "codename": "can_delete_proposal", 
            "name": "Mo\u017ce usuwa\u0107 propozycje", 
            "content_type": 18
        }
    }, 
    {
        "pk": 53, 
        "model": "auth.permission", 
        "fields": {
            "codename": "change_proposal", 
            "name": "Can change przedmiot", 
            "content_type": 18
        }
    }, 
    {
        "pk": 54, 
        "model": "auth.permission", 
        "fields": {
            "codename": "delete_proposal", 
            "name": "Can delete przedmiot", 
            "content_type": 18
        }
    }, 
    {
        "pk": 60, 
        "model": "auth.permission", 
        "fields": {
            "codename": "add_proposaldescription", 
            "name": "Can add opis przedmiotu", 
            "content_type": 20
        }
    }, 
    {
        "pk": 61, 
        "model": "auth.permission", 
        "fields": {
            "codename": "change_proposaldescription", 
            "name": "Can change opis przedmiotu", 
            "content_type": 20
        }
    }, 
    {
        "pk": 62, 
        "model": "auth.permission", 
        "fields": {
            "codename": "delete_proposaldescription", 
            "name": "Can delete opis przedmiotu", 
            "content_type": 20
        }
    }, 
    {
        "pk": 57, 
        "model": "auth.permission", 
        "fields": {
            "codename": "add_proposaldescriptiontag", 
            "name": "Can add etykieta opisu przedmiotu", 
            "content_type": 19
        }
    }, 
    {
        "pk": 58, 
        "model": "auth.permission", 
        "fields": {
            "codename": "change_proposaldescriptiontag", 
            "name": "Can change etykieta opisu przedmiotu", 
            "content_type": 19
        }
    }, 
    {
        "pk": 59, 
        "model": "auth.permission", 
        "fields": {
            "codename": "delete_proposaldescriptiontag", 
            "name": "Can delete etykieta opisu przedmiotu", 
            "content_type": 19
        }
    }, 
    {
        "pk": 49, 
        "model": "auth.permission", 
        "fields": {
            "codename": "add_proposaltag", 
            "name": "Can add etykieta przedmiotu", 
            "content_type": 17
        }
    }, 
    {
        "pk": 50, 
        "model": "auth.permission", 
        "fields": {
            "codename": "change_proposaltag", 
            "name": "Can change etykieta przedmiotu", 
            "content_type": 17
        }
    }, 
    {
        "pk": 51, 
        "model": "auth.permission", 
        "fields": {
            "codename": "delete_proposaltag", 
            "name": "Can delete etykieta przedmiotu", 
            "content_type": 17
        }
    }, 
    {
        "pk": 66, 
        "model": "auth.permission", 
        "fields": {
            "codename": "add_types", 
            "name": "Can add Typ przedmiotu", 
            "content_type": 22
        }
    }, 
    {
        "pk": 67, 
        "model": "auth.permission", 
        "fields": {
            "codename": "change_types", 
            "name": "Can change Typ przedmiotu", 
            "content_type": 22
        }
    }, 
    {
        "pk": 68, 
        "model": "auth.permission", 
        "fields": {
            "codename": "delete_types", 
            "name": "Can delete Typ przedmiotu", 
            "content_type": 22
        }
    }, 
    {
        "pk": 40, 
        "model": "auth.permission", 
        "fields": {
            "codename": "add_queue", 
            "name": "Can add kolejka", 
            "content_type": 14
        }
    }, 
    {
        "pk": 41, 
        "model": "auth.permission", 
        "fields": {
            "codename": "change_queue", 
            "name": "Can change kolejka", 
            "content_type": 14
        }
    }, 
    {
        "pk": 42, 
        "model": "auth.permission", 
        "fields": {
            "codename": "delete_queue", 
            "name": "Can delete kolejka", 
            "content_type": 14
        }
    }, 
    {
        "pk": 37, 
        "model": "auth.permission", 
        "fields": {
            "codename": "add_record", 
            "name": "Can add zapis", 
            "content_type": 13
        }
    }, 
    {
        "pk": 38, 
        "model": "auth.permission", 
        "fields": {
            "codename": "change_record", 
            "name": "Can change zapis", 
            "content_type": 13
        }
    }, 
    {
        "pk": 39, 
        "model": "auth.permission", 
        "fields": {
            "codename": "delete_record", 
            "name": "Can delete zapis", 
            "content_type": 13
        }
    }, 
    {
        "pk": 16, 
        "model": "auth.permission", 
        "fields": {
            "codename": "add_session", 
            "name": "Can add session", 
            "content_type": 6
        }
    }, 
    {
        "pk": 17, 
        "model": "auth.permission", 
        "fields": {
            "codename": "change_session", 
            "name": "Can change session", 
            "content_type": 6
        }
    }, 
    {
        "pk": 18, 
        "model": "auth.permission", 
        "fields": {
            "codename": "delete_session", 
            "name": "Can delete session", 
            "content_type": 6
        }
    }, 
    {
        "pk": 19, 
        "model": "auth.permission", 
        "fields": {
            "codename": "add_site", 
            "name": "Can add site", 
            "content_type": 7
        }
    }, 
    {
        "pk": 20, 
        "model": "auth.permission", 
        "fields": {
            "codename": "change_site", 
            "name": "Can change site", 
            "content_type": 7
        }
    }, 
    {
        "pk": 21, 
        "model": "auth.permission", 
        "fields": {
            "codename": "delete_site", 
            "name": "Can delete site", 
            "content_type": 7
        }
    }, 
    {
        "pk": 34, 
        "model": "auth.permission", 
        "fields": {
            "codename": "add_migrationhistory", 
            "name": "Can add migration history", 
            "content_type": 12
        }
    }, 
    {
        "pk": 35, 
        "model": "auth.permission", 
        "fields": {
            "codename": "change_migrationhistory", 
            "name": "Can change migration history", 
            "content_type": 12
        }
    }, 
    {
        "pk": 36, 
        "model": "auth.permission", 
        "fields": {
            "codename": "delete_migrationhistory", 
            "name": "Can delete migration history", 
            "content_type": 12
        }
    }, 
    {
        "pk": 117, 
        "model": "auth.permission", 
        "fields": {
            "codename": "add_book", 
            "name": "Can add ksi\u0105\u017cka", 
            "content_type": 39
        }
    }, 
    {
        "pk": 118, 
        "model": "auth.permission", 
        "fields": {
            "codename": "change_book", 
            "name": "Can change ksi\u0105\u017cka", 
            "content_type": 39
        }
    }, 
    {
        "pk": 119, 
        "model": "auth.permission", 
        "fields": {
            "codename": "delete_book", 
            "name": "Can delete ksi\u0105\u017cka", 
            "content_type": 39
        }
    }, 
    {
        "pk": 111, 
        "model": "auth.permission", 
        "fields": {
            "codename": "add_classroom", 
            "name": "Can add sala", 
            "content_type": 37
        }
    }, 
    {
        "pk": 112, 
        "model": "auth.permission", 
        "fields": {
            "codename": "change_classroom", 
            "name": "Can change sala", 
            "content_type": 37
        }
    }, 
    {
        "pk": 113, 
        "model": "auth.permission", 
        "fields": {
            "codename": "delete_classroom", 
            "name": "Can delete sala", 
            "content_type": 37
        }
    }, 
    {
        "pk": 108, 
        "model": "auth.permission", 
        "fields": {
            "codename": "add_group", 
            "name": "Can add grupa", 
            "content_type": 36
        }
    }, 
    {
        "pk": 109, 
        "model": "auth.permission", 
        "fields": {
            "codename": "change_group", 
            "name": "Can change grupa", 
            "content_type": 36
        }
    }, 
    {
        "pk": 110, 
        "model": "auth.permission", 
        "fields": {
            "codename": "delete_group", 
            "name": "Can delete grupa", 
            "content_type": 36
        }
    }, 
    {
        "pk": 120, 
        "model": "auth.permission", 
        "fields": {
            "codename": "add_semester", 
            "name": "Can add semestr", 
            "content_type": 40
        }
    }, 
    {
        "pk": 121, 
        "model": "auth.permission", 
        "fields": {
            "codename": "change_semester", 
            "name": "Can change semestr", 
            "content_type": 40
        }
    }, 
    {
        "pk": 122, 
        "model": "auth.permission", 
        "fields": {
            "codename": "delete_semester", 
            "name": "Can delete semestr", 
            "content_type": 40
        }
    }, 
    {
        "pk": 99, 
        "model": "auth.permission", 
        "fields": {
            "codename": "add_studentoptions", 
            "name": "Can add zale\u017cno\u015b\u0107 przedmiot-student", 
            "content_type": 33
        }
    }, 
    {
        "pk": 100, 
        "model": "auth.permission", 
        "fields": {
            "codename": "change_studentoptions", 
            "name": "Can change zale\u017cno\u015b\u0107 przedmiot-student", 
            "content_type": 33
        }
    }, 
    {
        "pk": 101, 
        "model": "auth.permission", 
        "fields": {
            "codename": "delete_studentoptions", 
            "name": "Can delete zale\u017cno\u015b\u0107 przedmiot-student", 
            "content_type": 33
        }
    }, 
    {
        "pk": 105, 
        "model": "auth.permission", 
        "fields": {
            "codename": "add_course",
            "name": "Can add przedmiot", 
            "content_type": 35
        }
    }, 
    {
        "pk": 106, 
        "model": "auth.permission", 
        "fields": {
            "codename": "change_course",
            "name": "Can change przedmiot", 
            "content_type": 35
        }
    }, 
    {
        "pk": 107, 
        "model": "auth.permission", 
        "fields": {
            "codename": "delete_course",
            "name": "Can delete przedmiot", 
            "content_type": 35
        }
    }, 
    {
        "pk": 102, 
        "model": "auth.permission", 
        "fields": {
            "codename": "add_courseentity",
            "name": "Can add Podstawa przedmiotu", 
            "content_type": 34
        }
    }, 
    {
        "pk": 103, 
        "model": "auth.permission", 
        "fields": {
            "codename": "change_courseentity",
            "name": "Can change Podstawa przedmiotu", 
            "content_type": 34
        }
    }, 
    {
        "pk": 104, 
        "model": "auth.permission", 
        "fields": {
            "codename": "delete_courseentity",
            "name": "Can delete Podstawa przedmiotu", 
            "content_type": 34
        }
    }, 
    {
        "pk": 114, 
        "model": "auth.permission", 
        "fields": {
            "codename": "add_term", 
            "name": "Can add termin", 
            "content_type": 38
        }
    }, 
    {
        "pk": 115, 
        "model": "auth.permission", 
        "fields": {
            "codename": "change_term", 
            "name": "Can change termin", 
            "content_type": 38
        }
    }, 
    {
        "pk": 116, 
        "model": "auth.permission", 
        "fields": {
            "codename": "delete_term", 
            "name": "Can delete termin", 
            "content_type": 38
        }
    }, 
    {
        "pk": 96, 
        "model": "auth.permission", 
        "fields": {
            "codename": "add_type", 
            "name": "Can add rodzaj", 
            "content_type": 32
        }
    }, 
    {
        "pk": 97, 
        "model": "auth.permission", 
        "fields": {
            "codename": "change_type", 
            "name": "Can change rodzaj", 
            "content_type": 32
        }
    }, 
    {
        "pk": 98, 
        "model": "auth.permission", 
        "fields": {
            "codename": "delete_type", 
            "name": "Can delete rodzaj", 
            "content_type": 32
        }
    }, 
    {
        "pk": 87, 
        "model": "auth.permission", 
        "fields": {
            "codename": "add_privatekey", 
            "name": "Can add klucz prywatny", 
            "content_type": 29
        }
    }, 
    {
        "pk": 88, 
        "model": "auth.permission", 
        "fields": {
            "codename": "change_privatekey", 
            "name": "Can change klucz prywatny", 
            "content_type": 29
        }
    }, 
    {
        "pk": 89, 
        "model": "auth.permission", 
        "fields": {
            "codename": "delete_privatekey", 
            "name": "Can delete klucz prywatny", 
            "content_type": 29
        }
    }, 
    {
        "pk": 90, 
        "model": "auth.permission", 
        "fields": {
            "codename": "add_publickey", 
            "name": "Can add klucz publiczny", 
            "content_type": 30
        }
    }, 
    {
        "pk": 91, 
        "model": "auth.permission", 
        "fields": {
            "codename": "change_publickey", 
            "name": "Can change klucz publiczny", 
            "content_type": 30
        }
    }, 
    {
        "pk": 92, 
        "model": "auth.permission", 
        "fields": {
            "codename": "delete_publickey", 
            "name": "Can delete klucz publiczny", 
            "content_type": 30
        }
    }, 
    {
        "pk": 93, 
        "model": "auth.permission", 
        "fields": {
            "codename": "add_usedticketstamp", 
            "name": "Can add wykorzystany bilet", 
            "content_type": 31
        }
    }, 
    {
        "pk": 94, 
        "model": "auth.permission", 
        "fields": {
            "codename": "change_usedticketstamp", 
            "name": "Can change wykorzystany bilet", 
            "content_type": 31
        }
    }, 
    {
        "pk": 95, 
        "model": "auth.permission", 
        "fields": {
            "codename": "delete_usedticketstamp", 
            "name": "Can delete wykorzystany bilet", 
            "content_type": 31
        }
    }, 
    {
        "pk": 78, 
        "model": "auth.permission", 
        "fields": {
            "codename": "add_employee", 
            "name": "Can add pracownik", 
            "content_type": 26
        }
    }, 
    {
        "pk": 79, 
        "model": "auth.permission", 
        "fields": {
            "codename": "change_employee", 
            "name": "Can change pracownik", 
            "content_type": 26
        }
    }, 
    {
        "pk": 80, 
        "model": "auth.permission", 
        "fields": {
            "codename": "delete_employee", 
            "name": "Can delete pracownik", 
            "content_type": 26
        }
    }, 
    {
        "pk": 81, 
        "model": "auth.permission", 
        "fields": {
            "codename": "add_student", 
            "name": "Can add student", 
            "content_type": 27
        }
    }, 
    {
        "pk": 82, 
        "model": "auth.permission", 
        "fields": {
            "codename": "change_student", 
            "name": "Can change student", 
            "content_type": 27
        }
    }, 
    {
        "pk": 83, 
        "model": "auth.permission", 
        "fields": {
            "codename": "delete_student", 
            "name": "Can delete student", 
            "content_type": 27
        }
    }, 
    {
        "pk": 84, 
        "model": "auth.permission", 
        "fields": {
            "codename": "add_type", 
            "name": "Can add Typ studi\u00f3w", 
            "content_type": 28
        }
    }, 
    {
        "pk": 85, 
        "model": "auth.permission", 
        "fields": {
            "codename": "change_type", 
            "name": "Can change Typ studi\u00f3w", 
            "content_type": 28
        }
    }, 
    {
        "pk": 86, 
        "model": "auth.permission", 
        "fields": {
            "codename": "delete_type", 
            "name": "Can delete Typ studi\u00f3w", 
            "content_type": 28
        }
    }, 
    {
        "pk": 75, 
        "model": "auth.permission", 
        "fields": {
            "codename": "add_singlevote", 
            "name": "Can add pojedynczy g\u0142os", 
            "content_type": 25
        }
    }, 
    {
        "pk": 76, 
        "model": "auth.permission", 
        "fields": {
            "codename": "change_singlevote", 
            "name": "Can change pojedynczy g\u0142os", 
            "content_type": 25
        }
    }, 
    {
        "pk": 77, 
        "model": "auth.permission", 
        "fields": {
            "codename": "delete_singlevote", 
            "name": "Can delete pojedynczy g\u0142os", 
            "content_type": 25
        }
    }, 
    {
        "pk": 72, 
        "model": "auth.permission", 
        "fields": {
            "codename": "add_systemstate", 
            "name": "Can add ustawienia g\u0142osowania", 
            "content_type": 24
        }
    }, 
    {
        "pk": 73, 
        "model": "auth.permission", 
        "fields": {
            "codename": "change_systemstate", 
            "name": "Can change ustawienia g\u0142osowania", 
            "content_type": 24
        }
    }, 
    {
        "pk": 74, 
        "model": "auth.permission", 
        "fields": {
            "codename": "delete_systemstate", 
            "name": "Can delete ustawienia g\u0142osowania", 
            "content_type": 24
        }
    }, 
    {
        "pk": 1, 
        "model": "auth.user", 
        "fields": {
            "username": "administrator-test", 
            "first_name": "Administrator", 
            "last_name": "Testowy", 
            "is_active": true, 
            "is_superuser": true, 
            "is_staff": true, 
            "last_login": "2011-02-15 22:02:11", 
            "groups": [], 
            "user_permissions": [], 
            "password": "sha1$3c6b3$e9f83129cdffcb4976252e8349b2a223ad91cd62", 
            "email": "ayertienna@gmail.com", 
            "date_joined": "2011-02-15 20:12:00"
        }
    }, 
    {
        "pk": 2, 
        "model": "auth.user", 
        "fields": {
            "username": "student-test", 
            "first_name": "Student", 
            "last_name": "Testowy", 
            "is_active": true, 
            "is_superuser": false, 
            "is_staff": false, 
            "last_login": "2011-02-15 20:12:40", 
            "groups": [], 
            "user_permissions": [], 
            "password": "sha1$7173e$d0184cff1e04b0eb942418b7d991d449aacd6fd1", 
            "email": "", 
            "date_joined": "2011-02-15 20:12:40"
        }
    }, 
    {
        "pk": 3, 
        "model": "auth.user", 
        "fields": {
            "username": "employee-test", 
            "first_name": "Pracownik", 
            "last_name": "Testowy", 
            "is_active": true, 
            "is_superuser": false, 
            "is_staff": false, 
            "last_login": "2011-02-15 20:12:52", 
            "groups": [], 
            "user_permissions": [], 
            "password": "sha1$c8a35$5839c16283f7d44cc630326885ddcd37ffee253f", 
            "email": "", 
            "date_joined": "2011-02-15 20:12:52"
        }
    }, 
    {
        "pk": 4, 
        "model": "auth.user", 
        "fields": {
            "username": "employee1", 
            "first_name": "Pracownik 1", 
            "last_name": "", 
            "is_active": true, 
            "is_superuser": false, 
            "is_staff": false, 
            "last_login": "2011-02-15 20:13:06", 
            "groups": [], 
            "user_permissions": [], 
            "password": "sha1$63fe1$e3dbc910ec9739bb266cceb2bea9983b575a2c6d", 
            "email": "", 
            "date_joined": "2011-02-15 20:13:06"
        }
    }, 
    {
        "pk": 5, 
        "model": "auth.user", 
        "fields": {
            "username": "employee2", 
            "first_name": "Pracownik 2", 
            "last_name": "", 
            "is_active": true, 
            "is_superuser": false, 
            "is_staff": false, 
            "last_login": "2011-02-15 20:13:14", 
            "groups": [], 
            "user_permissions": [], 
            "password": "sha1$71e2e$f84b78c87901c64e038f18f55c406e4a009b2097", 
            "email": "", 
            "date_joined": "2011-02-15 20:13:14"
        }
    }, 
    {
        "pk": 6, 
        "model": "auth.user", 
        "fields": {
            "username": "employee3", 
            "first_name": "Pracownik 3", 
            "last_name": "", 
            "is_active": true, 
            "is_superuser": false, 
            "is_staff": false, 
            "last_login": "2011-02-15 20:13:21", 
            "groups": [], 
            "user_permissions": [], 
            "password": "sha1$98094$3811333e40f02085968bbfc91f864c2cbdef2e6b", 
            "email": "", 
            "date_joined": "2011-02-15 20:13:21"
        }
    }, 
    {
        "pk": 1, 
        "model": "records.record", 
        "fields": {
            "status": "1", 
            "group": 2, 
            "student": 1
        }
    }, 
    {
        "pk": 2, 
        "model": "records.record", 
        "fields": {
            "status": "1", 
            "group": 1, 
            "student": 1
        }
    }, 
    {
        "pk": 3, 
        "model": "records.record", 
        "fields": {
            "status": "1", 
            "group": 6, 
            "student": 1
        }
    }, 
    {
        "pk": 4, 
        "model": "records.record", 
        "fields": {
            "status": "1", 
            "group": 5, 
            "student": 1
        }
    }, 
    {
        "pk": 5, 
        "model": "records.record", 
        "fields": {
            "status": "1", 
            "group": 10, 
            "student": 1
        }
    }, 
    {
        "pk": 1, 
        "model": "users.employee", 
        "fields": {
            "consultations": "brak", 
            "receive_mass_mail_offer": true, 
            "user": 3, 
            "receive_mass_mail_enrollment": true
        }
    }, 
    {
        "pk": 2, 
        "model": "users.employee", 
        "fields": {
            "consultations": "brak", 
            "receive_mass_mail_offer": true, 
            "user": 1, 
            "receive_mass_mail_enrollment": true
        }
    }, 
    {
        "pk": 3, 
        "model": "users.employee", 
        "fields": {
            "consultations": "brak", 
            "receive_mass_mail_offer": true, 
            "user": 4, 
            "receive_mass_mail_enrollment": true
        }
    }, 
    {
        "pk": 4, 
        "model": "users.employee", 
        "fields": {
            "consultations": "brak", 
            "receive_mass_mail_offer": true, 
            "user": 5, 
            "receive_mass_mail_enrollment": true
        }
    }, 
    {
        "pk": 5, 
        "model": "users.employee", 
        "fields": {
            "consultations": "brak", 
            "receive_mass_mail_offer": true, 
            "user": 6, 
            "receive_mass_mail_enrollment": true
        }
    }, 
    {
        "pk": 1, 
        "model": "users.student", 
        "fields": {
            "ects": 0, 
            "records_opening_delay_minutes": 0, 
            "receive_mass_mail_offer": true, 
            "user": 2, 
            "matricula": "112233", 
            "program": 2, 
            "receive_mass_mail_enrollment": true
        }
    }, 
    {
        "pk": 1, 
        "model": "users.program", 
        "fields": {
            "name": "licencjackie"
        }
    }, 
    {
        "pk": 2, 
        "model": "users.program", 
        "fields": {
            "name": "magisterskie"
        }
    }, 
    {
        "pk": 3, 
        "model": "users.program", 
        "fields": {
            "name": "in\u017cynierskie"
        }
    }, 
    {
        "pk": 4, 
        "model": "users.program", 
        "fields": {
            "name": "doktoranckie"
        }
    }, 
    {
        "pk": 1, 
        "model": "ticket_create.privatekey", 
        "fields": {
            "private_key": "-----BEGIN RSA PRIVATE KEY-----\nMIICXAIBAAKBgQC8eS0ZET10StbfzeYQqPECsrWXAi0qYVU9+4YZei7sp4U0n9+7\nYKfqRV1MxRYLaRReg6/ZdCRnvRBRRN1oHiwXMkw+9wir7sT5zWp40HBw7kz70Ax8\nouubGxVJPxDGwRFZUrPWDTBmOh9oiv0BHCXb8Y2iDXo3DEtSo1kwAVq7iQIDAQAB\nAoGAAxyVDAbm1tateYByve+sGvlMWjPk/wAgYieW7TDBOZMCdf31uag83XdLtQrD\n9GhFt9HAw3xRZY0PiefzJ9bnr2sZ5T0mUfiQI/yqkKdmwI0zWB+T8+0QG8TCtZNN\nyoYsCDUPZ61LsIB5dRuRaGrIAk/tbByho6k1xN3SQfo2awECQQDWsPC4asnA+/Qt\n3PWcXzOswOdkcfGxlVeY2wKKXf4p9uIburzP1P+dlrybyfOKTQ1jUXrgeqFnm2fP\nT6mqXjyRAkEA4LzSfiEq16MJN8q3Q1mmUS/3VkqwjudWtEYG0i+/m7QqTFvSkUNQ\nzjqxXsCK7CB5ZSEr5SGV6mHSUaRO3UfreQJAaV5cNtbKgHnoJN5OeVnMPdxLdOPr\nkJHQdUgAHjL1fFkcLinfY02RyyFhHkDm05jvmjAyU5w8PWJrd7cMeX5Y0QJBAIk7\nZEG22SVyHgfelofe74t2Ac/ErgmlRDGy7SleFN/sZUPZcjxX4bj86CBW7L4Bmn9h\ngR9aoePMthQ6hBnld+kCQDEszxs+lwhjJDnVwaeKkL1Q+uWJ4CGaYJUVAKcyODlF\nlsRoK3RDPAqacKqC3E9gTywvUnU76hzQlRZFYIqxVJ4=\n-----END RSA PRIVATE KEY-----", 
            "poll": 1
        }
    }, 
    {
        "pk": 2, 
        "model": "ticket_create.privatekey", 
        "fields": {
            "private_key": "-----BEGIN RSA PRIVATE KEY-----\nMIICXQIBAAKBgQDu1BJBbPuYFvzanh7H7WZTxCFZW+yHO7fZ0p5pQZUkNHJaOkOl\np22trCZ+Z9OheO0PFJIAoeSQKTWD/Mjvb1O3qE/BG+B2ppBJM35m0bfEt5YMQLwH\n9WVx80AhaSfQP42/Crnmz/omU3cHk6XlIN9Y+5lx+0nIoAB7Wnj794fDkQIDAQAB\nAoGAPHfDO39tX/+J+4wHPRVVUCYbT3WfuEmdbfAOnZW2PhltTnzr/bgbY9pvUJfX\nFE36r1PE95YFuZ5FZ2qMMVsddahUrVqZvV1yk9P2vSAzwTmzOg2SozlilwLeJ0bl\n0oQwYpXo3CAermjRP9CBLZW0nc2Ksy8KYuYh4a8ETp+xDHECQQDzO5HEiKdoIy8/\n7PyCGuojTu8/CuPt+W/JLDxBgSibE6mD04f944M5dS1xPeKfxa0x5JfVa/HZqSYD\n82su7IY9AkEA+11RxcrAB10k9XT6z/YxH9WQzFyJISyneGtm0Ahi1SOQ9p+9VYYw\nsaAW3RJ1hfUBfTSp3Jba0wq8Nviicuxb5QJBALNL+Bn9+hmDxjLDSSfHG01HxIie\nSIKF2udamlhXE02tYsnwRlDbQ0I5pHPTgJjyKMeckGgcmD0wuPs0lpASfqkCQE/c\nqFxlPHmaeGGcFwv3tkfc/LJRPChUHak+xl2WLIB3WllhCzCe/92PdXQrpzc2TpDP\nKKCzNTcUFBSLDmHhApkCQQCfPQR91ASHZBZEtC6rlunQ8zXqEGRPWGaD+bOF6EE7\niRoVTHpbayrWjEhfWKJaUqvleMWvsrQdhLACvqr4WnKO\n-----END RSA PRIVATE KEY-----", 
            "poll": 2
        }
    }, 
    {
        "pk": 3, 
        "model": "ticket_create.privatekey", 
        "fields": {
            "private_key": "-----BEGIN RSA PRIVATE KEY-----\nMIICXAIBAAKBgQCTnxZD5obmiTBjy7hCvdfPxjPRRYAmv3aMgpbvBSpVmXBMo9yU\nKs+bwgi82OeGCGlrGBvgk8bGNEREBeLdCLGtZ0Q2RPJjSKgkNkT9KT7HLZWNd62/\niULtqbwWg9m+/yvFelspoPY7oRAbYTURRNXy66jLp3/GktCYKYOIXlBAhwIDAQAB\nAoGARPZU2HOhIaGFUZmiAsvdPdtB6cmmDHP1Vb7L8+1d0Y9Uvvjt2uoFAqaqnk5W\nGm9jj/w7Sba/bWiNW5nEWa3uEnXQw4dPaf/r5OgRAUMPjDQb0TQqa9iOOs+OvTk9\nGh/spGwMIszQWlQYpIMNEakW+aFhK1pkbCHIAkTGi0y7jUECQQC1ULXBlvOcNcdP\n9tBtXLWTvp51SzP0cEIM11gf0FyN/VQTrgPZJB47gM3arAlpcJs3H5biNo3GyflB\njtpRwXNTAkEA0G1v2ynKYuHEN2W1w5GrW4/ZROnNlHiao/ijTJrINiAGTKZ3yJjc\nikJe4wkGVXhzh6CUQ6YmFPi9b6zWBhQrfQJBAJlSndANkQVIaLnS8Z95JUbBi4eO\nR2ntv7zSIQAOFyYu0XkuzqxBIZuZqPnAPtk90tNDUDkMfslaI//vB+jYmGcCQHa/\nAs1gf9faPIo7PlVPtssRp31lnySJmcD1tUO9o3eCw1QEO5Zj0LJMofbDe4JSf6+z\nwwTPsj6cgIERfVY1Q5kCQG+RDZsQI8mtogQNh+JxVZot36hmj1nIXcDnnw1Er3TD\n8rt/ToFsBJBUnLerAEB0hz8B2FRD178o31NAvcwbgnc=\n-----END RSA PRIVATE KEY-----", 
            "poll": 3
        }
    }, 
    {
        "pk": 4, 
        "model": "ticket_create.privatekey", 
        "fields": {
            "private_key": "-----BEGIN RSA PRIVATE KEY-----\nMIICXAIBAAKBgQCsJZEgcf+rrZuq/26Nk4GiJ3UqY9uMJg/dlgpBVP5z02t7hhQc\ntnl41Pex3XZkLQIfj0gHWNT6pWteM524Gqxeye3PAhkPflrS9JN68nARPFCcKPun\ndzgCjr2JAeAWvtJLPjXego18XBGVNDO1ePwOwLDeVzYc0NVq/Tfw0G4hOQIDAQAB\nAoGARyGevhFc28t4r0esnsN8pUw4lbN9XIO9uons4uID4khR+VCFrveXad5WGyCv\ncuVGI1RJJwAFwSvpGZuqaBBdeH6zrFrUhei5A0B/r9UH3A13ax9XPHqdUt49MPQS\nLGcLmhGIHRVzocA46GpVvgM+KnS4okV4QRuKbCStV0yFtAECQQC6f7UbSLPLWybf\nXJ29scpKg9BZuHuP5EKOnPSnrlMmq67A/diENPM3L8Jo5oZH6W/3D7yO396ymkg+\nEy7hZ3qpAkEA7EylEiPrfl86ZmknRtI7jM3ZbzFc5JZm4JcFLVFL3TLtltYF3YRB\nkFL03yImG2dYWdKGw3kLfLt6ond07VCcEQJAHNjOEZdQQB8sRxZTS9kpOhdjbc1M\nR3h+FwMOELW1JOEfWbip+eEa0alwf7tQf+UKrYNgnhTgpG2ayQc8lB7maQJBAOYo\nuVfz+Lq8UovRvFn1B9/b2P+/GvXjsQzszDQZzUUFB/o1OL1MxvemdbCo+GkUvi+v\nKWhYDGJP0eFRbWiBbaECQGLv6F3MEfKHRkjLnk0uCXDGVlyazwpGIhOIsmOgb1fM\nSPlBSNf6oX70cCOWW+da8SMp21SHOK1C+pNVC8uuT8w=\n-----END RSA PRIVATE KEY-----", 
            "poll": 4
        }
    }, 
    {
        "pk": 5, 
        "model": "ticket_create.privatekey", 
        "fields": {
            "private_key": "-----BEGIN RSA PRIVATE KEY-----\nMIICXAIBAAKBgQClZA5J8ZlXs9SCY4v3uhV3+KwLnjvZCVQO0EcXUMpdLWYN9Tzn\nOigytiMRmTEV8zk0w9liyOxJSA2QkTx9q//y73w+KLCYQkXdoP5XDQYWI4OsMFxZ\niihGv/ySB6cbENjmUUViGrBctlsdsO1amtf7JI7+4jf4SJGWJ7zXN3b+OwIDAQAB\nAoGAK9U1uEEwq768ToZFfTUzJWWhaz7Xi7DeN0LZ5IMD7ufuSTq6lmmiZ7Y/2xUn\nnjKk8agKQBUSEmXnOm5TgtcH8RSFVrn2MVGRbaBu75qeWQIF6da+u7C3RydDe4aZ\n+vJZHbaHbZ4en/Ahjqkb+8zqU1UaKIMFM/4cNdPp8N0jXnECQQDGakPmZqpp3rMG\nYxz0jXOLi5DmAqenC6cUT5lmitwZ/FSdbujrYbb06BmP4EPIq8hg0FZgMIY108Q+\n3jTiMlQ5AkEA1WQsO/AAvn7obaT4A06PokmdYYp9LJm29v8wGvbQ2FnkpL45yOIM\n5vAQZZPZJ6gLr3x8eu3b0fnLIL+NlFyuEwJAf7UJ+xP9f6MNS4Ejs+wPgLPWEZWH\n3ybK5XHOZIff3wHgXGx0knwUTFHPkiFgv5qBoH63+bWBzMd+upA/LZADUQJAGSf8\nBvzeOZbgc7yU+F7Uk/81rIAVDaL5bNjcpPEf4cGHMNy0Fzh+6OK4LCFn4kLvTbrR\nOfS8i151UeEDIdBjPQJBALlyMZJm+JcyQZVY6yKU1+mytq/KTSxIZ65AYFcR7nIi\nsUjV1JWL2EnPkF0+n4jiz+ty6q1uQ/08zHwIqw/70lc=\n-----END RSA PRIVATE KEY-----", 
            "poll": 5
        }
    }, 
    {
        "pk": 6, 
        "model": "ticket_create.privatekey", 
        "fields": {
            "private_key": "-----BEGIN RSA PRIVATE KEY-----\nMIICXQIBAAKBgQCoomJ6YYY2/V7B2/RaWiV+lf1PzWcHmjBBrngWn9QRgj6sN4Zh\nuJkI/X99qYnQzoM1ePuy1u/WJ+cFwYCkY8fxBCCg35vT8/FJgcs84ZksrsAhLYMR\nLKhknUJyIw4GE6uSIWk4Rj0TOJ+qkYYs51w+Hw5ffUt3OhmH19tzWbZxQQIDAQAB\nAoGADpOi0ZNWh7BVHYrGz3yVWyDZ+aj2q/iPDU5ogQQlz7Gjez19dzr+t4E6IQGj\nsRH404l2sFnV93wRgzTbytn5MV8Hv4NMKb+fv8Re2OGGHDUODInfgljmYEbthh5+\nOMqVMmeqgO39D730RxT8n+eIoD+A3V/CLOPFH3BFA6ApdcECQQC3a74cJ1zlCp+t\nbCokGmEslsp8yGDf18bJ5DCiTRCYsk9ECCABOeSZYWekMTRLu4g0f1Z4LfvbJpTK\nfhrcV7qpAkEA61zJUdE80Xc1MHxMs7CEDlQbRPMTVmhbEQ+rM3a+lWkEGjV1syPp\nY/+gdTsVEgBAasHJ87zKrm/vVDOj50p42QJBAI8L2QUN8dWy1lsi2y6y4AwtQZfV\nki+gkakMbJ13KrVbgpQVHhi2tMCmBXU45ocVpyECGka53gzI5wuRE5O6W5kCQQDg\nxntpzPdVYJCGnp8uGMz1VjO41KBKLF2UXK929dern2CQmy+uBwT1QIOAkg1cZKsg\nibSSN2Il17bsZmkJEeF5AkBnRaewsF3wiVqIz9H8VMYSmL4i2pYggZ759vsSdYT/\nZ/663GDT6isdyXeqWPA3Py3HZi7hrLwGUiOOtDBxmJp7\n-----END RSA PRIVATE KEY-----", 
            "poll": 6
        }
    }, 
    {
        "pk": 7, 
        "model": "ticket_create.privatekey", 
        "fields": {
            "private_key": "-----BEGIN RSA PRIVATE KEY-----\nMIICXQIBAAKBgQC0+TfZkH8SH1DzpCXQZEWYusCv9rTq+RFhsebd7uuoZz+wdKsR\npPK3laD9huazMbLLrygVzndVIMBikUyAf9y+xGJ9JglPjUo2cewnRETBoq5d+WFr\nxDwfBcQzRqb2yjeoY2RqR1ghk088U6kiQs6qOxAr1h4XMsyFK5WYNDRCHQIDAQAB\nAoGABGbTXu1OyegNFf/2E31829we96iuedCZBaFIFjnLbYslV2tfBczXQnPXOJNh\nZRZeXOnjtbQR3vYu97bE/5MckVSo7yeEBZzJYfchZJCK443vmHrp+/B2Q709gt/d\n9pYE6rL0BUOEMEr2pSqUDdNmJPrVHzu70fMY9yGZs1Q6wNkCQQC4aOAtPv1YA2St\n02F8uvNYBEzFOvE+4zzo2WvXmAFAZ6yHYf/JCiZ4aUsN5onOLN6vqqakzOfAW13c\nqbiufmMHAkEA+zrY9v7RRnY8pQsCf1rk9vdpIcRfyg1eLWs+DuI9K3VJ7thNqMqj\njWrmeeulEgbp5uxqZS7eCPCij1mTaHe0uwJBAKSq+atNePpTpV5Wx9GSOuOYi1j/\nBhcq4OPn6hWNJWj2aqhFiRtjFfElzKBwARP7GypvzviQBE3PCGSXpVMjhpcCQQCa\nntJP2e7VLgoPDeKgnUGUGhuTU7gcs/OFgp50LJu3Nn2lSW0qeGUGsYdd/EDhAm5M\n2K52zcyLtgZmsZu+zQXnAkBuZEav7Lxn68mv8ZdUGVL+mfA0Z/XtSXbJqYHzQH9Y\nBqIqZcXXQr3I9hX3+WRGCc9W5EP/fxPpAqZjzNUexk/z\n-----END RSA PRIVATE KEY-----", 
            "poll": 7
        }
    }, 
    {
        "pk": 8, 
        "model": "ticket_create.privatekey", 
        "fields": {
            "private_key": "-----BEGIN RSA PRIVATE KEY-----\nMIICXgIBAAKBgQDK7zc7PkwM4x0Zjn+Gm3vBW2K6+D+9dla+ngC+1I/lEhgSDUxb\nkeIsUkQrJAppqBEQhVog4peL6ozdq6Dh1mkVwhh0tRL+wxVkWk6WqWqzqhb07GM1\nMcVnbc8XuPUsmYxX4mYA+BlaS2QXQjPfN86mOnqC71vK0VvDXDqJfeHlWwIDAQAB\nAoGBAJWZvdStuzCw6M3jT72yt4u2S9Vbltmb+JyzLAeB+cY8DYSZSxYiOGLGDrzi\n5841+MZ+GBAwGtopgckUchiqkHIKB4r1hAYUARwQG05lVQgX7PmsEwA5Tc+BqPi9\ngouU85DmOPKbSapB3Y+Oa+gGiekTOY9bHCbjlPxH520mdb/xAkEA1WCvhIUGYmXZ\nwBVf39RaPX9NrAZ/Jy/IZ22sm/wuSHavLaP9CXQNYA8k8UM9UCOkBfOFiVPiO5kN\nr7fpKoFxeQJBAPN4gL1dTZZUXsfGcJPvVFkiiVhG/AlgS5Z70JfGkdp1w4eWKd7H\nm3BoB9A8RSnQIkiFg4HUtjNHMiB91KFsTHMCQHemEKWhpjPU4uZX1fv/6l4jnV1C\nA1jo7Vo54JlTLmzJyG8yTnhXkAx2UYPL7Xybj6UaqZ2Y4PoEV+1ZljCUhxkCQQCq\nXO2ok7sQr+TKYX6w5UzeOh5k2PbPEMSTffvN2DKC7Nhu7ZJKwt1vYDvnZ+T1hyAW\nIuaMWG1NoEnhFmtMsN0lAkEAho7HNiFAFfgNWTAdw3rr4AGRWoT+35R196XODHh3\nNZYy3dEwMn/dqnOljbgxfLXOt+jrkmkZ5z3KZngBbhL53A==\n-----END RSA PRIVATE KEY-----", 
            "poll": 8
        }
    }, 
    {
        "pk": 9, 
        "model": "ticket_create.privatekey", 
        "fields": {
            "private_key": "-----BEGIN RSA PRIVATE KEY-----\nMIICWwIBAAKBgQCLA2JqAOaZJp6NOYzNWpV9NALAWSKbYlolUxGkFWSuNcPEkvpZ\nsZM2yQJWKhwQNS1wfmhgZ1Dd45HciHvZBt8dKU7Rcp9danh4vOJ9LhKTOmVKYyAe\ngTV/9LWFdbb0ToNDH79+a5Nox0jlzmyUnS2wmkKHgQxy8Hl6jkHt3mmijwIDAQAB\nAoGAe4mRbwTH6TiB1J1dPK2Qhciv3UIZWB8qX1sYJUqBw7Ox+0Jmy0jcu+YcdnhL\nojev3vXnSizml5oCaQq9jRvnMBLQHDRHwjgezURz5KjPPFSAGYzr9Sz9bzuKEZOU\nqGrl3/pvz2nW1P6d1IFP5T3j8sI7WXUxy7KtENzmbb33bCECQQC6PzaOHJDx9qhO\nJi5Y3CVL3ZG5lyvM5+o2SacXHv4lnTHW5Ue/OHRuBvARHONXPnc4XIpMsLS2sUjS\ndmKuwGh/AkEAvxOMOjgyEuwDSseJu/g0qL/O3S0AgInj/19txDH5/F7msebuNKn5\nQIm4hbgi+Agb2RrLPzf2xIllunrDpR898QJAfyuch6qvudevEjV13gzrloLC9xNm\nv/H29XyTD/GEnZBZMJ+7vrDAp0QrdbPg83helWhysmzR6BDjZXmaZjJQ5wJARvVp\ndA1+ewxuxIyJl+a7F5fzqKuXriSHKUU1LFEq9w//OD38ZE5jJBaBEhep1NaeEOgk\nZpvP5njn8HK6yU1q4QJALmAlcLSHQ7iGbGx0d7FS3EIGQX/Xe60ChHSUxQAIAz6A\nkUhD4nqEJxJqweDPbFdFq+pT2drYmLeWo0BeyoU+Pw==\n-----END RSA PRIVATE KEY-----", 
            "poll": 9
        }
    }, 
    {
        "pk": 10, 
        "model": "ticket_create.privatekey", 
        "fields": {
            "private_key": "-----BEGIN RSA PRIVATE KEY-----\nMIICXQIBAAKBgQCtq4KPmmDNxqyWFO3FTAl4mnn8Ss78/1zW9FNy+Zmp/UR41R0t\necaUWqe0+fo6YPp272MhIjJmPcipkyOquiTLulyTFvuBTsGXIhUMOJca4BGvEnka\nQdvfjaFnwfKqlRkbIHJAIKlXKMGFWV8Dv02c/smDGKHEpeAHM7Pi6gjP6wIDAQAB\nAoGAThly/WFPZzqRIm0HAFLRb4sIkIyTyPKNrZzyaiIVGHzs7eno1SqOQukBwkEo\nZlh2SkYdLilSwOfH9XpV79EF+lkFKXq6IE545LCuR76QXu6R0ii4x7r7m4xpoD5l\nbveCM9kmvQMLQzMiQvXoaRPAckh3YHk8ZhtPY3PZho5aNwECQQC5pHpkA7+0Wd4i\nkVj3abpx0N4SCR2X/SxVhKb7MkT+ELA8TIlCcbhwcXnypmClqoccExNJhJt8KjHE\n+SHxrLaPAkEA731s6+sDZ5kIaUB//6XBK2XHUg/yw2nC/kB/8TrcTg79anLLWh1w\nCW3fRhnuddYtb0aeo8eOIkvxM0XIIO9e5QJBAJldVndV2YQnUiqApV0QjaUFhtCj\nkz1DPOMRidmwN+sk4lOObz7jMBpExRg/d0ylyqTY5XAxCzrSqPcvUmmT4+UCQQDe\n+t3eLnuGCpMtRDOo+FCJsoLJojW6wg8eoTk+hjo2p3hFk0pIxh3ZeaYn498Fcfvt\nnkf4X8WzoxeZUICMQbMNAkBoNTL599c6Sm+ftoGrjj1cLXY/MIRZuTlqscSpwIYO\n8lYZtoKLepQoIKArzLxZZqVLuDQuu8F/fv7t2JpzMbCN\n-----END RSA PRIVATE KEY-----", 
            "poll": 10
        }
    }, 
    {
        "pk": 11, 
        "model": "ticket_create.privatekey", 
        "fields": {
            "private_key": "-----BEGIN RSA PRIVATE KEY-----\nMIICXAIBAAKBgQClLM0YtQXBn5RrqrL9oe3M+1Red1ggJAxPSfkz7gzrQRb96z1T\nergPdegjzA1hCGoD7KcWV91Au1Z4+kpofoNXrpaeWqLiL2j9gE3+pjPGHzpPrPYW\n1S1QuYWuAEQEUog70zrTiSU9Giy97Jd9UBwiphwg5FTIjgMpHjgU8gIBiwIDAQAB\nAoGANgFz/cQSYcB/ksR5SZyMWB1E9K4ozjl7HOGe7W/EIZdioRstLgJN9CAlCq9J\nIJTTtPzHlPKdkPCv0VZkxc23u4j2AkUSQmOdNUNjQWCEOU0c5XEy/Ta4vXmo7gAU\nvFDDZj29Kke0P6UlZoGDjd4dgXT2bNtWsNgUNZwHoasANQECQQDGHoavZfwmKPLT\nEF3Ztu2cmXtrLf4pU8Hja4cASNZN4XJZS/QWk57xzohE4tKa7BVlClWaEy2OZIkA\nUXU6086rAkEA1W5aWBSeqpZJ2GMVsNjdFPn4jP6kMQ8sdcfdleg0BYPdrU/uD20p\n0z7E77KSUONnr/BeXDrdfHoYZWyyUkcYoQJBAIUSs/zUT82B67iBYch+6pMpNJEF\nT5aKv8z1yLQUOH4PVDNOpSEU/soEo9tBT5znvmcjzeOzxgHC3ZLtJATjiAkCQB/S\n8I2ppW7yMdieDaHs9Cooi7MaVQkrpgl538R2dytLWkZ5YJnUQSRKe7rx+XcuMUu+\nn5NJA7WHzxNwfbZe+4ECQClGae0GbKzZ5IGK8d+7xL5eJ2g2aOGsTOi5xevj8+lA\n37QaPA917/KvpyJVbPJOjQqkrBae7Obb2zQbB2NL9LM=\n-----END RSA PRIVATE KEY-----", 
            "poll": 11
        }
    }, 
    {
        "pk": 12, 
        "model": "ticket_create.privatekey", 
        "fields": {
            "private_key": "-----BEGIN RSA PRIVATE KEY-----\nMIICXAIBAAKBgQDS0MTVJVYFgkQ/1gpn+JmVe9BBuoCu3QCPm06te1WhGre/OKbF\nKIc9RGuMx310W6sMXAfkXviZPBj/OXngNujPkSuDY2GZpkbXjdmqS3nIuTJ+3QHu\nSAuX7Hvul6Je/isAFH7YAplyVuIgCBXfSbBRo8uUSrMIP4MODA+zbUa9YwIDAQAB\nAoGBAL8Mc1S2gT58z10KnGOc55KQoiru2a+emOOL28FcBD37+IlSzc/e6rCbUNxD\n7W2FpX2N6ZkMeD5mOEET1V9cY54SxZr1wi5I/4DAqbaVeu80rYhOKAS1vU3fuPZi\nSsul6jVxc4g+X7DXj1ieKCGf1O0V5uSexssfTWRJLGP7YEABAkEA4ymCx2XvQ+Lg\n9nJ9y+ckzpqx2mdY581w6g5107YItkhxVs5ts0RpEYql/WzSrDAUYdKY7nQOa/BW\nDrr7QLhAvwJBAO2UAxyvX006RBuiPvwMjRcopDN/vlnjp2+juKXZYWGVeWFf5Aab\nurAZedhzQdKB1rpwLYr0lqC1djy1E5a+yF0CQEU+XQ/9AX8XBG37Hl9uOOkFfJtP\nj2kxVW7zM3Vycptl366PRB82BjUDp29loZ49Falv8ZAWLmM2onThCD+FKq8CQCEW\nFuTcy5HuxmNu0gS6HsAV6eA+Lx1Hph7XFzUJtBUqAvB7sT72WyaBNcXeL1GIwYXP\nb5hFfeC9xMypjyPUSAUCQFNPKk2hNIp2zPCXaEtefPAyZVW3jxAsf/DgXsux1PD6\nQF9tw78ObMhKhMc+x1YacIgLeq0BNaGUtmMgDtzQHaw=\n-----END RSA PRIVATE KEY-----", 
            "poll": 12
        }
    }, 
    {
        "pk": 13, 
        "model": "ticket_create.privatekey", 
        "fields": {
            "private_key": "-----BEGIN RSA PRIVATE KEY-----\nMIICXAIBAAKBgQC6iTB5fMgLdXv6qnh0iazJFeHwWD7reRotGKphJZGHnMiZ7Z9E\n8iMfrP0Krhzu4hrmTClK3707J+ot+33m8/JnTYq/9SH9Yw5cPipCMgT/cJK8aAsW\nguMuAnmGSNq6Dy1fDuZDU/luo+AFvXQDJo62ThtYMB1pRDhYiU9tfEc+KQIDAQAB\nAoGAfMWZTBoAQVHzfQccDW+tyM+/UqHkbGOT88hE5zhW8OwZboT4fQiuH9j5ZXRz\nXAKX1aXqFPA1xmT7iohnfd19LSGs4uvbV/9JennDoz6gMJxVDzbN11KrFGQQVIsn\nnktKv2Cuif17c/Zgr2cr+8RxTcbUZq/AI6BHzAQBVxG/fBECQQDSRjR/XE/okq00\n+Bj2GRiDERWTWbmHNitWZbYUnGbu3U5UI6JMlA4oMGYLYJ7QF/Qw2bt08+Crx4KL\nogNCu0B1AkEA4xl9eySsvqqCPj0C6uE8t6pPpiYwH9/eeeXByGGQvJ77D7Ht1wE0\nNOdXv/pkXU1J164AhV9qVMK7U9YBzvGQZQJAQVjeEcKPdti2iWKc50ZPTtQtX1ig\nBrw35abAWlFsz8jpAc79Lk1IxQadf+WsFUGMeu3/is4LwXbERD66Qq/MzQJAIYhp\nA97ldv3cX25I2P/LJF+MhT8MShiXVC59z6XAZmmfLrEaKm4uFEW4qktBuJkp9yPl\nRcxR+hQK7xUhjToUFQJBAJyVXbtIWk4cx42vndrmOSta7/Agb1Usg6CrT1L7FwFW\n9kebbVEA35hGcKXQxES9qgIWMdyjZzN1R3x0mH6PhJw=\n-----END RSA PRIVATE KEY-----", 
            "poll": 13
        }
    }, 
    {
        "pk": 1, 
        "model": "ticket_create.publickey", 
        "fields": {
            "public_key": "-----BEGIN PUBLIC KEY-----\nMIGfMA0GCSqGSIb3DQEBAQUAA4GNADCBiQKBgQC8eS0ZET10StbfzeYQqPECsrWX\nAi0qYVU9+4YZei7sp4U0n9+7YKfqRV1MxRYLaRReg6/ZdCRnvRBRRN1oHiwXMkw+\n9wir7sT5zWp40HBw7kz70Ax8ouubGxVJPxDGwRFZUrPWDTBmOh9oiv0BHCXb8Y2i\nDXo3DEtSo1kwAVq7iQIDAQAB\n-----END PUBLIC KEY-----", 
            "poll": 1
        }
    }, 
    {
        "pk": 2, 
        "model": "ticket_create.publickey", 
        "fields": {
            "public_key": "-----BEGIN PUBLIC KEY-----\nMIGfMA0GCSqGSIb3DQEBAQUAA4GNADCBiQKBgQDu1BJBbPuYFvzanh7H7WZTxCFZ\nW+yHO7fZ0p5pQZUkNHJaOkOlp22trCZ+Z9OheO0PFJIAoeSQKTWD/Mjvb1O3qE/B\nG+B2ppBJM35m0bfEt5YMQLwH9WVx80AhaSfQP42/Crnmz/omU3cHk6XlIN9Y+5lx\n+0nIoAB7Wnj794fDkQIDAQAB\n-----END PUBLIC KEY-----", 
            "poll": 2
        }
    }, 
    {
        "pk": 3, 
        "model": "ticket_create.publickey", 
        "fields": {
            "public_key": "-----BEGIN PUBLIC KEY-----\nMIGfMA0GCSqGSIb3DQEBAQUAA4GNADCBiQKBgQCTnxZD5obmiTBjy7hCvdfPxjPR\nRYAmv3aMgpbvBSpVmXBMo9yUKs+bwgi82OeGCGlrGBvgk8bGNEREBeLdCLGtZ0Q2\nRPJjSKgkNkT9KT7HLZWNd62/iULtqbwWg9m+/yvFelspoPY7oRAbYTURRNXy66jL\np3/GktCYKYOIXlBAhwIDAQAB\n-----END PUBLIC KEY-----", 
            "poll": 3
        }
    }, 
    {
        "pk": 4, 
        "model": "ticket_create.publickey", 
        "fields": {
            "public_key": "-----BEGIN PUBLIC KEY-----\nMIGfMA0GCSqGSIb3DQEBAQUAA4GNADCBiQKBgQCsJZEgcf+rrZuq/26Nk4GiJ3Uq\nY9uMJg/dlgpBVP5z02t7hhQctnl41Pex3XZkLQIfj0gHWNT6pWteM524Gqxeye3P\nAhkPflrS9JN68nARPFCcKPundzgCjr2JAeAWvtJLPjXego18XBGVNDO1ePwOwLDe\nVzYc0NVq/Tfw0G4hOQIDAQAB\n-----END PUBLIC KEY-----", 
            "poll": 4
        }
    }, 
    {
        "pk": 5, 
        "model": "ticket_create.publickey", 
        "fields": {
            "public_key": "-----BEGIN PUBLIC KEY-----\nMIGfMA0GCSqGSIb3DQEBAQUAA4GNADCBiQKBgQClZA5J8ZlXs9SCY4v3uhV3+KwL\nnjvZCVQO0EcXUMpdLWYN9TznOigytiMRmTEV8zk0w9liyOxJSA2QkTx9q//y73w+\nKLCYQkXdoP5XDQYWI4OsMFxZiihGv/ySB6cbENjmUUViGrBctlsdsO1amtf7JI7+\n4jf4SJGWJ7zXN3b+OwIDAQAB\n-----END PUBLIC KEY-----", 
            "poll": 5
        }
    }, 
    {
        "pk": 6, 
        "model": "ticket_create.publickey", 
        "fields": {
            "public_key": "-----BEGIN PUBLIC KEY-----\nMIGfMA0GCSqGSIb3DQEBAQUAA4GNADCBiQKBgQCoomJ6YYY2/V7B2/RaWiV+lf1P\nzWcHmjBBrngWn9QRgj6sN4ZhuJkI/X99qYnQzoM1ePuy1u/WJ+cFwYCkY8fxBCCg\n35vT8/FJgcs84ZksrsAhLYMRLKhknUJyIw4GE6uSIWk4Rj0TOJ+qkYYs51w+Hw5f\nfUt3OhmH19tzWbZxQQIDAQAB\n-----END PUBLIC KEY-----", 
            "poll": 6
        }
    }, 
    {
        "pk": 7, 
        "model": "ticket_create.publickey", 
        "fields": {
            "public_key": "-----BEGIN PUBLIC KEY-----\nMIGfMA0GCSqGSIb3DQEBAQUAA4GNADCBiQKBgQC0+TfZkH8SH1DzpCXQZEWYusCv\n9rTq+RFhsebd7uuoZz+wdKsRpPK3laD9huazMbLLrygVzndVIMBikUyAf9y+xGJ9\nJglPjUo2cewnRETBoq5d+WFrxDwfBcQzRqb2yjeoY2RqR1ghk088U6kiQs6qOxAr\n1h4XMsyFK5WYNDRCHQIDAQAB\n-----END PUBLIC KEY-----", 
            "poll": 7
        }
    }, 
    {
        "pk": 8, 
        "model": "ticket_create.publickey", 
        "fields": {
            "public_key": "-----BEGIN PUBLIC KEY-----\nMIGfMA0GCSqGSIb3DQEBAQUAA4GNADCBiQKBgQDK7zc7PkwM4x0Zjn+Gm3vBW2K6\n+D+9dla+ngC+1I/lEhgSDUxbkeIsUkQrJAppqBEQhVog4peL6ozdq6Dh1mkVwhh0\ntRL+wxVkWk6WqWqzqhb07GM1McVnbc8XuPUsmYxX4mYA+BlaS2QXQjPfN86mOnqC\n71vK0VvDXDqJfeHlWwIDAQAB\n-----END PUBLIC KEY-----", 
            "poll": 8
        }
    }, 
    {
        "pk": 9, 
        "model": "ticket_create.publickey", 
        "fields": {
            "public_key": "-----BEGIN PUBLIC KEY-----\nMIGfMA0GCSqGSIb3DQEBAQUAA4GNADCBiQKBgQCLA2JqAOaZJp6NOYzNWpV9NALA\nWSKbYlolUxGkFWSuNcPEkvpZsZM2yQJWKhwQNS1wfmhgZ1Dd45HciHvZBt8dKU7R\ncp9danh4vOJ9LhKTOmVKYyAegTV/9LWFdbb0ToNDH79+a5Nox0jlzmyUnS2wmkKH\ngQxy8Hl6jkHt3mmijwIDAQAB\n-----END PUBLIC KEY-----", 
            "poll": 9
        }
    }, 
    {
        "pk": 10, 
        "model": "ticket_create.publickey", 
        "fields": {
            "public_key": "-----BEGIN PUBLIC KEY-----\nMIGfMA0GCSqGSIb3DQEBAQUAA4GNADCBiQKBgQCtq4KPmmDNxqyWFO3FTAl4mnn8\nSs78/1zW9FNy+Zmp/UR41R0tecaUWqe0+fo6YPp272MhIjJmPcipkyOquiTLulyT\nFvuBTsGXIhUMOJca4BGvEnkaQdvfjaFnwfKqlRkbIHJAIKlXKMGFWV8Dv02c/smD\nGKHEpeAHM7Pi6gjP6wIDAQAB\n-----END PUBLIC KEY-----", 
            "poll": 10
        }
    }, 
    {
        "pk": 11, 
        "model": "ticket_create.publickey", 
        "fields": {
            "public_key": "-----BEGIN PUBLIC KEY-----\nMIGfMA0GCSqGSIb3DQEBAQUAA4GNADCBiQKBgQClLM0YtQXBn5RrqrL9oe3M+1Re\nd1ggJAxPSfkz7gzrQRb96z1TergPdegjzA1hCGoD7KcWV91Au1Z4+kpofoNXrpae\nWqLiL2j9gE3+pjPGHzpPrPYW1S1QuYWuAEQEUog70zrTiSU9Giy97Jd9UBwiphwg\n5FTIjgMpHjgU8gIBiwIDAQAB\n-----END PUBLIC KEY-----", 
            "poll": 11
        }
    }, 
    {
        "pk": 12, 
        "model": "ticket_create.publickey", 
        "fields": {
            "public_key": "-----BEGIN PUBLIC KEY-----\nMIGfMA0GCSqGSIb3DQEBAQUAA4GNADCBiQKBgQDS0MTVJVYFgkQ/1gpn+JmVe9BB\nuoCu3QCPm06te1WhGre/OKbFKIc9RGuMx310W6sMXAfkXviZPBj/OXngNujPkSuD\nY2GZpkbXjdmqS3nIuTJ+3QHuSAuX7Hvul6Je/isAFH7YAplyVuIgCBXfSbBRo8uU\nSrMIP4MODA+zbUa9YwIDAQAB\n-----END PUBLIC KEY-----", 
            "poll": 12
        }
    }, 
    {
        "pk": 13, 
        "model": "ticket_create.publickey", 
        "fields": {
            "public_key": "-----BEGIN PUBLIC KEY-----\nMIGfMA0GCSqGSIb3DQEBAQUAA4GNADCBiQKBgQC6iTB5fMgLdXv6qnh0iazJFeHw\nWD7reRotGKphJZGHnMiZ7Z9E8iMfrP0Krhzu4hrmTClK3707J+ot+33m8/JnTYq/\n9SH9Yw5cPipCMgT/cJK8aAsWguMuAnmGSNq6Dy1fDuZDU/luo+AFvXQDJo62ThtY\nMB1pRDhYiU9tfEc+KQIDAQAB\n-----END PUBLIC KEY-----", 
            "poll": 13
        }
    }, 
    {
        "pk": 1, 
        "model": "courses.type",
        "fields": {
            "meta_type": false, 
            "group": null, 
            "name": "informatyczny"
        }
    }, 
    {
        "pk": 1, 
        "model": "courses.courseentity",
        "fields": {
            "name": "informatyczny"
        }
    }, 
    {
        "pk": 1, 
        "model": "courses.course",
        "fields": {
            "lectures": 30, 
            "name": "Przedmiot 1", 
            "entity": 1, 
            "semester": 1, 
            "teachers": [
                1
            ], 
            "exercises": 30, 
            "laboratories": 0, 
            "type": 1, 
            "slug": "przedmiot-1", 
            "description": "Pierwszy przedmiot testowy"
        }
    }, 
    {
        "pk": 2, 
        "model": "courses.course",
        "fields": {
            "lectures": 30, 
            "name": "Przedmiot 2", 
            "entity": 1, 
            "semester": 1, 
            "teachers": [
                4
            ], 
            "exercises": 30, 
            "laboratories": 0, 
            "type": 1, 
            "slug": "przedmiot-2", 
            "description": "Drugi przedmiot testowy"
        }
    }, 
    {
        "pk": 3, 
        "model": "courses.course",
        "fields": {
            "lectures": 30, 
            "name": "Przedmiot 3",  
            "entity": 1, 
            "semester": 1, 
            "teachers": [
                5
            ], 
            "exercises": 30, 
            "laboratories": 0, 
            "type": 1, 
            "slug": "przedmiot-3", 
            "description": "Trzeci przedmiot testowy"
        }
    }, 
    {
        "pk": 4, 
        "model": "courses.course",
        "fields": {
            "lectures": 30, 
            "name": "Przedmiot 4", 
            "entity": 1, 
            "semester": 1, 
            "teachers": [
                4
            ], 
            "exercises": 30, 
            "laboratories": 0, 
            "type": 1, 
            "slug": "przedmiot-4", 
            "description": "Czwarty przedmiot testowy"
        }
    }, 
    {
        "pk": 1, 
        "model": "courses.group",
        "fields": {
            "limit": 30, 
            "type": "1", 
            "teacher": 1, 
            "course": 1
        }
    }, 
    {
        "pk": 2, 
        "model": "courses.group",
        "fields": {
            "limit": 10, 
            "type": "2", 
            "teacher": 3, 
            "course": 1
        }
    }, 
    {
        "pk": 3, 
        "model": "courses.group",
        "fields": {
            "limit": 10, 
            "type": "2", 
            "teacher": 4, 
            "course": 1
        }
    }, 
    {
        "pk": 4, 
        "model": "courses.group",
        "fields": {
            "limit": 10, 
            "type": "2", 
            "teacher": 5, 
            "course": 1
        }
    }, 
    {
        "pk": 5, 
        "model": "courses.group",
        "fields": {
            "limit": 20, 
            "type": "1", 
            "teacher": 4, 
            "course": 2
        }
    }, 
    {
        "pk": 6, 
        "model": "courses.group",
        "fields": {
            "limit": 10, 
            "type": "2", 
            "teacher": 1, 
            "course": 2
        }
    }, 
    {
        "pk": 7, 
        "model": "courses.group",
        "fields": {
            "limit": 10, 
            "type": "2", 
            "teacher": 4, 
            "course": 2
        }
    }, 
    {
        "pk": 8, 
        "model": "courses.group",
        "fields": {
            "limit": 15, 
            "type": "1", 
            "teacher": 5, 
            "course": 3
        }
    }, 
    {
        "pk": 9, 
        "model": "courses.group",
        "fields": {
            "limit": 15, 
            "type": "2", 
            "teacher": 5, 
            "course": 3
        }
    }, 
    {
        "pk": 10, 
        "model": "courses.group",
        "fields": {
            "limit": 20, 
            "type": "1", 
            "teacher": 4, 
            "course": 4
        }
    }, 
    {
        "pk": 11, 
        "model": "courses.group",
        "fields": {
            "limit": 10, 
            "type": "2", 
            "teacher": 4, 
            "course": 4
        }
    }, 
    {
        "pk": 12, 
        "model": "courses.group",
        "fields": {
            "limit": 10, 
            "type": "2", 
            "teacher": 1, 
            "course": 4
        }
    }, 
    {
        "pk": 1, 
        "model": "courses.semester",
        "fields": {
            "records_opening": "2010-01-15 20:23:02", 
            "semester_ending": "2020-02-15", 
            "records_closing": "2020-02-15 20:23:03", 
            "visible": true, 
            "year": 2010, 
            "type": "z", 
            "semester_beginning": "2010-01-15", 
            "is_grade_active": true
        }
    }, 
    {
        "pk": 1, 
        "model": "poll.option", 
        "fields": {
            "content": "zawsze"
        }
    }, 
    {
        "pk": 2, 
        "model": "poll.option", 
        "fields": {
            "content": "regularnie (>75% obecno\u015bci)"
        }
    }, 
    {
        "pk": 3, 
        "model": "poll.option", 
        "fields": {
            "content": "\u015brednio (>50% obecno\u015bci)"
        }
    }, 
    {
        "pk": 4, 
        "model": "poll.option", 
        "fields": {
            "content": "nieregularnie"
        }
    }, 
    {
        "pk": 5, 
        "model": "poll.option", 
        "fields": {
            "content": "wcale"
        }
    }, 
    {
        "pk": 6, 
        "model": "poll.option", 
        "fields": {
            "content": "tak"
        }
    }, 
    {
        "pk": 7, 
        "model": "poll.option", 
        "fields": {
            "content": "zwykle tak"
        }
    }, 
    {
        "pk": 8, 
        "model": "poll.option", 
        "fields": {
            "content": "raczej nie"
        }
    }, 
    {
        "pk": 9, 
        "model": "poll.option", 
        "fields": {
            "content": "nie"
        }
    }, 
    {
        "pk": 10, 
        "model": "poll.option", 
        "fields": {
            "content": "za ma\u0142o"
        }
    }, 
    {
        "pk": 11, 
        "model": "poll.option", 
        "fields": {
            "content": "dobrej jako\u015bci"
        }
    }, 
    {
        "pk": 12, 
        "model": "poll.option", 
        "fields": {
            "content": "trudno dost\u0119pne"
        }
    }, 
    {
        "pk": 13, 
        "model": "poll.option", 
        "fields": {
            "content": "wyczerpuj\u0105ce"
        }
    }, 
    {
        "pk": 14, 
        "model": "poll.option", 
        "fields": {
            "content": "tak"
        }
    }, 
    {
        "pk": 15, 
        "model": "poll.option", 
        "fields": {
            "content": "ustalony zosta\u0142 w trakcie semestru"
        }
    }, 
    {
        "pk": 16, 
        "model": "poll.option", 
        "fields": {
            "content": "ustalony zosta\u0142 przy wystawianiu ocen"
        }
    }, 
    {
        "pk": 17, 
        "model": "poll.option", 
        "fields": {
            "content": "nie wiem, jaki by\u0142 system zaliczania \u0107wicze\u0144"
        }
    }, 
    {
        "pk": 18, 
        "model": "poll.option", 
        "fields": {
            "content": "bierny obserwator"
        }
    }, 
    {
        "pk": 19, 
        "model": "poll.option", 
        "fields": {
            "content": "czynny uczestnik"
        }
    }, 
    {
        "pk": 20, 
        "model": "poll.option", 
        "fields": {
            "content": "nie wiedzia\u0142, o czym mowa"
        }
    }, 
    {
        "pk": 21, 
        "model": "poll.option", 
        "fields": {
            "content": "cz\u0119sto grzybi\u0142 zamiast wyt\u0142umaczy\u0107"
        }
    }, 
    {
        "pk": 22, 
        "model": "poll.option", 
        "fields": {
            "content": "pomaga\u0142 zrozumie\u0107 gdy kto\u015b kiepsko t\u0142umaczy\u0142"
        }
    }, 
    {
        "pk": 23, 
        "model": "poll.option", 
        "fields": {
            "content": "ignorowa\u0142 zawarto\u015b\u0107 tablicy"
        }
    }, 
    {
        "pk": 24, 
        "model": "poll.option", 
        "fields": {
            "content": "za \u0142atwe"
        }
    }, 
    {
        "pk": 25, 
        "model": "poll.option", 
        "fields": {
            "content": "odpowiednie"
        }
    }, 
    {
        "pk": 26, 
        "model": "poll.option", 
        "fields": {
            "content": "za trudne"
        }
    }, 
    {
        "pk": 1, 
        "model": "poll.multiplechoicequestion", 
        "fields": {
            "content": "Jak oceniasz przygotowanie materia\u0142\u00f3w pomocniczych do wyk\u0142adu? ", 
            "choice_limit": 0, 
            "description": "(chodzi o wszelkie notatki, ksera ksi\u0105\u017cek, bibliografi\u0119, linki na stronie przedmiotu)", 
            "has_other": true, 
            "options": [
                11, 
                10, 
                13, 
                12
            ]
        }
    }, 
    {
        "pk": 2, 
        "model": "poll.multiplechoicequestion", 
        "fields": {
            "content": "Jak oceniasz zaanga\u017cowanie prowadz\u0105cego w \u0107wiczenia?", 
            "choice_limit": 0, 
            "description": "", 
            "has_other": true, 
            "options": [
                20, 
                21, 
                22, 
                23, 
                19, 
                18
            ]
        }
    }, 
    {
        "pk": 1, 
        "model": "poll.multiplechoicequestionordering", 
        "fields": {
            "sections": 1, 
            "question": 1, 
            "position": 3
        }
    }, 
    {
        "pk": 2, 
        "model": "poll.multiplechoicequestionordering", 
        "fields": {
            "sections": 2, 
            "question": 2, 
            "position": 2
        }
    }, 
    {
        "pk": 1, 
        "model": "poll.singlechoicequestion", 
        "fields": {
            "content": "Czy chodzi\u0142e\u015b na wyk\u0142ad regularnie?", 
            "is_scale": false, 
            "description": "", 
            "options": [
                1, 
                3, 
                2, 
                5, 
                4
            ]
        }
    }, 
    {
        "pk": 2, 
        "model": "poll.singlechoicequestion", 
        "fields": {
            "content": "Czy wyk\u0142ad by\u0142 prowadzony w spos\u00f3b jasny i zrozumia\u0142y?", 
            "is_scale": false, 
            "description": "", 
            "options": [
                9, 
                8, 
                7, 
                6
            ]
        }
    }, 
    {
        "pk": 3, 
        "model": "poll.singlechoicequestion", 
        "fields": {
            "content": "Czy spos\u00f3b zaliczania \u0107wicze\u0144 by\u0142 jasny i przedstawiony na pocz\u0105tku semestru?", 
            "is_scale": false, 
            "description": "", 
            "options": [
                15, 
                14, 
                17, 
                16
            ]
        }
    }, 
    {
        "pk": 4, 
        "model": "poll.singlechoicequestion", 
        "fields": {
            "content": "Czy zadania na \u0107wiczeniach by\u0142y dobrze dobrane?", 
            "is_scale": true, 
            "description": "", 
            "options": [
                24, 
                25, 
                26
            ]
        }
    }, 
    {
        "pk": 1, 
        "model": "poll.singlechoicequestionordering", 
        "fields": {
            "sections": 1, 
            "hide_on": [
                5, 
                4
            ], 
            "question": 1, 
            "is_leading": true, 
            "position": 1
        }
    }, 
    {
        "pk": 2, 
        "model": "poll.singlechoicequestionordering", 
        "fields": {
            "sections": 1, 
            "hide_on": [], 
            "question": 2, 
            "is_leading": false, 
            "position": 2
        }
    }, 
    {
        "pk": 3, 
        "model": "poll.singlechoicequestionordering", 
        "fields": {
            "sections": 2, 
            "hide_on": [], 
            "question": 3, 
            "is_leading": false, 
            "position": 1
        }
    }, 
    {
        "pk": 4, 
        "model": "poll.singlechoicequestionordering", 
        "fields": {
            "sections": 2, 
            "hide_on": [], 
            "question": 4, 
            "is_leading": false, 
            "position": 3
        }
    }, 
    {
        "pk": 1, 
        "model": "poll.openquestion", 
        "fields": {
            "content": "Co zmieni\u0142by\u015b w sposobie prowadzenia wyk\u0142adu?", 
            "description": ""
        }
    }, 
    {
        "pk": 2, 
        "model": "poll.openquestion", 
        "fields": {
            "content": "Co by\u0142o najs\u0142absz\u0105 stron\u0105 zaj\u0119\u0107?", 
            "description": ""
        }
    }, 
    {
        "pk": 3, 
        "model": "poll.openquestion", 
        "fields": {
            "content": "Co by\u0142o najsilniejsz\u0105 stron\u0105 zaj\u0119\u0107?", 
            "description": ""
        }
    }, 
    {
        "pk": 4, 
        "model": "poll.openquestion", 
        "fields": {
            "content": "Jakie tre\u015bci chcia\u0142by\u015b, \u017ceby znalaz\u0142y si\u0119 w programie?", 
            "description": ""
        }
    }, 
    {
        "pk": 5, 
        "model": "poll.openquestion", 
        "fields": {
            "content": "Jakiego typu zaj\u0119\u0107 jest za du\u017co?", 
            "description": ""
        }
    }, 
    {
        "pk": 6, 
        "model": "poll.openquestion", 
        "fields": {
            "content": "Jakiego typu zaj\u0119\u0107 brakuje?", 
            "description": ""
        }
    }, 
    {
        "pk": 7, 
        "model": "poll.openquestion", 
        "fields": {
            "content": "Co jeszcze chcia\u0142by\u015b zmieni\u0107?", 
            "description": ""
        }
    }, 
    {
        "pk": 1, 
        "model": "poll.openquestionordering", 
        "fields": {
            "sections": 1, 
            "question": 1, 
            "position": 4
        }
    }, 
    {
        "pk": 2, 
        "model": "poll.openquestionordering", 
        "fields": {
            "sections": 3, 
            "question": 2, 
            "position": 1
        }
    }, 
    {
        "pk": 3, 
        "model": "poll.openquestionordering", 
        "fields": {
            "sections": 3, 
            "question": 3, 
            "position": 2
        }
    }, 
    {
        "pk": 4, 
        "model": "poll.openquestionordering", 
        "fields": {
            "sections": 3, 
            "question": 4, 
            "position": 3
        }
    }, 
    {
        "pk": 5, 
        "model": "poll.openquestionordering", 
        "fields": {
            "sections": 4, 
            "question": 5, 
            "position": 1
        }
    }, 
    {
        "pk": 6, 
        "model": "poll.openquestionordering", 
        "fields": {
            "sections": 4, 
            "question": 6, 
            "position": 2
        }
    }, 
    {
        "pk": 7, 
        "model": "poll.openquestionordering", 
        "fields": {
            "sections": 4, 
            "question": 7, 
            "position": 3
        }
    }, 
    {
        "pk": 1, 
        "model": "poll.section", 
        "fields": {
            "deleted": false, 
            "description": "", 
            "title": "Wyk\u0142ad"
        }
    }, 
    {
        "pk": 2, 
        "model": "poll.section", 
        "fields": {
            "deleted": false, 
            "description": "", 
            "title": "\u0106wiczenia"
        }
    }, 
    {
        "pk": 3, 
        "model": "poll.section", 
        "fields": {
            "deleted": false, 
            "description": "", 
            "title": "Uwagi"
        }
    }, 
    {
        "pk": 4, 
        "model": "poll.section", 
        "fields": {
            "deleted": false, 
            "description": "", 
            "title": "Og\u00f3\u0142 zaj\u0119\u0107"
        }
    }, 
    {
        "pk": 1, 
        "model": "poll.sectionordering", 
        "fields": {
            "position": 1, 
            "section": 1, 
            "poll": 1
        }
    }, 
    {
        "pk": 2, 
        "model": "poll.sectionordering", 
        "fields": {
            "position": 2, 
            "section": 3, 
            "poll": 1
        }
    }, 
    {
        "pk": 3, 
        "model": "poll.sectionordering", 
        "fields": {
            "position": 1, 
            "section": 1, 
            "poll": 2
        }
    }, 
    {
        "pk": 4, 
        "model": "poll.sectionordering", 
        "fields": {
            "position": 2, 
            "section": 3, 
            "poll": 2
        }
    }, 
    {
        "pk": 5, 
        "model": "poll.sectionordering", 
        "fields": {
            "position": 1, 
            "section": 1, 
            "poll": 3
        }
    }, 
    {
        "pk": 6, 
        "model": "poll.sectionordering", 
        "fields": {
            "position": 2, 
            "section": 3, 
            "poll": 3
        }
    }, 
    {
        "pk": 7, 
        "model": "poll.sectionordering", 
        "fields": {
            "position": 1, 
            "section": 1, 
            "poll": 4
        }
    }, 
    {
        "pk": 8, 
        "model": "poll.sectionordering", 
        "fields": {
            "position": 2, 
            "section": 3, 
            "poll": 4
        }
    }, 
    {
        "pk": 9, 
        "model": "poll.sectionordering", 
        "fields": {
            "position": 1, 
            "section": 2, 
            "poll": 5
        }
    }, 
    {
        "pk": 10, 
        "model": "poll.sectionordering", 
        "fields": {
            "position": 2, 
            "section": 3, 
            "poll": 5
        }
    }, 
    {
        "pk": 11, 
        "model": "poll.sectionordering", 
        "fields": {
            "position": 1, 
            "section": 2, 
            "poll": 6
        }
    }, 
    {
        "pk": 12, 
        "model": "poll.sectionordering", 
        "fields": {
            "position": 2, 
            "section": 3, 
            "poll": 6
        }
    }, 
    {
        "pk": 13, 
        "model": "poll.sectionordering", 
        "fields": {
            "position": 1, 
            "section": 2, 
            "poll": 7
        }
    }, 
    {
        "pk": 14, 
        "model": "poll.sectionordering", 
        "fields": {
            "position": 2, 
            "section": 3, 
            "poll": 7
        }
    }, 
    {
        "pk": 15, 
        "model": "poll.sectionordering", 
        "fields": {
            "position": 1, 
            "section": 2, 
            "poll": 8
        }
    }, 
    {
        "pk": 16, 
        "model": "poll.sectionordering", 
        "fields": {
            "position": 2, 
            "section": 3, 
            "poll": 8
        }
    }, 
    {
        "pk": 17, 
        "model": "poll.sectionordering", 
        "fields": {
            "position": 1, 
            "section": 2, 
            "poll": 9
        }
    }, 
    {
        "pk": 18, 
        "model": "poll.sectionordering", 
        "fields": {
            "position": 2, 
            "section": 3, 
            "poll": 9
        }
    }, 
    {
        "pk": 19, 
        "model": "poll.sectionordering", 
        "fields": {
            "position": 1, 
            "section": 2, 
            "poll": 10
        }
    }, 
    {
        "pk": 20, 
        "model": "poll.sectionordering", 
        "fields": {
            "position": 2, 
            "section": 3, 
            "poll": 10
        }
    }, 
    {
        "pk": 21, 
        "model": "poll.sectionordering", 
        "fields": {
            "position": 1, 
            "section": 2, 
            "poll": 11
        }
    }, 
    {
        "pk": 22, 
        "model": "poll.sectionordering", 
        "fields": {
            "position": 2, 
            "section": 3, 
            "poll": 11
        }
    }, 
    {
        "pk": 23, 
        "model": "poll.sectionordering", 
        "fields": {
            "position": 1, 
            "section": 2, 
            "poll": 12
        }
    }, 
    {
        "pk": 24, 
        "model": "poll.sectionordering", 
        "fields": {
            "position": 2, 
            "section": 3, 
            "poll": 12
        }
    }, 
    {
        "pk": 25, 
        "model": "poll.sectionordering", 
        "fields": {
            "position": 1, 
            "section": 4, 
            "poll": 13
        }
    }, 
    {
        "pk": 1, 
        "model": "poll.poll", 
        "fields": {
            "studies_type": null, 
            "share_result": false, 
            "group": 1, 
            "description": "", 
            "title": "Ankieta wyk\u0142adu", 
            "deleted": false, 
            "author": 1, 
            "semester": 1
        }
    }, 
    {
        "pk": 2, 
        "model": "poll.poll", 
        "fields": {
            "studies_type": null, 
            "share_result": false, 
            "group": 5, 
            "description": "", 
            "title": "Ankieta wyk\u0142adu", 
            "deleted": false, 
            "author": 2, 
            "semester": 1
        }
    }, 
    {
        "pk": 3, 
        "model": "poll.poll", 
        "fields": {
            "studies_type": null, 
            "share_result": false, 
            "group": 8, 
            "description": "", 
            "title": "Ankieta wyk\u0142adu", 
            "deleted": false, 
            "author": 2, 
            "semester": 1
        }
    }, 
    {
        "pk": 4, 
        "model": "poll.poll", 
        "fields": {
            "studies_type": null, 
            "share_result": false, 
            "group": 10, 
            "description": "", 
            "title": "Ankieta wyk\u0142adu", 
            "deleted": false, 
            "author": 2, 
            "semester": 1
        }
    }, 
    {
        "pk": 5, 
        "model": "poll.poll", 
        "fields": {
            "studies_type": null, 
            "share_result": false, 
            "group": 2, 
            "description": "", 
            "title": "Ankieta \u0107wicze\u0144", 
            "deleted": false, 
            "author": 1, 
            "semester": 1
        }
    }, 
    {
        "pk": 6, 
        "model": "poll.poll", 
        "fields": {
            "studies_type": null, 
            "share_result": false, 
            "group": 3, 
            "description": "", 
            "title": "Ankieta \u0107wicze\u0144", 
            "deleted": false, 
            "author": 2, 
            "semester": 1
        }
    }, 
    {
        "pk": 7, 
        "model": "poll.poll", 
        "fields": {
            "studies_type": null, 
            "share_result": false, 
            "group": 4, 
            "description": "", 
            "title": "Ankieta \u0107wicze\u0144", 
            "deleted": false, 
            "author": 2, 
            "semester": 1
        }
    }, 
    {
        "pk": 8, 
        "model": "poll.poll", 
        "fields": {
            "studies_type": null, 
            "share_result": false, 
            "group": 6, 
            "description": "", 
            "title": "Ankieta \u0107wicze\u0144", 
            "deleted": false, 
            "author": 2, 
            "semester": 1
        }
    }, 
    {
        "pk": 9, 
        "model": "poll.poll", 
        "fields": {
            "studies_type": null, 
            "share_result": false, 
            "group": 7, 
            "description": "", 
            "title": "Ankieta \u0107wicze\u0144", 
            "deleted": false, 
            "author": 2, 
            "semester": 1
        }
    }, 
    {
        "pk": 10, 
        "model": "poll.poll", 
        "fields": {
            "studies_type": null, 
            "share_result": false, 
            "group": 9, 
            "description": "", 
            "title": "Ankieta \u0107wicze\u0144", 
            "deleted": false, 
            "author": 2, 
            "semester": 1
        }
    }, 
    {
        "pk": 11, 
        "model": "poll.poll", 
        "fields": {
            "studies_type": null, 
            "share_result": false, 
            "group": 11, 
            "description": "", 
            "title": "Ankieta \u0107wicze\u0144", 
            "deleted": false, 
            "author": 2, 
            "semester": 1
        }
    }, 
    {
        "pk": 12, 
        "model": "poll.poll", 
        "fields": {
            "studies_type": null, 
            "share_result": false, 
            "group": 12, 
            "description": "", 
            "title": "Ankieta \u0107wicze\u0144", 
            "deleted": false, 
            "author": 2, 
            "semester": 1
        }
    }, 
    {
        "pk": 13, 
        "model": "poll.poll", 
        "fields": {
            "studies_type": null, 
            "share_result": false, 
            "group": null, 
            "description": "", 
            "title": "Ankieta og\u00f3lna", 
            "deleted": false, 
            "author": 2, 
            "semester": 1
        }
    }
]
